신종 코로나,81
코로나 바이러스,306
바이러스 문제,5
북촌 한옥,2
한옥 마을,2
입국 금지,5
간 일,2
일 확진자,2
마을 주민,2
주민 불안,11
불안 위험,2
위험 보호,2
우한 발,4
코로나 국내,4
국내 확산,2
확산 가운데,2
버스 용시,2
안내 방송,3
바이러스 전파,14
전파 감염,2
감염 우려,31
우한 발생,2
코로나 관련,73
항공 취소,2
취소 시,2
외국인 중국인,2
부모 아이,3
수업 수업,3
수업 연기,2
데 말,2
바이러스 확산,29
학원 등,2
등 관련,2
관련 운영,2
어린이 집,6
우한 폐렴,5
폐렴 신종,3
관련 확진자,2
병원 격리,2
일 대,4
시민 불안,6
마트 쇼핑몰,5
직원 마스크,37
마스크 착용,245
착용 것,7
상대 사람,2
사람 상대,2
직원 사람,4
사람 때,9
때 불안,7
생각 마스크,2
일산 지역,2
지역 확진자,2
등 사람,8
착용 거,4
시민 안전,75
안전 의식,5
의식 부족,2
부족 겁니까,2
겁니까 시민,2
착용 권고,3
권고 조치,8
세계 코로나,8
코로나 바이러,2
비상 아파트,2
사용 데,3
명 사용,3
동 호,3
조치 부탁,60
코로나 전염병,5
기침 등,2
전파 가능,11
보건 당국,2
시민 불안감,3
불안감 해소,2
도시 공사,2
발 병시,3
거 생각,20
초등 학교,55
등교 금지,4
바이러스 감염,19
감염 방지,8
검토 부탁,3
최근 신종,2
바이러스 국민,4
국민 안전,19
위기 상황,9
년 월,39
월 일,190
일 오전,4
오전 시,17
공항 입국,5
우한 코로나,4
바이러스 보균자,3
일 년,2
년 동안,4
해당 행사,2
행사 참석,3
바이러스 확진자,12
확진자 발생,55
행사 진행,8
요양 병원,6
바이러스 때문,14
때문 위생,2
위생 신경,8
위생 걱정,2
시정 수,5
수 조치,24
다음 달,4
중고 체육,2
체육 대회,2
당장 다음,6
프로 대회,2
잠정 연기,2
연기 것,6
것 책임,3
조치 생각,2
생각 시기,2
운동 선수,2
부모 마음,2
조치 요청,11
바이러스 모두,3
모두 안전,3
안전 염려,2
보도 블럭,4
쓰레기 단투,2
문제 코로나,6
위생 문제,7
주민 건강,4
건강 신경,3
집 개,3
개 배설물,2
얼마 전,18
분 입구,2
쥐 걸,2
시국 중국,2
바이러스 청결,2
청결 쥐,2
조치 필요,26
위 내용,3
일 근로자,3
사업자 근로자,2
안 외부,2
근로자 보호,2
바이러스 감염증,8
유행 중,2
착용 손,7
손 소독,59
소독 권고,2
번 확진자,15
확진자 상황,11
일 저희,2
걱정 바이러스,2
노출 상황,3
서브웨이 근로자,2
근로자 마스크,4
착용 금지,3
금지 서브웨이,2
주문 때,3
특정 다수,9
불특정 다수,3
호흡기 눈,2
눈 코,2
코 입,12
전염 위험,11
위험 상황,30
위생 마스크,3
감염 예방,18
서브웨이 가맹점,2
이유 마스크,3
확진자 저희,3
저희 가게,2
저희 불안,3
감염 수,19
수 상태,2
근로자 위험,2
상황 안전,3
안전 보장,6
근로자 코로나,2
바이러스 위험,4
위험 노출,32
노출 위험,6
상황 조치,6
조치 근로자,2
것 근로자,2
신고 데,2
조치 시행,6
시행 것,2
예방 마스크,4
마스크 손소,3
손소 독제,16
것 요구,2
위험 일,6
때문 마스크,17
학교 내,10
중국 유학,2
시설 내,3
내 코로나,10
코로나 감염,109
감염 위험,52
문제 생각,8
방역 조치,8
필요 것,16
우한 교민,2
재개 발원,2
신정호 주변,2
주변 음식점,2
전염 염려,3
것 코로나,42
인적 곳,2
곳 광주,2
무시 것,5
바이러스 관련,9
가짜 뉴스,7
코로나 건강,4
중국 우한,2
발생 코로나,11
코로나 사태,137
사태 때문,9
바이러스 발생,4
발생 지역,12
하루 명,11
한국 입국,5
일 간,10
국민 불안,6
불안 대한민국,2
대한민국 안전,4
안전 전문가,4
시 분,23
보도 자료,4
호텔 관련,2
격리 조치,5
보건 건강,4
위 생과,2
심경순 주무관,2
조치 것,12
것 호텔,2
호텔 이름,4
이름 요구,2
개인 정보,11
정보 보호,5
이유 호텔,2
등 지역,5
동선 파악,5
정보 것,2
질문 답변,2
답변 위,2
답변 저,3
저 이,2
정보 전달,2
해당 내용,2
신속 처리,10
바이러스 등,3
안전 문제,14
상황 우리,2
우리 집,3
발암 물질,2
살인 행위,2
이해 수,17
수 신고,9
학생 건강,4
건강 위협,5
위협 생각,5
일 연기,4
연기 군산,2
대학교 월,2
일 개학,2
개학 학교,3
학교 등교,20
등교 문제,3
생각 학교,6
마스크 등교,3
학생 마스크,9
마스크 아이,3
아이 등교,5
등교 이후,2
학교 생활,2
마스크 이상,3
이상 마스크,5
데 방해,2
등교 시간,4
나 것,3
단체 생활,6
학교 개학,11
개학 연기,18
것 일,13
코로나 대비,6
안전 마스크,3
외출 자제,15
코로나 예방,64
예방 대책,7
대책 필요,6
예방 손,2
안전 민원,2
마라톤 대회,3
바이러스 예방,5
예방 최우선,2
예방 국가,2
국가 비상사태,3
비상사태 시점,2
주최 측,5
대회 취소,4
전국 코로나,11
코로나 상황,53
각종 행사,3
행사 취소,16
경우 신종,2
코로나 전파,44
전파 위험,17
위험 인지,3
외식 업체,2
등 조치,7
위험 초래,3
돌잔치 행사,3
코로나 위험,55
것 요청,8
바이러스 전국,5
일 코로나,24
확진자 번,3
광주 전남,9
격리 말,3
때문 국민,6
국민 세계,2
사람 코로나,24
불안 마스크,3
마스크 사람,31
사람 불안,6
관련 현수막,3
지금 때,3
때 명,3
평가 위원,2
교육 강행,2
일 생각,6
생각 수,5
납득 수,2
최근 코로나,90
바이러스 번,2
환자 대구,2
사실 확인,6
이곳 하루,2
하루 수십,3
수십 수백,2
수백 명,11
청 위생,2
위생 관리,7
다중 이용,20
이용 시설,21
등 위생,2
위생 청결,3
청결 등,2
등 때,3
때 위험,3
판단 신고,5
신고 개선,2
확진자 추세,2
확진자 수도,66
명 육박,2
시국 코로나,5
바이러스 사태,3
시합 취소,2
것 생각,32
생각 데,3
때문 난리,8
협회 전국,2
전국 행사,2
바이러스 전염,6
상황 지역,4
취소 가운데,3
코로나 비상사태,3
위기 극복,4
감염 관련,2
사진 일,2
일 비재,2
비재 신종,2
코로나 위협,3
위협 손,2
손 세정제,3
세정제 사용,2
사용 마스크,5
착용 일,4
국가 비상,3
비상 상황,4
자치 단체,4
안전 불감증,12
수 민원,4
민원 제기,25
코로나 발생,37
학교 휴교,2
근처 걸로,2
걸로 데,2
데 번,2
매장 방문,2
저희 아이,5
아이 학교,16
사립 초,2
휴교령 확대,2
생활 쓰레기,2
바이러스 조심,2
조심 때,5
취소 위약금,2
강제 진행,2
내 확진자,3
바이러스 노출,6
안하무인 태도,3
발생 것,4
업체 주의,2
게 시,4
시 글,3
피부 질환,2
관련 영상,2
바이러스 환자,2
신속 조치,4
신고 접수,3
규정 위반,2
위반 사항,12
검토 요청,3
요청 차,2
스크린 샷,3
상황 상황,3
상황 정부,4
등 가지,6
수 일,2
바이러스 방역,5
방역 사각지대,2
코로나 유행,18
유행 전,2
전 이곳,2
데 환자,2
코로나 때문,247
때문 나라,2
엘리베이터 안,2
손소 독재,2
지역 사람,8
불안 저희,2
저희 아파트,7
아파트 지하,4
지하 주차장,3
유치원 등,2
생각 이듭,3
거 부모,2
걱정 부분,3
예방 때문,3
때문 알콜,3
알콜 번,3
번 정도,4
감염 확산,37
행동 지침,2
단체 활동,7
행사 제한,2
무증상 감염,2
감염 가능,6
방역 업무,3
코로나19 위험,17
위험 속,4
명 행사,3
신문고 글,3
최근 년,3
년 사이,3
온라인 쇼핑,2
대형 마트,8
근무 사람,3
우리 나라,17
온라인 쇼핑몰,2
문 여기,3
여기 근무,2
근무 분,3
나 자신,2
앞 사람,4
영향 분,2
분 사람,2
사람 행복,2
행복 수,2
수 사람,11
차 거,2
차량 위험,2
처리 코로나,2
코로나 영향,5
비누 하나,5
코로나19 시국,11
팬 명,2
감염 경로,8
코로나 난린데,2
공연 취소,2
대구 코로나,10
코로나 번,4
코로나19 방역,44
대구 코로나19,6
규모 확산,4
때문 것,5
것 말,11
말 것,13
재난 상황,11
공무원 분,5
코로나 확진자,190
노고 감사,16
말 전,2
코로나19 것,5
왕래 지역,2
창녕군 코로나19,2
코로나19 터,3
터 안전,3
안전 확보,4
아프리카 티비,2
티비 김세화,2
김세화 코로나,2
코로나 접촉자,3
접촉자 입원,2
입원 환자,4
환자 명,9
명 대구,2
대구 의료,2
의료 원,7
원 집,3
집 내용,2
내용 확인,4
확인 방송,2
방송 송출,2
거짓 뉴스,2
확인 후,11
후 조치,8
코로나19 사망자,2
사망자 계속,2
계속 발생,2
발생 시민,2
시민 시장,120
시장 불법,3
불법 노점,5
노점 폐지,2
폐지 촉구,2
바이러스 대중,2
대중 우려,2
우려 스타쉽,2
스타쉽 일본,2
일본 팬,2
팬 팬,2
팬 사인회,4
사인회 발표,2
발표 이것,2
이것 공공,2
공공 안전,2
안전 무시,3
무시 대부분,2
대부분 회사,2
회사 바이러스,2
확산 행사,2
행사 스타쉽,2
스타쉽 복지,2
복지 돈,2
돈 우선시,2
우선시 그,2
그 불명예,2
불명예 존재,2
안전 보안관,2
안전 예방,3
예방 대비,2
끝 나,7
회 전국,2
시 일,3
일 사람,7
밀폐 공간,38
공간 코로나19,2
코로나19 확산,82
문제 수,3
확산 예방,13
예방 활동,5
구청 요청,2
확산 관련,4
관련 마스크,2
착용 의무,11
확산 방지,86
방지 도움,2
코로나19 확진자,35
확진자 기하급수,2
기하급수 증가,2
누구 하나,5
하나 코로나,4
대구 시민,14
코로나 확진,32
수 데,3
행사 참여,3
최근 코로나19,9
코로나19 여파,5
학생 명,5
전파 국가,2
다수 사람,10
사람 수,10
동 주민,11
주민 센터,20
마스크 직원,2
데 마스크,5
사회 복무,3
복무 요원,3
마스크 게,3
마스크 사용,5
사람 일,3
일 마스크,4
마스크 것,9
것 요원,3
게 말,16
코로나 전국,16
전국 확산,6
지역 코로나,33
코로나 확산,152
바이러스 국가,2
코로나 거,10
마스크 코로나,10
확진 환자,8
코로나19 상황,17
신천지 교회,6
실태 파악,3
감염 여부,7
광주 코로나,18
제 신고,7
신천지 청주,2
청주 교회,2
교회 모임,4
최근 월,2
월 초,6
대남 병원,3
이곳 코로나,10
전국 신천지,2
폐쇄 조치,7
어제 코로나,2
코로나 환자,44
환자 수,2
수 명,4
명 증가,3
증가 부산,2
부산 교통,2
교통 공사,2
공사 상부,2
상부 지시,2
지시 시험,2
시험 강행,10
강행 전국,2
전국 만,2
만 명,5
명 시험,3
시험 지역,2
지역 감염,13
박원순 서울,2
서울 시장,4
상황 만,2
조심 거,2
자진 신고,3
감염 거,2
소 외양간,9
사람 기침,2
겁니까 이게,2
사용 경우,3
코로나 감염자,19
경북 지역,3
안녕 코로나,30
문제 상황,3
상황 이상,2
코로나19 창궐,4
창궐 때,3
생각 월,2
때문 문,2
아파트 주변,5
주변 소독,2
가능 조치,3
코로나19 감염,60
유치원 교사,2
교사 마스크,2
방문 때,2
때 마스크,21
선생 마스크,2
아이 입장,2
기분 수,2
수 부탁,5
착용 수,4
수 것,21
것 현실,3
담당자 분,5
확인 코로나19,2
확산 것,6
내 위치,2
봉화 고등학교,3
고등학교 코로나,4
상황 개학,2
확산 위험,19
위험 생각,18
학생 중,7
확산 시,2
제어 수,2
고려 때,3
고등학교 개학,2
학교 측,33
학생 안전,15
일 코로나19,5
확진자 전국,2
저번 주,9
주 일요일,2
일요일 서울,2
서울 학원,2
학원 이번,2
이번 코로나,23
우려 학원,2
학원 불안,2
학원 측,4
고용 노동부,11
결석 처리,3
제 학원,2
이번 코로나19,4
확산 감염,3
공영 주차장,3
주차장 입구,3
이 차,4
차 하루,4
하루 이틀,5
주차장 영업,2
영업 방해,2
것 이,8
차 때문,4
차 코로나,3
불법주차 단속,2
저희 학교,15
방학 중,3
대전 확진자,2
학생 공부,2
생각 대전,2
학생 교직원,4
교직원 안전,2
안전 최우선,4
최우선 생각,4
행정 처리,3
바이러스 COVID19,6
COVID19 초,6
초 회,6
회 정도,7
정도 무의식,6
무의식 호흡,6
입 터,17
터 의식,5
의식 말,8
말 때,14
미세먼지 공중,5
공중 데,4
데 사람,6
사람 눈,6
눈 때문,4
때문 의식,4
의식 코,4
입 숨,4
숨 미세먼지,4
미세먼지 천배,4
크기 바이러스,3
바이러스 말,5
때 비말,5
비말 전염,6
전염 어디,3
어디 누구,6
누구 감염,6
감염 재수,6
재수 죽음,6
죽음 COVID19,6
COVID19 코로나,6
바이러스 특징,5
특징 눈,5
눈 소리,6
소리 냄새,7
냄새 사람,5
사람 말,8
마스크 말,12
말 겁니다,4
겁니다 바이러스,4
바이러스 입,11
터 입,4
입 마스크,8
말 이,3
이 카메라,3
카메라 앞,3
앞 대국민,3
대국민 백,3
백 번,3
번 말,5
말 소용,3
소용 본인,3
본인 수칙,3
수칙 사람,3
사람 것,17
것 입,3
마이크 성능,3
성능 때문,3
때문 얼마,3
얼마 의사,3
의사 전달,3
전달 마스크,3
마스크 바이러스,3
입 말,10
말 가지,2
가지 공용,2
공용 손소,2
독제 문제,2
문제 개인,4
개인 휴대,13
휴대 손,14
소독 사용,15
사용 의무,3
의무 공용,3
공용 소독,3
소독 손바닥,3
손바닥 부위,3
부위 부분,3
부분 상시,3
상시 바이러스,3
바이러스 누적,3
누적 노출,3
노출 때문,3
때문 전염원,3
전염원 개인,3
소독 담배,3
담배 값,3
값 크기,3
크기 소량,3
소량 용기,3
용기 내,3
내 소독,3
소독 알콜,5
알콜 수,3
수 사용,5
사용 대국민,3
대국민 홍보,3
홍보 기,3
기 것,5
차 바퀴,3
바퀴 립,3
립 계단,3
계단 곳,2
곳 립,3
립 사람,3
말 사람,8
사람 입,17
입 주변,5
특별 관리,3
관리 지역,2
지역 대구,2
대구 대구,2
대구 시장,2
시장 다중,2
다중 모임,2
모임 취소,2
취소 중단,2
협조 요청,3
일 예약,3
예약 돌잔치,2
돌잔치 취소,4
상황 속,15
가중 위약금,2
행사 특성,2
감염 노출,11
시민 이상,2
이상 확진,2
대한민국 국민,9
국민 코로나19,8
감염 사망,2
정부 처음,2
처음 중국,2
중국 여객선,2
여객선 항공기,2
항공기 등,2
등 예방,2
예방 대통령,2
대통령 안일,2
안일 정책,2
정책 처음,2
처음 코로나,2
코로나 지경,3
지경 이해,2
이해 화,2
안녕 저,8
고등학교 학년,5
재학 중,14
중 학생,12
학생 코로나,10
바이러스 걱정,3
병원 코로나,6
바이러스 확진,4
감염 문제,3
것 상황,6
말 저희,4
학교 때,2
사태 교육부,2
것 저희,9
수 밖,14
밖 학교,2
학교 전체,3
전체 코로나,4
코로나 그때,2
연기 거,2
자기 자식,3
생각 학생,4
사태 속,6
속 학교,3
등교 것,5
것 걱정,6
두려움 생각,2
생각 모두,2
취소 업체,2
안일 태도,3
위기 의식,4
중단 요청,2
재난 위기,2
코로나19 사태,42
사태 대구시,2
취소 연기,3
시점 행사,2
취소 수,4
마음 글,5
신호 등,3
이후 하루,2
저희 월,3
초 코로나,2
이상 코로나19,2
관련 신천지,2
잠정 휴관,2
호흡 사람,5
말 바이러스,4
입 밖,6
밖 미세먼지,2
위험 지역,7
등 방법,3
자 격리,2
격리 중,6
중 사람,2
사람 위험,10
위험 위험,2
지역 해외,2
정보 공유,4
정보 수,2
도움 것,2
코로나19 나라,2
안내문 부착,2
처리 것,2
코로나 가지,4
처리 부탁,36
신천지 코로나,7
코로나 양성,5
공간 시설,2
대구경북 지역,2
주말 이용,2
이용 사람,8
사람 방문,5
발생 위험,9
도움 요청,6
필요 생각,24
생각 신고,15
공개 요청,5
요청 코로나,7
위 신고,2
신고 지역,2
지역 서암,2
서암 초등,2
학교 진입로,3
곳 제,2
등교 길,9
차량 속도,3
속도 곳,2
스쿨 존,11
가로등 하나,2
과속 방지,3
방지 턱,3
사고 발생,10
생각 코로나19,2
코로나19 조치,3
삼 일,6
안전 게,4
게 거,7
위험 거,5
천배 크기,3
말 의식,3
주말 가족,4
저희 가족,7
식사 중,2
옆 테이블,2
종업원 손,2
요즘 코로나,8
코로나 식당,3
식당 손,2
손 문,2
문 상황,3
음식물 사용,2
영업 정지,10
행정 처분,11
시 방송,2
터 말,3
때 치읓,2
치읓 발음,2
발음 티읕,2
티읕 파열음,2
파열음 때,2
때 침방울,2
침방울 비말,5
비말 입,2
밖 토출,2
토출 말,2
사람 터,3
터 미터,2
미터 정도,3
정도 수십,2
수십 미터,3
미터 수,2
수 수,7
수 에어로졸,2
에어로졸 형태,2
형태 공중,2
공중 재수,2
재수 주변,2
주변 사람,9
사람 호흡,2
호흡 기관,4
기관 폐로,2
폐로 점막,2
점막 이때,2
이때 수초,2
수초 이내,2
이내 감염,2
감염 것,5
것 기,2
것 본인,7
본인 죽음,2
바이러스 호흡,3
호흡 인식,2
인식 것,4
것 뜻,2
뜻 뭡니까,2
뭡니까 서울,2
시장 박원순,2
박원순 입,2
말 입,5
비말 본인,2
본인 바이러스,2
바이러스 토출,2
토출 문제,2
문제 때문,2
마스크 입,5
말 신종,2
밖 것,4
것 미세먼지,2
크기 공기,3
공기 중,9
중 바이러스,2
입 발언,2
발언 마이크,2
것 방역,2
방역 시,2
시 차,2
계단 바닥,3
바닥 곳,2
사람 손바닥,2
손바닥 말,2
주변 차바퀴,2
차바퀴 건물,2
건물 벽,3
벽 말,2
입 입,2
입 손바닥,2
손바닥 질병,2
질병 관리,2
관리 포인트,2
포인트 사람,2
마스크 손바닥,4
손바닥 개인,5
소독 지참,2
지참 수칙,2
수칙 경제,2
경제 소비,5
소비 활동,5
활동 해결,2
해결 이해,2
이해 실천,2
실천 말,2
말 마스크,5
마스크 손,3
소독 이제,2
이제 이해,2
이해 입,2
사용 실천,2
실천 실천,2
실천 무방비,2
무방비 사람,2
사람 무의식,2
무의식 현행,2
현행 살인범,2
살인범 바,2
바 때문,2
거주 중,4
중 고등학교,3
학년 친구,2
기숙사 생활,2
바이러스 사람,2
소독 제도,3
아파트 동,7
동 사람,3
방역 소독,12
시청 구청,2
구청 직원,7
상황 일,5
일 근무,2
안전 생각,6
생각 내,2
국민 모두,7
모두 불안,5
불안 코로나19,4
사태 끝,7
바이러스 업무,2
불철주야 코로나19,2
코로나19 관련,28
고생 분,6
분 감사,8
감사 인사,7
인천 미추홀,2
미추홀 구,2
나라 코로나,9
코로나 때,8
작년 월,3
월 말,15
말 코로나,8
코로나 세계,12
주의 시기,2
허위 사실,2
사실 유포,2
아파트 코로나,3
확진자 확진자,2
사람 건지,2
지역 정보,3
정보 교류,2
생각 글,5
이상 지역,2
지역 사회,31
건 생각,4
코로나19 대응,7
대구 경북,3
접촉자 자가격리,2
자가격리 데,2
부안 군청,2
안전 문자,7
누구 말,2
수 해당,4
관청 답변,2
답변 요구,2
운영 중,22
중 코로나,13
소독 위생,2
학교 관리자,2
방과 후,3
주 금요일,3
제품 설명,2
제품 사람,2
사람 손,7
손 뭍,2
뭍 코,2
감염 사람,2
판매 행위,2
곳 일,4
일 게,4
게 이,3
병원 코로나19,4
남녀노소 불문,2
국민 예방수칙,2
것 시기,2
시기 생각,2
노인 분,2
분 마스크,17
코로나19 전국,3
확진자 명,21
콘서트 코로나,2
바이러스 감염자,2
소리 때문,4
비말 감염,4
롯데 백화점,2
백화점 영등포,2
영등포 점,2
진행 점,2
폐쇄 방역,2
전 일,2
위생 안전,4
안전 걱정,7
걱정 상황,2
학원 원,3
원 원,2
수업 진행,26
코로나19 불안,7
때 방역,3
정부 방역,4
소독 국민,2
국민 사람,7
병원 병원,2
정부 코로나,9
코로나 심각,2
심각 단계,2
체온 체크,9
신천지 신도,2
누구 접촉,2
잘못 판단,2
심각 격상,2
교회 집회,3
폐쇄 것,5
위험 불안,2
불안 가운데,2
사업체 조사,2
조사 진행,2
진행 게,4
코로나 기승,2
중 시국,2
밀집 시설,4
진행 중,23
백화점 오픈,2
코로나19 사람,5
사람 장소,2
집회 모임,8
모임 등,3
위험 것,16
대구 신천지,2
법 조치,3
교단 측,2
백 명,9
명 코로나19,5
모임 행사,5
상황 명,2
명 곳,2
중지 것,2
시일 내,16
확진자 곳,2
곳 폐쇄,4
주민 센타,3
폐쇄 건가요,2
코로나 학교,11
임시 휴업,3
지시 사항,2
실제 수업,3
대구 광역시,3
광역시 코로나19,2
명 확진자,6
확진자 시점,3
것 때,2
중단 게,2
가지 것,2
건설 현장,9
외국인 노동자,3
노동자 중국인,2
감염 취약,8
관리 감독,11
대구 시내,5
코로나19 대유행,2
코로나19 확진,7
코로나19 진정,3
진정 후,2
명단 확보,4
것 확진자,2
온천 교회,2
여부 검사,4
검사 코로나,4
신천지 관련,3
시설 봉쇄,4
부산 코로나,3
확진자 급증,10
마스크 수,5
수 가격,2
만 원,38
수 시기,3
시기 마스크,4
국민 시기,4
국민 마스크,5
마스크 공급,2
코로나 것,15
것 예상,5
행사장 코로나,2
위험 교회,3
교회 건물,2
건물 층,13
천 명,8
명 공연,3
참석 코로나19,3
코로나19 바이러스,35
시기 위험,3
위험 판단,2
안일 대처,4
공연 중단,2
중단 것,2
구청 민원,6
수 방법,2
안전신문고 민원,4
출입 금지,16
금지 걸로,3
걸로 달,2
성인 오락실,2
이보호 구역,3
앞 아파트,3
공원 앞,3
사건 대처,2
코로나 사건,2
대처 부탁,2
어린이 안전,4
안전 부탁,2
바이러스 눈,4
상태 마스크,4
마스크 미착용,94
의식 마스크,2
직원 분,4
분 코로나19,3
검사 중,3
상태 직원,3
직원 근무,3
근무 중,8
차후 코로나19,2
코로나19 때문,42
때문 학교,6
확진자 학교,2
학교 출입,3
노원 보건소,2
보건소 코로나,2
코로나 검사,46
검사 진행,6
진행 부분,3
코로나 감기,5
사람 간,6
아침 출근,4
출근 시간,5
시간 때,5
때 시간,2
미착용 상태,15
상태 사람,2
관련 위험,3
위험 요인,5
생각 처리,5
시민 코로나,8
코로나 공포,4
전화 코로나,2
코로나 증상,5
지방 코로나,2
만약 코로나,8
코로나 집,13
집 가족,9
가족 지인,2
밖 코로나,3
때문 학원,4
학원 곳,2
생각 것,8
것 소독,2
소독 것,4
바이러스 것,2
옆 건물,3
생각 학원,2
학원 학원,5
학원 수,3
수 부모,2
부모 학원,2
학원 문,2
저 학생,2
사태 등,2
코로나 분,3
분 고생,3
고생 줄,2
줄 압,5
것 국가,2
국가 안전,2
안전 수칙,49
수칙 코로나,5
코로나 안전,41
중요 코로나,3
생강차 배숙,2
인근 지역,4
환자 발생,15
소독 방역,6
방역 실시,3
안녕 인천,2
학생 코로나19,5
신천지 교단,2
저희 동네,4
것 이상,3
이상 것,3
기회 것,2
코로나 전염성,2
시국 사람,2
사람 전통,2
전통 시장,3
공간 안,2
중 장사,2
장사 데,2
가게 앞,7
요즘 시국,3
요즈음 코로나,2
바이러스 때,2
화장실 비누,6
공사 현장,14
때문 아이,6
아이 집,3
때문 조치,5
감염 사태,6
친구 명,2
일 전,8
금일 월,2
취소 요청,2
장 만,2
전화 연결,3
시 발생,2
원 환불,2
주 후,3
수 문자,4
후 취소,2
현금 계좌,2
점검 부탁,7
국가 사람,2
사람 한국,2
대구시 코로나19,2
주민 안전,13
것 주민,3
주민 불편,4
코로나 가짜,3
뉴스 유포,3
자가격리 상태,2
상태 코로나,3
바이러스 의심,2
의심 환자,7
기간 내,2
지역 방역,3
코로나 불철주야,3
코로나19 시기,7
운동장 쇠,2
의정부 시,3
쇠 것,2
것 코로나19,14
코로나19 예방,32
신고 것,8
바이러스 시정,2
시정 조치,15
고생 것,2
코로나 터,2
대구 지역,6
무료 급식,2
수 공간,6
거기 사람,2
생각 안전신문고,3
안전신문고 신고,6
신고 최근,3
바이러스 생각,2
공중 화장실,4
회사 코로나,3
확진자 버스,3
버스 기사,15
식당 식사,3
버스 회사,5
때문 거,5
거 데,2
데 시민,2
시민 이용,5
후 불안감,2
강남 구청,2
음식점 위생,3
신경 것,4
단속 것,6
방지 지양,2
지양 산내,2
산내 베드,2
베드 민,2
민 장,2
장 족구,3
족구 장,8
장 출입,3
출입 통제,8
통제 요청,2
족 구장,3
구장 택시,2
택시 기사,10
기사 분,3
분 음식,2
음식 술,3
술 운동,2
운동 코로나,6
주변 건물,2
건물 주차,2
주차 불편,3
불편 코로나,11
노출 수,10
수 코로나,13
끝 날,7
날 때,7
때 폐쇄,4
폐쇄 요청,6
코로나 자영업,2
자영업 자분,3
전국 확진자,2
공무원 안전,2
보장 생각,2
때 소음,3
정신 피해,4
종일 집,3
집 상황,2
힘 이듭,5
확인 조치,10
여부 확인,4
확인 부탁,18
코로나 곳,3
때문 수고,2
코로나 단체,6
단체 운동,5
코로나 단계,5
코로나 취소,2
것 부당,2
방지 차원,3
자제 시점,2
행위 것,2
신고 코로나,16
발생 때문,2
학교 학원,3
연기 수,3
수 건지,2
건지 코로나,2
중국 터,2
중국 출입국,2
무엇 때문,2
국가 국민,2
요즘 코로나19,6
버스 코로나19,2
위 첨부,2
첨부 사진,13
김해시 코로나19,2
주차 수,2
관련 가짜,2
뉴스 신고,2
확진자 증가,9
증가 추세,15
어려움 것,3
해체 작업,2
작업 업체,2
이상 경우,2
확인 필요,6
불안 시민,2
부천 지역,3
지역 코로나19,11
지역 밀폐,2
공간 다수,4
다수 원생,2
원생 수업,2
수업 월,3
일 시험,5
시험 준비,5
준비 보건,2
보건 복지,2
복지 고용,2
노동부 교육청,2
교육청 관리,2
관리 시험,2
시험 자격,2
자격 시간,2
시간 와중,2
와중 코로나19,2
사태 교육청,2
교육청 원,2
원 권고,2
권고 저희,2
저희 행정,2
행정 이원화,2
이원화 보건복지부,2
보건복지부 경북,2
경북 대구,2
지역 이외,2
이외 지역,2
지역 이론,2
이론 수업,2
수업 프로,2
프로 시간,2
시간 인정,2
인정 고용,2
노동부 원,2
원 인정,2
코로나선 진료소,3
확진자 둘,2
일 일,35
다음 시험,2
시험 월,2
시험 접수,4
것 시험,3
제 친구,2
명 월,2
시험 예정,2
코로나 이번,2
영업 가게,3
신천지 교인,11
한국 코로나19,2
코로나19 외출,2
코로나19 노출,5
바이러스 피해,2
피해 것,9
코로나19 등,4
환경 속,2
코로나 노인,2
취약 노인,7
시간 차,3
코로나19 위기,3
격상 시점,2
강행 건,2
건 국민,2
안전 위협,79
코로나 사람,12
컨벤션 센터,2
마스크 대란,3
오후 시,26
시간 시간,5
전국 코로나19,7
규모 집회,6
집회 행사,2
행사 등,5
등 실시,2
입주 예정자,2
방문 것,4
것 불,2
측 코로나19,3
코로나19 대비,3
확산 걱정,7
위험 기간,2
참석 수,2
수 참석,2
코로나19 국민,14
마스크 폭리,3
코로나19 이때,3
이때 마스크,2
폭리 판매,2
관계자 코로나,2
때문 불안,11
조심 수고,4
수고 부탁,4
이용 코로나,10
코로나 비상,5
확산 우려,26
코로나 신천지,2
관련 환자,2
때문 걱정,2
인천 시민,3
인천 코로나,4
확진자 이상,2
광역 시청,5
시청 홈페이지,2
작성 거,3
영재 오,2
기관 코로나,2
발생 시기,2
시기 월,3
스타 그램,7
코로나 전염,24
위험 걱정,2
집단 간염,4
때문 불철주야,3
불철주야 고생,7
코로나19 고통,2
중 신천지,3
코로나 텐데,8
해당 사진,4
코로나19 발생,19
중 코로나19,7
코로나 일,6
주행 중,2
소음 때문,3
다음 주,9
데 시국,4
시국 시국,7
시국 만큼,5
만큼 코로나,2
청결 위생,3
센터 직원,3
직원 코로나,8
운영 거,3
건가요 확진자,2
발생 날,2
일 정도,3
정도 방역,3
방역 게,2
코로나 땜,18
땜 고생,2
거 신고,9
명 명,18
안 마스크,9
마스크 배부,3
명 이상,33
이상 인원,2
코로나19 고생,15
참여 사람,2
그분 코로나,2
민원 신고,6
현장 입장,3
입장 전,4
체온 검사,5
검사 건,2
뒤 사람,3
사람 사용,13
시설 것,2
것 거,3
신고 조치,4
시기 시,2
관리 운동,3
운동 센터,4
코로나 해제,3
해제 때,3
때 잠정,2
잠정 중지,2
중지 요청,8
요청 관련,2
관련 교육,2
교육 원,7
원 평생,2
평생 교육,10
교육 흥원,10
흥원 지침,2
지침 데,2
데 평생,2
흥원 교육부,2
교육부 지침,7
지침 이유,2
이유 방법,2
방법 동원,2
동원 진행,2
진행 권,2
권 누구,2
누구 위험,2
상황 감지,2
감지 사태,2
흥원 홈페이지,2
홈페이지 기관,2
기관 방문,4
방문 자제,3
자제 공고문,2
공고문 월,2
월 일자,5
일자 온라인,2
온라인 처리,2
처리 전화,2
연결 대체,2
대체 글,2
글 자제,2
자제 기관,2
방문 지양,2
지양 안내문,2
안내문 재난,2
재난 문자,10
문자 연일,2
연일 상황,2
상황 평생,2
흥원 실습,2
실습 과목,3
과목 진행,2
진행 독려,2
독려 현장,2
입장 유감,2
유감 말씀,2
처리 수,3
건물 확진자,2
조치 건물,2
앞 건물,3
건물 공사,3
가례 침,2
안전 보건,4
인근 거주,2
거주 코로나,4
사태 아이,3
일요일 오전,2
조기 축구,6
사용 중,6
중 국가,2
거 수,2
수 답변,2
수 교회,2
교회 사람,4
안녕 코로나19,12
공무원 여러분,9
교인 의심,2
분 방역,2
방역 활동,3
사진 분,2
년 전,6
전 월,2
일 이전,2
수 차례,3
수 상황,14
상황 때문,2
조사 필요,3
생각 제보,3
생각 국가,2
지역 안전,2
안전 불철주야,3
불철주야 수고,7
수고 공무원,3
분 수고,2
수고 감사,7
중 제,2
사실 인지,3
운영 불법,2
불법 운영,2
확인 이,2
이 신고,2
코로나 질병,7
조심 시기,8
확진자 이동,2
이동 경로,3
것 추정,3
바이러스 거,2
부산 기장군,2
코로나19 역,2
감염 차단,2
때문 시민,2
코로나19 땜,3
저희 부모,2
동 거주,2
인 개,3
명 코로나,13
마스크 배분,2
게 이해,6
개 마스크,2
코로나19 공무원,2
코로나19 주민,2
주민 학생,2
학생 불안,3
불안 상황,6
문자 코로나,5
코로나 수,6
아산 천안,2
출근 직원,3
저 사람,2
확산 지역상,4
지역상 자체,4
자체 존립,4
존립 위기,4
방역 대책,10
대책 본부,4
내용 안전,2
수칙 등,3
청정 지역,16
사람 거,2
때문 시국,6
내요 코로나,2
때문 시기,9
코로나19 감염증,4
감염증 사태,2
명 발생,5
다중 시설,3
시설 이용,14
지침 상황,4
상황 주민,2
설 명회,2
연기 요청,5
주 민설,2
민설 명회,2
예정 진행,2
진행 것,14
것 시청,2
안전 건강,5
이 주,2
사람 행사,2
행사 코로나,6
종식 후,4
후 진행,2
수 사업,2
결정 수,2
수 글,2
글 감사,3
코로나 조심,49
감삼동 번지,2
번지 배종열,2
배종열 배,2
배 진황,3
적치 물,10
도로 점유,2
물 적치,2
주차 데,2
과태료 부과,10
국민 코로나,13
코로나 어려움,2
어려움 대한민국,2
호객 행위,4
행위 코로나,6
행위 게,2
전 신고,3
순찰 게,2
교회 예배,21
예배 참석,8
중 명,8
일 발생,2
발생 후,4
단계 격상,4
격상 상황,2
구청 건축,2
건축 허가,3
과 신고,2
신고 말씀,2
말씀 코로나,4
코로나 시기,30
차 차,3
신고 확인,3
사람 사람,14
사람 마스크,21
코로나 아이,11
아이 평일,2
안전 교육,2
교육 실시,6
실시 것,2
교육 코로나,3
코로나 집단,16
집단 감염,57
제주 지역,2
감염자 발생,6
발생 비상,2
집단 교육,4
사태 진정,6
민원 신청,4
예방 집회,2
여행 자제,2
여성 문화,2
교육 것,5
사태 이후,2
집회 금지,4
금지 상황,5
집합 교육,9
교육 진행,3
건 위험,5
처사 생각,2
사태 수고,2
시도 코로나19,2
코로나19 감염자,10
감염자 감염원,2
대전 시,3
코로나19 텐데,3
건강 유의,4
가운데 마스크,3
호소 사람,3
코로나19 때,5
부당 생각,2
국적 소지자,2
입국 시,3
시 시간,3
지정 장소,2
일 이내,2
이내 입국,2
지정 호텔,2
일 격리,3
대처 생각,3
발생 사람,2
공부 사람,2
공부 장소,2
월 중,2
것 순식간,2
코로나 불안,17
방역 필요,4
정부 월,2
상공 긴급,2
자금 조,2
조 원,2
원 추가,3
최대 규모,3
올인 아웃,2
아웃 법안,2
조류 독감,4
독감 예방,2
년 도,3
년 번,4
온라인 판매,2
코로나 문,4
싯 점,2
코로나 영업,2
코로나 확인,2
사태 사회,4
사회 거리,217
거리 두기,234
두기 운동,6
집 코로나,4
나라 전체,5
전체 사회,2
개선 점,2
문구 국민,3
유동 인구,8
생각 아이,2
걱정 사람,2
불안 마음,6
이유 불법,2
불법 현수막,2
때문 텐데,4
조심 건강,3
방지 덮개,2
운행 차량,2
바이러스 창궐,5
경제 활동,3
중국 발,4
발 입국,3
이 번,2
입국 차단,2
국민 안위,2
생각 우리,2
불법 적치,5
코로나19 집,3
주민 주차,2
코로나19 조심,6
경찰관 코로나,2
공공 기관,16
접촉 최소,5
서울시 교육청,2
교육청 방침,2
생명 위협,6
일 진행,5
엘 리베이트,2
코로나19 업무,4
업무 수고,2
것 고민,3
게 것,3
것 글,4
바이러스 학교,2
건 거,6
수 생각,28
사태 위험,3
위험 곳,11
일상 생활,8
년 간,4
사용 사람,7
사람 바이러스,2
사용 방법,2
코로나 산,2
상황 신고,2
보건복지부 미세먼지,2
미세먼지 행동수칙,2
행동수칙 신종,2
바이러스 행동수칙,2
행동수칙 번복,2
번복 이,2
이 바이러스,3
바이러스 몰상식,2
몰상식 극치,2
극치 동시,2
동시 말,2
말 보건,2
보건 예방,2
예방 행동수칙,2
행동수칙 권고,2
권고 문구,2
국민 혼란,2
혼란 이,2
이 마스크,3
정작 본인,2
것 인지,3
게 현실,2
이상 수,2
수 안전,3
외출 시,3
시 마스크,11
초 이상,3
이상 비누,2
사용 것,3
전염 무방비,2
무방비 노출,3
표현 수,2
집 밖,3
거리 때,2
입 채,3
사람 코,3
버스 지하철,2
지하철 택시,2
택시 거리,2
거리 사무실,2
사무실 회의실,2
회의실 식당,2
식당 백화점,2
백화점 서점,2
서점 경제,2
활동 일상생활,2
일상생활 곳,2
곳 초,2
본인 마스크,3
착용 시,2
식사 후,3
등 마스크,3
마스크 때문,2
곳 손,3
손 것,2
사용 수,9
수 때문,4
예방 국민,3
착용 말,3
말 손,4
국민 행동,2
행동 강령,2
차단 수,3
번 말씀,2
무증상 사람,2
터 분출,2
코로나 문제,18
문제 사람,4
사람 힘,2
어려움 해결,2
해결 노력,2
시기 사람,2
요즘 시기,4
홍보 코로나,3
쓰레기 음식물,2
음식물 냄새,2
상가 앞,2
남 집,3
이야기 광주,2
광주 광역시,16
년 차,2
시험 연기,2
문 전화,3
전화 것,3
것 것,12
것 이해,12
문제 번,2
창녕군 공직자,2
정보 공개,10
공개 청구,5
중국 코로나19,2
코로나 공무원,2
수 배려,2
배려 것,2
상 점명,2
점명 에드,2
판매 상품,3
행위 생각,3
신고 상,2
코로나 시국,52
시간 진행,3
이건 거,4
다음 날,10
휠 교체,2
교체 타이어,2
타이어 교체,2
모두 코로나,6
모임 자제,12
시기 집단,3
불안 걱정,3
노점상 장사,2
횡단 보도,22
통행 방해,4
주정차 금지,9
금지 구역,3
구역 주차,3
교통 방해,2
여기 단속,3
아침 저녁,15
거 단속,2
인력 부족,2
재난 해시,2
해시 마다,2
마다 이번,2
사태 전주시,2
전주시 성주군,2
성주군 등,2
등 과로,2
과로 공무원,2
공무원 최소한,2
최소한 휴게,2
휴게 시간,2
시간 수면,2
수면 시간,2
시간 강제,2
강제 부여,4
부여 일,3
일 되풀이,2
되풀이 비상시,2
비상시 업무,2
업무 복수,2
복수 지정,2
지정 순환,2
순환 식,2
식 강제,2
부여 사람,2
사람 특정,2
특정 시스템,2
시스템 인사,2
인사 혁신,2
혁신 처,2
처 행정,2
행정 전부,5
전부 규정,2
규정 지자체,2
지자체 탓,2
탓 겁니까,2
사람 곳,11
화원 일,2
일 장,7
화원 시장,3
시장 안,22
불안 수,5
장날 사람,2
사람 쪽,2
시장 쪽,3
쪽 코로나,5
확산 불안,3
불안 시기,6
장 것,2
주변 주민,4
주민 생각,2
생각 생각,3
잠식 때,2
때 화,2
화 원장,2
코로나 폐쇄,5
명 초과,2
우리 지역,4
지역 계속,3
서로 안전,2
타인 배려,2
코로나19 개인,3
개인 수,2
노력 의무,2
공사 소리,3
스트레스 코로나,4
공사 중단,5
주 토요일,2
토요일 오전,2
시 공사,3
공사 시작,3
코로나19 마스크,8
마스크 구입,2
기대 효과,2
효과 코로나19,4
사용 위생,2
위생 국민,2
생활 경제,2
코로나19 퇴치,2
신경 감사,2
문성 병원,2
코로나19 환자,7
다수 발생,2
상황 수고,3
병원 환자,4
전원 코로나19,4
명 이동,2
확산 건가요,2
확진자 관리,2
컵 코로나,2
긴급 상황,2
말 코로나19,2
원장 코로나,3
코로나 번지,3
데 월,3
일 날,14
사람 정도,2
정도 생각,2
것 건,2
건 신경,2
제주 여행,6
여행 코로나,2
코로나 여행,3
하루 수천,2
제주 코로나,2
코로나 치료,3
치료 수,3
수 병원,2
제주 도민,3
하나 게,2
중 마스크,3
전 첨부,2
관리 소,3
소 코로나,2
것 근거,2
단속 음주운전,2
확진자 주,2
방역 후,2
범서 점,2
내 코로나19,3
발생 책임,2
관리 것,9
때문 정신,2
코로나 이상,3
이상 시민,3
시민 충격,2
다음 사람,2
코로나19 수고,7
정부 대구,2
난리 이게,2
이게 뭔가요,3
현제 코로나,2
파이 러스,2
시장 건,2
건 듯,2
시민 걱정,2
주 정도,4
시장 주민,2
꺼 생각,4
생각 코로나,10
문제 대구,2
지역 일,3
저 코로나,9
코로나 방역,48
사람 노력,4
수 이,3
노력 이,3
자제 요청,5
감사 코로나,8
확산 국민,3
간 접촉,4
접촉 사회,2
신체 접촉,10
간염 우려,4
국민 건강,7
건강 안전,7
코로나 나라,3
교사 분,2
정신 심리,2
활동 수,2
집 주변,3
주변 밖,3
중랑천 남녀노소,2
인원 활동,2
여자 친구,3
유 탑,5
탑 마리나,3
마리나 호텔,3
열 감지,2
모두 이용,2
숙박 시설,5
소독 거,3
대처 것,6
시설 관리,5
관리 말,3
말 전화,2
코로나 대한민국,2
처리 신속,2
코로나 처리,6
차량 신호등,2
이용자 수,2
시간 외,4
공간 운동,2
코로나 대응,18
안전 보호,4
학생 등교,13
병원 근무,4
일 월,5
코로나 음성,2
음성 판정,18
병원 측,3
저 곤란,2
곤란 상황,3
상황 공지,2
코로나 때메,2
생각 한국,2
상황 설명,2
수 노력,2
아이 모래,2
손 수,3
수 거,8
시설 안전,3
시국 마스크,8
것 데,2
불법 좌회전,2
좌회전 차량,2
차량 일,2
일 이,5
안전봉 설치,2
공사 때,3
도로 불법,14
담당 자분,3
경제 발전,2
일본 배수,2
바이러스 상황,5
상황 위험,5
언론 플레이,2
피해 우려,3
추가 확진자,2
공무원 근무,2
일 일요일,3
자전거 도로,7
자전거 바퀴,2
도로 바닥,2
인대 손상,2
천만다행 생각,2
이용 곳,7
분 위험,2
코로나19 생각,2
정비 부탁,2
시기 시기,3
시기 만큼,3
만큼 코로나19,4
코로나19 공기,6
공기 감염,8
수 대남,2
병원 흡연실,2
흡연실 감염,2
확산 조심,4
시기 기본,2
기본 사항,2
사람 돈,3
사태 학교,5
학교 등,8
선생 학교,2
예방 차원,11
차원 마스크,2
마스크 판매,3
약국 문,3
것 시,2
시 전,5
하루 전,2
공원 내,4
것 어르신,2
활동 모습,2
코로나 집회,2
집회 자제,3
밀집 지역,8
집단 집회,5
집회 코로나,6
소음 고통,3
관련 사항,3
수 주민,3
확진자 문자,2
거 사람,3
거 기본,2
코로나19 재난,3
담당 공무원,8
여자 남자,2
리그 중단,2
축구 농구,2
등 코로나19,10
월 주,2
리그 재개,2
오늘 코로나,2
감염 사례,10
법 코로나,2
코로나 팬데,23
팬데 믹,24
해당 업체,6
때문 해당,2
업체 말,3
업체 변경,3
휴관 직원,2
은평 지역,2
병원 확진자,3
기관 오픈,2
어디 말,2
직원 출근,2
데 코로나,7
해당 기관,2
확진자 걱정,4
업무 노고,8
행정 조치,15
단체 행사,2
밀접 접촉,15
개인 위생,4
장소 마스크,3
시국 고생,6
코로나 대형,2
대형 병원,2
사진 내용,3
구매 약국,2
코로나 대부,3
대부 명함,3
명함 풍년,2
풍년 부산,2
부산 서면,2
그 코로나,5
코로나 특수,3
특수 듯,2
게 가능,2
필요 듯,5
코로나19 연일,2
줄 이곳,2
차량 안전,4
안전 시일,2
조치 감사,7
코로나19 질병,2
질병 감염,2
착용 현장,3
현장 코로나,8
확진자 지역,3
지역 거주,3
거주 주민,5
열 체크,28
바이러스 취약,2
취약 수,2
모두 노력,2
현장 출입,2
출입 불가,4
방진 마스크,3
요청 문,2
정상 이후,2
중 하나,8
분 안전,5
주변 환경,2
바이러스 마스크,2
코로나19 국가,8
힐 스테이트,3
상가 건물,2
일 입주,2
일 달,2
기간 월,2
나라 코로나19,3
사람 일등,2
종교 집회,4
코로나19 종식,13
월 달,9
사전 점검,2
입주 시기,2
국가 재난,13
수분 양자,4
이후 연기,2
안전 코로나,3
수천 명,4
등 발생,2
발생 국민,3
바이러스 대비,2
때 코로나,8
사람 검사,5
코로나19 임,2
임 휴교,2
휴교 중,2
하나 등,2
등 학교,8
등교 아이,3
아이 소수,2
소수 아이,2
아이 안전,14
위협 이,2
이 제제,2
제제 수,3
학부모 상황,2
상황 중대,2
중대 신청,2
신청 교문,2
교문 중학교,2
중학교 재학,2
교인 학부모,2
학부모 학생,5
학생 전수,2
전수 조사,5
조사 이,2
이 코로나19,5
코로나19 음성,2
판정 학교,2
학교 확인,2
확인 역학,2
역학 조사,9
조사 학생,3
학생 음성,3
판정 확인,2
확인 다음,3
다음 학교,2
학교 홈페이지,2
홈페이지 문자,2
문자 등,2
등 안전,3
안전 것,2
것 모두,4
모두 학교,2
내 신천지,2
교인 교사,2
교사 공개,2
코로나 중고,2
중고 등,4
등 학생,5
학생 방,2
방 노래방,2
노래방 당구장,2
당구장 룸,2
룸 카페,2
카페 등,3
등 유해,2
유해 환경,2
환경 교육청,2
교육청 지방,2
지방 자치,2
단체 손,2
손 듯,2
듯 당구장,2
당구장 나이,2
나이 제한,4
제한 중학생,2
중학생 포켓볼,2
포켓볼 다행,2
다행 게,2
게 담배,2
담배 담배,2
담배 청소년,2
청소년 판매,2
판매 업소,2
업소 법규,2
법규 단속,2
단속 법규,2
법규 뿐,2
뿐 단속,2
단속 청소년,2
청소년 흡연,2
흡연 편의점,2
편의점 마트,3
마트 청소년,2
청소년 담배,2
담배 판매,3
판매 곳,3
곳 부착,2
룸 룸,2
룸 허용,2
허용 탈선,2
탈선 장소,4
장소 제공,3
제공 꼴,2
꼴 나이,2
제한 탈선,2
장소 텐데,2
텐데 전주시,2
전주시 시내,2
시내 당구장,2
당구장 곳,2
곳 전주시,2
전주시 교육청,2
교육청 코로나,2
코로나 앞,2
앞 가정,2
가정 학습,2
학습 시간,2
시간 일,5
일 청소년,2
청소년 선도,2
선도 유해,2
유해 업소,2
업소 차단,2
차단 부모,2
부모 입장,3
입장 집,2
집 수,4
일 요일,2
길 이용,3
주말 아이,2
문수 궁장,2
축구 회,2
코로나 거리,15
시민 사용,2
운동장 사용,2
사용 금지,9
누 코로나,3
운동 침,2
불안 조치,3
스타 벅스,9
벅스 코로나,2
확진자 마스크,3
마스크 채,9
정상 영업,5
영업 건지,3
게 건지,3
건지 문,2
대전 코로나19,5
상황 월,2
예배 강행,9
동 대표,2
의견 묵살,2
욕 소리,2
신고 시점,2
활동 자제,4
이건 것,2
때문 고생,19
시정 부탁,2
신고 후,4
현대 아파트,2
인도 구간,2
좌측 우측,2
빗물 고임,2
시기 고생,4
코로나19 효능,2
효능 가짜,2
가짜 마스크,2
마스크 신고,2
해당 코로나,2
본인 가족,2
이곳 이용,4
홍익 병원,3
병원 쪽,2
운영 걸,2
사람 왕래,2
왕래 곳,3
천 막,2
선별 진료소,7
진료소 안전,2
병원 선별,4
가능 곳,3
곳 확인,7
확인 요청,5
상식 이해,4
이해 불가,2
전 세계,5
세계 난리,2
줌 바,2
점심 배달,2
배달 거,2
거 새벽,2
새벽 코로나,2
코로나 단속,4
확진자 방문,8
경우 수,2
시 역학,2
자가격리 조치,4
조치 사람,2
분 제,2
친구 자가격리,2
동선 사람,3
사람 명,11
확진자 경로,2
현대 백화점,3
코로나 위생,4
카운터 직원,2
직원 손님,2
손님 마스크,9
카페 코로나,6
코로나19 극복,9
우리 국민,4
고생 공무원,5
생각 민원,7
코로나 수고,6
담당자 연락,2
상황 코로나,10
복지 관,4
지역 주민,16
거기 일,3
일 직원,4
구로구 콜센터,2
층 사람,2
면 마스크,4
근무 시간,3
것 신고,5
냄새 때문,5
때문 수,5
저 코로나19,4
때문 밖,4
창문 냄새,2
정도 사람,5
일 처리,6
구청 행정,3
행정 당국,2
주 코로나,2
발생 수,5
게 사실,4
코로나 잠식,3
잠정 중단,2
강남구 청,2
압 니다,4
민원 처리,12
가족 중,2
명 일,10
일 중,2
집 저희,3
약국 약,2
약 상황,2
상황 코로나19,2
앞 마스크,3
곳 코로나,10
발 코로나,9
국내 세계,2
세계 확산,3
확산 맹위,2
맹위 제,2
바이러스 유행,4
유행 사람,2
사람 이용,9
담당 직원,2
직원 손,3
감염 걱정,7
개학 만큼,3
상황 말,2
당신 코로나,2
일 것,3
코 사람,2
방역 코로나,3
번 코로나,5
거기 코로나,3
코로나 마스크,12
수 내,2
내 곳,2
방역 수준,3
코로나19 전염,14
하루 번,9
번 이상,2
소독 신종,2
바이러스 수,4
시기 학교,2
학교 운동장,8
운동장 개방,2
학교 일,3
일 아침,2
확산 정부,2
정부 국민,6
이게 말,5
애 학교,4
학교 학교,11
전국 학교,2
체육 시설,42
시설 사용,4
관련 문자,4
문자 때,2
번 신고,5
것 쓰레기,2
쓰레기 것,2
사람 신고,4
사람 시간,3
차량 것,2
미세먼지 코로나,2
마스크 상황,5
이게 짓,4
사진 첨부,8
해결 시,2
신고 차량,2
구상권 청구,3
코로나 끝,7
상황 종료,6
종료 때,7
때 한시,2
사태 때,2
단속 부탁,6
주변 상가,4
청소년 술,2
술 담배,6
곳 사진,2
곳 단속,4
전국 비상,2
아파트 내,8
학원 운영,5
건강 생각,7
운영 곳,4
며칠 전,6
운영 코로나,9
비상 시국,3
바이러스 세균,3
세균 감염,3
시민 사람,3
사태 지역,2
사회 감염,8
이상 확진자,3
일부 몰지각,3
하루 아침,6
사회 집단,2
감염 근원지,2
근원지 수,2
수 제보,2
시흥시 정왕,2
정왕 호,2
호 올,2
올 코리아,2
무료 체험,5
장 운영,2
노인 상대,3
감염 상황,7
무방비 상태,7
노인 방문,2
적극 홍보,2
수 염려,2
염려 현실,2
관리자 마스크,2
판매 제품,3
제품 판매,3
방법 사용,2
세금 탈루,2
인원 운동,2
콜센터 코로나,2
연기 마당,3
발생 시,21
건 사항,6
낮 병동,3
문제 상태,2
관련 문제,2
지속 경우,2
길 층,2
수십 명,20
주민 걱정,2
코로나19 실내,5
자제 권고,5
코로나19 사회,25
코로나 등,12
등 건강,4
건강 조심,3
아래 내용,3
안전 신고,5
위협 요소,2
신고 내용,5
상황 찬송가,2
코로나 요즘,7
미연 방지,3
검사 필요,2
코로나 와중,2
곳 걱정,3
시장 내,22
명 사회,2
곳 듯,2
때 자제,2
수고 데,2
데 것,2
내 명,2
환자 와중,3
수영장 오픈,3
오픈 것,4
결과 초래,2
초래 수,6
인식 부족,2
두기 캠페인,6
면역력 아이,2
수 점,2
명 아이,5
아이 코로나,3
의심 증상,4
규제 수,3
환경 만약,2
문자 확인,2
확인 처벌,2
경제 위기,3
종교 단체,7
예배 모임,3
모임 단속,2
쪽 공사,2
공사 중,8
아침 시,12
시간 문제,4
현장 소음,2
저희 집,10
집 공사,4
요새 코로나,3
집 사람,3
사람 겁니다,2
동네 주민,8
공사 허가,2
급속 확산,3
규모 집단,4
집단 종교,2
종교 모임,11
집단 활동,2
활동 등,2
등 집단,3
두기 동참,3
거리 동참,2
집단 행사,3
행사 강행,2
집단 모임,8
신고 바,5
상황 주말,2
주말 교회,2
예배 종교,2
모임 진행,6
상황 사회,4
두기 모습,2
모임 중단,2
중단 권고,3
모두 코로나19,3
코로나19 활동,3
수학 학원,2
수업 강행,3
것 개,2
식 운영,5
운영 것,9
것 학년,3
학년 명,4
명 정도,15
정도 학생,2
동시 간대,2
저녁 식사,4
운영 코로나19,4
것 시간,4
문제 것,14
행안 부,2
여러분 노고,5
건강 기원,2
바 코로나,3
발생 예방,2
코로나19 세계,4
등 곳,3
구청 코로나,2
영업 거,4
하루 종일,16
처리 수고,3
남성 초등,2
침 것,5
것 초등,2
쪽 것,3
전염 걱정,5
방역 수,5
코로나 고생,113
일 주일,20
주일 번,5
때문 상황,5
사람 때문,6
때문 집단,2
감염 발생,7
경제 수,3
마스크 소독,2
비눗물 손,2
손 사람,4
명 국민,2
앞 차량,2
부탁 코로나,7
실외 활동,2
택시 등,2
임산부 등,21
대형 차량,3
인천 지역,3
부탁 번,2
여러분 감사,4
파크 골프장,5
현재 코로나19,3
입장 불가,4
코로나19 발병,3
입국 대구,2
집회 참석,3
교회 등,3
착용 운동,5
운동 것,8
필요 판단,3
야외 운동,5
제한 것,2
각종 질병,3
등 유발,2
유발 수,2
이 정부,4
정부 지자체,8
지자체 코로나19,5
적극 동참,2
식사 마스크,2
마스크 필수,5
필수 착용,3
세 이상,5
이상 노인,3
질병 예방,2
종교 행사,4
온라인 예배,3
국가 차원,3
차원 종교,2
주 전,2
확인 가능,3
이번 주,8
거리 실천,6
엘레 베,7
베 이터,7
사용 등,3
등 문제,5
영향 수,3
지도 것,3
것 지역,5
차원 버스,3
버스 정류장,6
정류장 정차,3
정차 후,3
후 자리,3
버스 내,6
내 안전사고,3
안전사고 예방,4
예방 대중교통,3
대중교통 이용,9
전파 도움,3
도움 꺼,3
전 사스,3
사스 메르스,3
메르스 나라,3
나라 극단,3
극단 버스,3
버스 손잡이,3
손잡이 손,3
손 전파,3
전파 걸,4
걸 예방,3
예방 다중,5
시설 버스,3
버스 이용,9
예방 메뉴얼,3
메뉴얼 식,3
것 손,5
손 중요,3
중요 버스,3
내 방역,3
방역 중요,4
중요 감염자,3
감염자 손잡이,3
손잡이 다면,3
다면 방역,3
방역 소용,6
소용 채택,3
채택 전파,3
전파 예방,6
예방 도움,4
코로나 건,4
지속 단속,3
일 반복,2
처분 벌금,2
코로나19 건강,2
코로나 시정,2
국민 어려움,2
시정 업무,2
정신 건강,2
차 안,2
입구 등,2
취약 계층,4
계층 대상,2
대상 책,2
정보 소외,2
방지 거리,2
두기 모임,2
시점 우리,2
우리 어린이,3
조리사 조,2
조 리원,2
처사 것,2
수 행위,3
행위 수,3
주 동안,2
동안 확진자,2
발생 그,3
이 감염,2
것 수,5
수 만큼,3
코로나 정신,4
시기 불편,2
코로나 여파,12
두기 등,14
등 노력,3
시간 가량,2
이용 주민,4
코로나19 확대,2
식사 것,6
코로나19 확인,2
산업 안전,4
보건 법,2
시간 이상,7
정기 교육,5
사업장 건설,2
단계 전환,2
대응 지침,2
교육 공간,2
공간 내,2
감염 등,2
교육 등,4
집체 교육,2
코로나 방지,5
금지 데,2
금지 현수막,4
시국 행동,2
이 민원,2
제기 코로나,2
일 저녁,6
저녁 시,11
시 시,19
시 사이,10
아파트 주민,9
관리 사무소,12
사무소 추첨,2
주민 행사,2
행사 걱정,3
걱정 관리,2
코로나 진정,4
요청 아파트,2
인천 서구,3
예산 낭비,4
공영주 차장,4
안 사람,4
사람 텐데,2
텐데 코로나,2
코로나 위기,10
저 정읍,2
공사 업체,3
우강 종합,2
종합 건설,2
안전 일력,2
고용 노동,2
잘못 부분,2
현장 소장,5
현장 반장,2
고물상 집게,2
집게 차,2
일 오후,10
목격 것,3
것 현장,5
술 등,3
일 시간,2
시간 오후,2
번 이야기,2
전화 번호,5
번호 수,2
전화 저,3
음주 측정,2
차 번,2
번 현장,2
것 감사,4
전체 문,2
코로나 학생,4
선생 본인,2
본인 선택,2
상태 위험,3
위험 상태,2
상황 지속,3
관리 필요,3
아파트 단지,9
우리 아이,8
말 생각,12
아이 위험,4
거 나라,2
방침 필요,2
문제 소지,2
월 시작,2
공사 진행,3
진동 소음,2
비산 먼지,2
등 주변,2
주민 피해,6
이 주변,2
업체 민원,2
민원 해결,8
업체 법,2
등 피해,3
피해 속출,2
피해 보상,5
웅천 지구,2
코로나19 비상,2
행정 업무,2
건설 업체,3
것 우리,3
차량 마을,2
관계자 분,9
사람 밀집,8
밀집 코로나,2
방지 방역,3
방역 국민,3
음식점 영업,3
장사 코로나,2
때문 사회,9
유치원 학원,2
안 손소,2
확인 수,6
생각 바이러스,2
아이 건강,8
건강 우려,3
때 손,5
인증 제품,3
등 소독,2
사진 제,3
산책 길,3
운동 기구,8
금지 테이프,3
여파 고생,2
감사 생각,3
조심 상황,5
애견 경매장,2
앞 주간,2
방지 노력,6
노력 중,3
것 사실,6
전국 개,6
전국 바이러스,2
코로나19 경황,2
코로나 지역,5
사회 확산,3
초 사회,2
사회 복지,5
복지 사,5
월 회,2
유선 상담,2
공식 공문,3
두기 일환,2
가능 판단,2
보험 공단,3
센터 명,2
점심 식사,3
식사 코로나,2
위험 불안감,2
일 번,5
확진자 며칠,2
현재 코로나,7
바이러스 사회,3
중 상태,3
착용 거리,3
거리 가능,3
조 차,13
다수 이용,7
상상마당 주변,2
모습 코로나19,3
시 이후,8
주변 저녁,2
달 동안,4
아이파크 시티,2
상황 수,2
수 문,2
확진자 조심,2
금지 코로나,2
접촉자 분류,2
방문 장소,2
장소 공개,2
종교 활동,10
교회 종교,3
활동 진행,2
듯 신고,2
외부 출입,13
코로나 병,2
국가 코로나19,3
종교 시설,5
활동 금지,2
금지 자제,2
요청 하루,2
예배 집단,2
나 수,2
코로나 사회,34
두기 시점,5
시점 수요일,2
주택가 교회,2
오프라인 예배,2
등 코로나,23
관련 병원균,2
병원균 전파,2
전파 우려,12
아이 마스크,3
부모 코로나,2
사람 번방,2
텔레 그램,3
살 살,2
신상 정보,2
정보 개인,2
영상 제작,2
월 년,3
이야기 코로나,2
코로나 점,2
두기 강조,2
교육 기관,2
학생 경우,5
경우 개인,2
전파 일,2
일 걱정,3
걱정 거리,2
정신 것,2
공사 것,3
코로나 계속,2
공사 학교,3
학교 것,10
것 확인,13
코로나19 공사,2
현장 안전,5
자가격리 중,10
애 집,2
고생 관계,3
중 개학,2
개학 학생,3
학생 이용,2
제 학생,2
코로나 경각심,2
명 가량,8
이용자 중,2
손 정도,2
마스크 마스크,4
착용 학생,4
교육부 장관,2
현장 제,2
듯 코로나19,3
코로나19 경각심,3
관련 내용,2
시점 마스크,2
식사 해결,2
노력 물거품,2
개학 코로나,3
코로나 종식,29
종식 생각,2
수 지도,5
게 코로나19,3
종식 게,2
코로나19 학교,6
학원 학생,2
지도 표시,2
표시 부분,2
부분 다솔,2
다솔 초등,2
학교 스쿨,2
존 개발,2
개발 예정지,4
예정지 쪽,2
쪽 횡단,3
보도 차,2
차 통행,2
통행 사고,2
사고 뻔,5
뻔 적,5
적 번,4
번 횡단,2
보도 개발,2
개발 부지,2
부지 쪽,2
쪽 차,2
차 횡단,2
보도 턱,2
턱 이용,2
이용 통행,2
통행 스쿨,2
존 신호,2
신호 대기,2
대기 중,3
중 횡단보도,2
횡단보도 차,2
차 클락,2
클락 션,4
션 개발,2
예정지 상황,2
상황 생각,5
생각 사고,3
번 민원,4
민원 요청,3
사태 분위기,2
분위기 생각,2
영어 유치원,2
개강 수업,3
전국 문제,2
문제 이때,4
전국 사람,4
사람 단속,2
광산 구청,3
퇴근 시간,4
집 시간,7
코로나 난리,5
버스 안,4
회사 측,2
측 마스크,2
마스크 미착,7
미착 용시,5
휴무 집,2
거 일,2
시청 행정,2
헬스 장,58
장 영업,2
영업 것,3
확인 코로나,2
열화상 카메라,3
분 근무,2
근무 태,2
거 천안,2
후 사람,2
사람 분,2
주말 일,2
일 거,5
코로나 저,2
저 경상남도,2
경상남도 양산시,2
양산시 명곡,2
명곡 유,2
탑 유,2
유 블레스,2
블레스 하늘,2
하늘 리,2
리 입주민,2
바닥 침,2
분 코로나,5
코로나 보균자,4
발생 전,3
전 사람,3
사람 상가,2
주민 조치,2
해당 지역,5
확진자 최근,2
최근 발생,2
장 내부,2
안전거리 유지,4
관리 불안,2
이 코로나,13
사태 발생,2
책임 수,2
상태 일,2
운동 데,6
데 수,2
사람 대중교통,2
분 거리,3
시간 생각,2
민원 생각,3
해외 유입,7
유입 코로나,2
인천 공항,8
입국 후,2
후 김포,2
김포 공항,2
발열 체크,52
대전 대학교,2
대학교 재학,5
문제 학교,2
정부 종교,2
유흥 시설,4
시설 운영,14
안전 우선,3
운영 중단,8
권고 사항,8
영업 중,13
때문 자영업,4
용산구 코로나,2
문자 안내,2
동선 안내,2
안내 참조,2
세브 란스,2
병원 종사자,2
종합 병원,2
감염병 노출,2
코로나19 전,3
장기간 동안,2
사태 세계,2
학교 종교,2
의료진 관계자,2
마스크 거,2
거 것,4
조리 사람,2
사람 위생,2
수 지역,2
지역 내,3
근접 거리,2
거리 밖,2
중학교 고등학교,2
학교 코로나,10
코로나 안정,7
안정 때,5
감기 독감,2
명 학생,5
마음 코로나,2
집 앞,13
불안 요소,2
해당 카페,2
간 코로나,3
카페 사장,2
확진 판정,2
코로나19 검사,10
진행 상황,6
담배 코로나,4
시국 거,2
코로나19 거리,6
거리 기한,2
올해 월,2
번호판 오토바이,4
신고 일,2
답변 코로나,5
유흥주 점,5
준수 사항,3
공무원 경찰,3
확인 바,4
시 대처,3
부탁 곳,2
권영진 신천지,2
코로나 시장,2
인원 마스크,5
코로나 주민,3
주민 위험,4
거 방문자,2
이게 상식,2
말 조치,3
개월 아기,2
경기장 튀김,3
곳 이용,2
등 정부,4
정부 지침,7
아래 코로나,2
발생 우려,5
우려 조치,4
활용 것,2
정부 기관,4
방 등,2
등 다중,3
시설 코로나,11
코로나 운영,2
운영 제한,2
공무원 감사,5
위생 상태,4
상태 확인,2
확인 직원,2
운동 회원,4
회원 마스크,10
마스크 코로나19,2
사태 것,2
것 안전,3
코로나 행사,4
행사 모임,4
모임 종교,2
영업 중지,7
중지 권고,2
행정 명령,9
코로나 업무,5
강의 진행,14
하루 시간,3
시간 수업,6
온라인 수업,14
진행 코로나,9
우려 학교,3
강의 코로나,2
예방 수,6
거 자제,2
평일 주말,2
코로나19 COVID19,3
COVID19 예방,2
예방 사회,6
두기 시청,2
시청 바,2
바 해당,2
해당 내부,2
내부 확인,2
확인 결과,7
결과 팀,2
팀 사람,2
사진 속,10
분 것,5
해당 업소,8
업소 코로나19,2
벚꽃 축제,2
축제 취소,2
차원 사회,2
상황 확진자,4
연기 코로나,3
주차 문제,2
아이 셋,4
운동장 분,2
저 아이,2
저희 코로나,2
학교 당장,2
코로나 전파자,3
상황 아이,2
것 집,2
분 게,2
건가요 저희,2
전파자 취급,2
밀폐 교실,2
위험 아이,3
활동 것,4
서울 시민,2
필기 시험,3
강행 것,6
준비 시험,2
시험 만큼,2
상황 전국,6
전국 각지,12
명 사람,9
분 걸로,2
인 사항,4
확인 겁니다,2
겁니다 코로나,3
코로나 무증,2
무증 상자,17
기간 동안,10
방 안,6
열 열,3
부분 안전,2
안전 우려,2
시점 코로나,2
안전 우선시,2
시험 일,3
가지 문제,2
실기 시험,4
상황 대전,3
대전 지역,7
코로나 시민,3
가운데 위치,2
위치 교회,3
금지 행정,5
믹 종료,9
종료 후,9
부루 칼라,2
노동 직업,2
건축 건설,3
방식 건축,2
설치 요청,5
코로나 경찰관,2
코로나 국가,9
정부 차원,6
방지 사회,2
처리 비용,2
것 판단,7
대전 코로나,10
확진자 동선,17
동선 공개,9
차원 민원,2
내용 답변,3
승객 수,2
수 때,3
안전 점검,4
영향 것,2
사실 그,2
차 재난,5
대비 것,2
것 중요,3
것 월,4
월 개월,2
개월 동안,3
점검 것,3
것 필요,3
안녕 여수,2
와이드 커피,2
커피 스탠드,2
초 월,2
인 스타,8
자가격리 일,2
첨부 파일,9
건 자가격리,2
건 문제,3
관광객 방문,2
방문 곳,3
곳 만큼,4
문제 거,4
코로나 격리,2
환자 분,4
국가 위기,3
상황 흡연,3
흡연 장소,3
밀집 공간,2
공간 위험,2
침 모습,2
교육 시간,2
방지 교육,2
교육 연기,3
마지막 코로나19,2
속 고생,2
이상 코로나,6
해당 민원,3
입구 도로,2
설치 건지,2
건지 이해,4
내 대형,2
콘테 이너,2
어디 신고,3
신고 여기,2
공무원 시간,2
화 나,7
나 신고,2
저 공무원,3
공무원 단속,2
장사 수,2
수 철거,3
점 개,2
두기 한창,3
한창 시점,2
시점 돈,3
돈 부동산,2
부동산 강의,2
강의 사람,2
사람 부동산,2
부동산 투기,2
투기 투자,2
투자 강의,2
강의 문제,2
문제 공간,3
공간 데,2
데 시간,2
시간 동안,12
동안 것,2
것 자체,2
자체 문제,2
최근 정부,2
공간 명,7
명 회원,3
뿐 일,2
저녁 시간,11
특성 상,3
바 옆,2
옆 사람,3
진행 문제,2
인원 제한,2
것 저녁,2
퇴근 후,5
지역 지역,2
정부 정책,2
거리 공원,2
사회 안전,3
거리 사회,3
두기 시행,11
시 반,4
반 사이,2
호 선,5
유행 시점,4
행동 것,4
안전 관련,5
관련 신고,3
노점 판매,2
시 분경,9
걸 번,3
번 것,3
인 가구,2
주차장 폐쇄,3
인근 주민,5
주차장 개방,2
사람 사회,3
거리 유지,12
자가격리 자,8
걸 걱정,3
소리 아파트,2
때문 세계,2
만 일,2
시청 관할,4
관할 구청,3
두기 중,4
업소 코로나,3
때문 영업,2
집 마당,2
코로나 창궐,4
구미 지역,2
집합 안전교육,2
교육 시설,3
위험 환경,2
안전 시설,5
온라인 대체,2
주 회,2
등 수차례,2
수차례 민원,2
업체 집합,2
중 일부,4
국유지 불법,4
불법 주차장,2
주차장 사용,3
방치 중,2
먼지 코로나,2
시기 집,2
앞 다수,2
판단 부탁,2
때문 방역,3
방역 부탁,6
헝가리 출장,2
이후 자가격리,3
선거 운동,4
운동 분,8
후보 가족,3
원분 마스크,2
마스크 턱,19
착용 필수,7
것 카페,2
사람 불편,6
바 앞,2
운동 때,3
때 홍보,3
수 권고,3
조치 수,2
수 감사,2
강제 수,2
코로나19 련,2
련 사회,2
터 파기,2
파기 공사,2
시작 일,2
일 동안,5
동안 진행,3
소음 분진,2
집 전체,2
전체 진동,2
코로나 하루,2
정신 스트레스,2
공사 집,2
신고 앞,3
앞 공사,3
사 천,2
중앙 교회,16
벌금 등,2
사회 체육,3
취소 상황,3
거 문제,2
차단 방역,3
국민 국가,2
원천 차단,2
코로나19 주말,2
고생 데,2
코로나19 문제,2
아파트 입구,4
바 댄스,3
단지 내,2
불법주차 코로나19,2
안전 운전,2
배드민턴 장,15
장 마스크,6
코로나19 비상사태,2
이 십,3
십 명,10
사람 차,2
사람 안전,3
사람 밀폐,2
밀폐 장소,2
장소 것,2
것 위험,9
방역 등,2
상황 우려,3
우려 상황,3
예방 관리,4
일자리 창출,8
창출 특허,4
길거리 흡연,3
금연 구역,3
앞 담배,2
흡연 사람,3
담배 연기,6
장소 명,2
코로나 청정,4
주 중,3
중 주말,3
잠정 운영,2
운영 수,4
도로 이동,2
책임 누구,2
누구 것,2
코로나19 모두,4
모두 시기,2
행정 복지,4
복지 센터,9
관련 자원,2
자원 봉사,4
경우 코로나,2
바이러스 경우,2
운동 수,8
수 장소,2
부분 파손,2
코로나19 자가격리,6
처벌 부탁,2
처벌 코로나,2
시민 의식,2
거 코로나,13
때문 환기,4
코로나 데,6
진행 데,3
배달 음식,3
배달 오토바이,2
미착용 등,3
코로나19 가지,3
것 사람,3
사태 빵집,2
빵집 건물,2
층 영어,2
영어 안전거리,2
유지 상태,2
상태 수업,6
수업 감시,2
감시 수업,2
수업 시간,9
시간 등,3
등 행위,2
행위 때문,2
시 검사,2
검사 바람,2
일 시,7
정문 앞,3
행단 보도,3
보도 중,2
아파트 사람,2
유모차 애기,2
애기 유모차,2
게 정상,3
앞 뒤,2
깜박이 사람,2
달 전,6
차 땜,2
차 근처,2
집 애기,2
내 어린이집,2
코로나 차,7
사람 애기,2
정부 애,2
나이 어르신,2
사람 땜,2
운전 사람,3
공원 주말,2
공간 정도,2
코로나 의심,11
법체 류자,2
밀집 곳,3
개인 레슨,4
때 사회,2
거리 기간,2
상가 층,3
뿐 코로나,2
위험 시기,5
안전 고리,6
코로나 평소,2
텐데 수고,2
캐나다 코로나19,3
명 상황,2
엄중 처벌,3
마스크 원자재,2
원자재 필터,2
필터 수급,2
수급 기사,2
입국 자가격리,2
일 자가격리,2
확인 게,3
관련 사회,2
아파트 관리,5
확산 상황,9
구청 운영,2
마스크 침,2
오산 대학,3
대학 정면,2
오 산천,3
쓰레기 투기,5
산천 곳곳,2
곳곳 모기,2
모기 유충,3
코로나19 지역,7
시민 통행,2
부탁 감사,5
병원 앞,3
모기 날벌레,2
파리 떼,2
코로나 청결,4
처음 출근,3
출근 준비,2
수업 것,3
선생 것,2
관리 책임,3
교장 교감,2
학교 행정,2
행정 실,2
실 감사,2
체육 활동,7
지도 감독,2
코로나 개인,3
눈 아웅,2
아이 코로나19,6
활동 상태,2
상태 개학,2
증상 코로나19,2
기간 일,2
자가격리 것,2
사진 장,5
것 일반,2
하대원동 안나,2
안나 집,2
집 노숙,2
노숙 주변,2
상가 오줌,2
오줌 수,2
수 동네,2
동네 공원,3
공원 완전,2
완전 노숙,2
노숙 생활,2
생활 공간,2
공간 코로나,7
땜 시기,3
코로나19 접촉,2
생각 이곳,2
사태 전,3
어린이 보호구역,10
위치 설치,2
설치 것,6
부탁 코로나19,2
경찰 청장,2
청장 전북,2
이곳 번,2
번 방문,4
방문 사람,4
시간 감시,2
감시 미행,2
사람 연락,2
사람 버스,6
버스 탑,4
것 여기,3
분 이상,4
통행 차량,3
수 차량,2
통 행량,2
눈 것,2
여기 것,2
터 보호,2
것 때문,2
범죄 집단,6
것 저,2
신고 경찰,3
경찰 신고,5
신고 번,2
휴대폰 해킹,2
해킹 것,2
일 금요일,3
사람 이상,2
관련 것,3
버스 사람,4
사람 승객,2
뒷집 사람,2
것 교회,2
교회 목사,2
사람 두려움,2
신고 사람,2
이틀 전,2
사태 영업,2
코로나 자가격리,12
아이 엄마,3
엄마 아이,2
둘레 길,6
이용 운동,2
운동 사람,11
주간 야간,2
길 가로등,2
발 차,3
방치 상태,3
보수 것,3
사람 야간,2
전국 성당,2
분 일,2
이상 집결,2
집회 신고,4
신고 진행,5
전 열,2
체크 손,10
소독 마스크,3
위험 요소,18
생각 해당,3
진행 학교,2
한국 코로나,2
위험 예방,3
가능 정부,2
노인 코로나,4
교회 코로나,8
코로나 정부,6
정부 학교,2
조치 영업,2
책임 것,5
체육관 코로나19,2
운동 운동,2
운동 건,3
상황 밀폐,2
밀폐 곳,5
곳 운동,3
거 조치,3
코로나 혼란,2
집 소음,2
소음 먼지,2
시국 사회,2
방문 판매,9
사람 여기,3
관련 코로나,5
발생 이,4
교회 조치,2
밀집 장소,4
장소 일시,2
제한 등,3
국민 사회,3
두기 실천,13
실천 중,2
중 상황,2
포항시 북구,2
코로나19 영향,2
고강 사회,5
단속 코로나,10
코로나 극복,9
극복 수,2
것 감염,2
감염 불안,2
축제 행사,3
걱정 코로나,4
배차 간격,2
코로나 주의,4
권리 코로나19,2
수 단속,3
단속 계,3
답변 감사,3
관리 소장,2
통화 내용,2
사항 시정,2
건지 주변,2
자가격리 대상자,5
사항 생각,2
인정 곳,3
수 사항,2
생각 거,2
누구 책임,2
책임 건지,2
민원 발생,4
시 방문,4
개념 것,2
생각 상황,5
번 출구,5
통행 불편,3
자영업 시민,2
물리 거리,3
우려 때문,2
제재 헬스,2
장 등,3
등 운영,4
운영 제재,2
제재 등,2
상황 종교,2
직장 동료,4
교회 것,3
것 신천지,2
신천지 사태,3
때문 조심,2
조심 시점,2
수 입장,2
입장 불안,3
강행 교회,2
코로나 환기,4
건너편 아파트,2
주민 소음,2
소음 스트레스,5
주민 스트레스,2
년 이상,2
공원 이용,4
이용 동네,2
이용 때,3
때 마다,3
개선 생각,4
화장실 사용,3
여기 공원,2
주민 이용,3
공원 코로나,3
착용 대화,5
사람 옆,2
사람 벚꽃,2
소독 손,2
입장 시,3
사고 위험,10
코로나 극성,2
코로나 진단,3
진단 검사,3
정부 방침,3
불법 노점상,19
노점상 단속,2
현장 단속,3
누구 코로나,3
태릉입구역 피트,2
피트 니스,4
니스 아레나,2
근무 안지,2
안지 웅,3
웅 세,2
세 씨,2
씨 월,3
월 일부,3
걸로 인,2
그램 월,2
마스크 운동,12
운동 사진,2
사진 사진,2
거 사회,2
시행 이후,2
확인 헬스,2
출입 대장,3
사항 거,2
국민 노력,3
피해자 신고,3
해당 프로그램,2
코로나 발병,8
피해 발생,4
발생 상황,8
상황 이,2
등 확산,3
사람 안일,2
안일 생각,2
패 쇄,2
평일 사람,2
위험 사회,3
상황 고려,3
미착용 출입,3
종사자 마스크,4
상태 대화,3
상태 근무,3
단체 코로나,3
거리 코로나,3
종식 사회,2
법 책임,2
유상운 송,5
송 행위,5
불법주차 차,2
차 주차,2
주차 단속,10
자가격리 위반,9
주 자가격리,3
조치 걸로,2
게 생각,6
생각 첨부,2
자가격리 기간,6
와우 짐,2
시간 운영,3
운영 헬스,2
장 새벽,2
지웅 씨,3
호수 공원,4
공원 주차장,2
사람 통행,4
인도 주차,2
주변 시민,128
시민 보행,14
도시 미관,14
봉동 중앙,4
교회 코로나19,2
코로나19 불철주야,3
주민 지역,2
교회 집단,2
읍장 코로나19,2
코로나19 전염병,3
전염병 확산,2
확산 날씨,2
날씨 주민,2
안전 극정,2
일 민원,2
민원 번,3
때 공사,2
부분 처리,3
요즈음 코로나19,5
여기 코로나,9
일 토요일,5
토요일 시,2
전자 검표,3
남자 분,4
사람 전자,2
반말 폭언,3
이용 시민,2
건 이해,3
분 여자,2
조치 결과,3
결과 답변,4
확산 학교,12
측 외부,12
광고 물,2
물 부착,2
공동 현관문,2
등 걱정,2
안녕 저희,2
예배 진행,2
정문 폐쇄,3
공원 시간,2
마이크 사용,2
금지 등,3
관련 수칙,2
방지 마스크,3
고생 관계자,2
분 진심,2
진심 감사,3
감만 시민,2
시민 공원,2
공원 코로나19,3
사태 이전,5
이전 사람,2
사태 종식,4
코로나 마무리,6
두기 위반,2
느 것,2
코로나19 한창,2
사람 공간,9
마스크 열,2
체크 지역,2
주민 불안감,3
학교 길,2
중 위험,2
위험 부분,2
이용 수,11
건강 관리,3
주방 근무자,2
근무자 마스크,3
발생 코로나19,2
국민 정신,2
코 관련,2
보상 국민,2
긴급 재난,2
국가 보상,2
인 만,3
마트 사람,2
확산 조장,2
감기 코로나,3
마트 앞,4
기본 안전,2
학생 교사,2
점심 시간,10
것 거리,3
코로나19 감염병,2
감염병 확산,3
클럽 운영,4
운영 운영,2
연장 시점,2
화 불안,2
운영 실태,2
불법주차 영업,2
이용 집단,2
집단 발병,2
것 우려,4
위험 시국,5
후 지붕,2
안전 대책,2
두기 밀폐,2
밀폐 시설,3
두기 문자,2
강당 채플,2
예배 코로나,4
종식 수,5
수 도움,2
위반 사실,2
관련 철저,2
파산 면책,2
소상 공인,2
센터 옆,4
길 도로,3
이곳 주민,2
만큼 주민,2
출입 곳,2
번 감사,3
방역 시기,4
시기 시민,3
인도 옆,2
가희 씨,2
귀국 후,2
후 자가격리,5
정부 확인,2
상기 장소,3
주변 공원,2
화재 발생,4
속 쓰레기,2
화재 예방,2
자가격리 지침,3
종식 것,3
해당 시설,6
시설 보안,2
분 정도,4
정부 코로나19,7
해당 격리,2
격리 대상자,3
사실 방역,2
조치 위반,2
위험 조치,4
처벌 필요,3
명 시민,2
예방 조치,10
무시 듯,2
듯 해당,2
격리 시설,3
시 방역,2
음주 단속,6
마스크 상태,5
옆 마스크,2
음주 단속기,2
상황 소독,2
짜증 나,4
나 코로나,2
출입 제한,2
사람 접촉,6
폐쇄 코로나,2
때문 집,3
고생 건,2
확산 차단,5
마트 시간,2
회의 진행,3
진행 예정,2
인원 명,4
위험 민원,2
시기 명,2
명 인원,11
안전 위험,4
인도 때,2
확인 시정,2
속 남자,2
내용 코로나,4
자가격리 무단이탈,5
무단이탈 의심,2
의심 신고,2
서울시 종로구,2
씨 터,2
집합 금지,28
밀폐 지하,4
지하 소극장,2
비말 접촉,2
시국 명,3
확진자 주거지,2
주민 말,3
관련 법률,3
기준 동선,2
부족 생각,2
전염 확신,2
세계 시기,2
시기 정부,2
코로나19 정부,3
통제 것,3
급식 실,5
때문 주민,2
세상 상황,2
방치 것,4
길 길,2
업무 텐데,2
두기 기간,7
춤 행위,3
문자 상황,2
제한 수,2
대상자 무단이탈,2
환자 병원,2
코로나 시간,8
현재 상황,2
위 행위,2
진정 때,2
관계 기관,7
기관 조치,3
것 사료,9
사무 실내,2
시간 환기,5
환기 것,2
것 권고,2
환기 시간,2
시설 사람,5
코로나 이전,7
때문 코로나,11
코로나 창문,2
폭 그림,3
그림 사진,3
사진 대구,3
시내 장소,3
장소 어디,3
어디 두류,3
두류 공원,3
공원 성당못,3
성당못 햇살,3
햇살 수요일,3
수요일 오후,3
오후 와이프,3
와이프 오랫만,3
오랫만 코로나19,3
코로나19 바람,3
바람 산책,3
산책 겸,5
겸 청소,3
청소 먹이,3
먹이 건지,3
건지 노,3
노 유유자적,3
유유자적 데,3
데 옥,3
옥 분,3
분 나이,3
나이 아무,3
아무 구명,3
구명 착용,3
착용 한편,3
한편 작업,3
작업 바램,3
위험 행동,3
아이 부모,5
부탁 수고,4
코로나 로,4
침 접촉,2
접촉 등,4
노인 복지,4
단체 데,2
단체 사람,4
이웃 주민,3
국민 마음,2
네일 샵,2
일방 계약,2
계약 지통,2
대화 내용,4
올해 코로나,2
발생 시점,2
내용 대화,2
중 것,4
본인 시간,2
수 일방,25
가능 것,5
거리 체육,2
국민 거리,2
조회 때,3
사람 인도,3
인도 차,3
대교 마트,2
주민 어린이,2
토요일 일요일,5
중 고교,2
코로나 개학,2
등하 교시,5
교시 학생,2
세 코로나,2
코로나 피해,4
밤 시,10
교회 교회,2
교회 안,2
시 입장,2
확산 사태,2
공공 자전거,3
사태 진행,2
국민 수,3
자전거 이용,3
방치 수,2
국민 조심,2
때문 어디,4
어디 집,3
소리 집,2
집 진동,2
불안 불편,5
일부 사람,2
착용 사회,3
두기 사람,3
동안 불편,2
불편 감수,4
층 내,2
두기 정책,2
저 곳,2
곳 운영,3
관계 당국,3
개선 조치,2
두기 실행,3
모임 마스크,2
주민 주요,2
업체 코로나19,2
해외 입국,4
자가격리 수칙,3
모습 코로나,2
처벌 생각,2
초 앞,2
불법 주차,3
엘리 웨이,2
학교 앞,4
앞 불법주차,2
것 문제,8
문제 듯,2
듯 코로나,4
개선 것,3
입구 주차,2
데 불편,2
차 뒤,2
쓰레기 불법,2
우범 지역,2
건지 수,2
사람 공사,2
공사 대금,2
동 앞,3
앞 도로,4
내 아이,2
규모 교회,2
교회 봉동,2
집회 실시,3
두기 코로나,2
일정 거리,2
때문 안전,2
삼 삼,4
삼 오,4
오 오,4
때문 입구,2
일 전날,3
대형 버스,3
저 마스크,2
담임 목사,2
사람 피해,6
피해 저,2
저 분노,2
만 하나,5
전염 가능,4
것 화,5
수성 초등,2
노점상 운영,2
정읍 시청,2
시청 민원,6
민원 전화,3
노점 상인,2
계도 것,2
일 명,21
민 식이,3
식이 법,3
보호구역 내,2
처벌 것,2
등 길,3
길 이곳,2
운전자 보행자,2
교통 단속,2
위험 코로나,7
감염 마스크,3
마스크 단속,2
사회 안전거리,3
착용 코로나,8
계속 코로나,2
때문 회식,3
모두 조심,4
시기 배려,2
관련 안전,7
안전 안내,3
안내 문자,3
수 사고,3
마스크 텐데,2
동네 개,2
개 새끼,2
새끼 처리,2
게 동네,2
내 처리,3
동네 사람,5
번 단속,2
무단이탈 신고,3
확산 수,13
식당 앞,3
일 회,6
막걸리 잔,2
나 사용,2
전화 확인,5
말 말,4
공사 소음,7
소음 장난,2
접촉 코로나19,3
곳 말,2
마스크 분,5
노출 곳,2
두기 국민,2
저 수원,2
수원 시민,2
보육 교사,3
교사 교육,2
명 대상,2
실내 교육,3
소독 등,5
등 방역,2
학생 학교,11
생각 국민,2
취약 것,4
교육 코로나19,3
예방 생각,3
신고 이,4
상황 인지,4
수 위험,11
현대 차,3
차 아파트,5
외국인 근로자,4
체크 코로나,6
번 사진,2
발생 곳,2
코로나19 학생,5
연명 의료,3
등록 국민,3
국민 연명,2
의료 관리,3
관리 기관,2
문의 코로나,2
거 그건,2
개인 이익,22
한림 병원,4
앞 코로나,4
운동 단체,4
거 글,2
글 코로나,3
용와 초,2
초 인조잔디,2
인조잔디 공,2
놀이 시설,2
시설 게,2
금지 명령,13
가운데 코로나,2
수 의심,2
두기 시기,2
공사 코로나,3
집 데,2
등 모두,2
자가격리 이탈,2
이탈 의심,2
증평군 삼,2
일 아파트,3
아파트 호,3
검사 결과,9
집 도착,2
분 사이,4
외출 것,2
신고자 어머니,2
제보 조치,3
모니터링 요원,2
현장 확인,3
분 시,3
시 경,3
보건소 측,3
관리 실,6
의심 인상착의,2
수 확인,2
처리 결과,7
두기 공중,2
공중 보건,5
보건 무엇,2
무엇 중요,2
중요 시기,2
시기 위생,3
위생 점검,5
점검 필요,4
필요 음료,2
음료 판매,2
판매 시설,4
시설 신고,2
감염자 근처,2
근처 기침,2
기침 제빙기,2
제빙기 음료,2
음료 제,2
제 걸까요,2
건물 코로나19,2
신호 체계,2
작동 개학,2
개학 후,2
정상 작동,2
개학 전,4
전 통학,2
통학 시간,2
때문 신거,2
신거 처리,2
외부 활동,2
정식 시합,2
코로나 완전,3
청담동 음식점,2
음식점 유지,2
유지 상공,2
상공 입니다,2
입니다 가게,2
앞 달째,2
달째 공사,2
중 소음,2
소음 방진,2
방진 먼지,2
먼지 손님,2
손님 동선,2
동선 이동,2
이동 방해,2
방해 오늘,2
오늘 포크,2
포크 레인,2
레인 가게,2
가게 차,2
차 그,2
그 막무가내,2
막무가내 행태,2
행태 정신병,2
정신병 지경,2
지경 복,2
복 포기,2
포기 최근,2
코로나 매출,3
매출 감소,3
감소 지역,2
지역 경제,5
위기 거기,2
거기 공사,2
공사 저,2
저 수,2
수 안전모,2
안전모 복장,2
복장 입,2
입 담배,2
담배 음식점,2
음식점 따윈,2
따윈 상관,2
상관 안하무인,2
태도 공사,2
공사 저들,2
저들 엄벌,2
엄벌 히,2
히 단속,2
단속 처벌,2
개 개,3
왕복 차선,2
것 주변,2
기본 생활,5
생활 보장,2
장안동 위치,2
위치 린,2
린 여성,2
여성 병원,2
예방 문제,2
문제 지역,2
우려 신고,5
신고 해당,2
해당 병원,2
병원 겉,2
겉 정문,2
폐쇄 후문,2
후문 개방,2
개방 출입,2
출입 시,2
시 발열,3
불가 면회,2
면회 금지,2
등 이,3
이 반대,2
반대 환자,2
환자 동의,2
동의 병원,2
병원 연계,2
연계 업체,2
업체 스튜디오,2
스튜디오 산후조리원,2
산후조리원 직원,2
직원 마스터키,2
마스터키 이용,2
이용 병실,2
병실 출입,4
출입 영업,2
영업 행위,4
행위 이용,2
이용 강요,2
강요 신생,2
신생 아실,2
아실 연계,2
연계 스튜디오,2
스튜디오 사진,2
사진 촬영,3
촬영 목적,2
목적 출입,2
출입 환자,4
환자 권리,2
권리 침해,2
침해 코로나,3
위험 환자,4
환자 이용자,2
이용자 노출,2
가족 걱정,2
기사 코로나,4
신고 신고,2
감염자 일지,2
코로나 밖,3
침 등,2
시국 위험,4
코인 노래방,9
낮 무인,2
무인 운영,2
방문 확인,4
주차 자리,3
수고 코로나,3
저희 의료진,2
의료진 코로나,2
코로나 의,3
의 위험,2
환자 회복,2
회복 최선,2
최선 대다수,2
대다수 의료진,2
의료진 사랑,2
사랑 가족,2
가족 친구,2
친구 주변,2
사람 해,2
해 근무,2
근무 샤워,2
샤워 퇴근,2
퇴근 누군가,2
누군가 샤워,2
샤워 도중,2
도중 동영상,2
동영상 소리,2
소리 핸드폰,2
핸드폰 본인,2
본인 몸,2
몸 얘기,2
얘기 경찰,2
경찰 출동,4
출동 핸드폰,2
핸드폰 검사,2
검사 경찰,2
경찰 소관,2
소관 샤워,2
샤워 장,3
장 주변,2
주변 범인,2
범인 수,2
수 답,2
답 병원,2
측 정확,2
정확 상황,2
상황 대처,5
대처 공지,2
공지 여성,2
여성 의료진,2
의료진 불안,2
불안 사명감,2
사명감 일,2
이 힘,2
학교 교실,2
층 호,3
분 전,3
전 시,3
밀접 코로나,2
코로나19 개학,2
사료 검토,3
직무 유기,6
불법 영업,8
것 단속,3
회장 전화,2
전화 부회장,2
때문 단체,3
단체 모임,9
카터 태화산,3
태화산 진입로,3
진입로 도로,3
도로 옹벽,3
옹벽 사다리,3
사다리 설치,3
설치 코로나19,4
코로나19 인간,3
인간 접촉,3
최소 사다리,3
사다리 직각,3
직각 옹,3
옹 벽면,3
벽면 설치,3
설치 때,3
손 이용,3
접촉 수,5
차량 주차,2
집 곳,2
곳 주차,3
추가 코로나19,2
등 위험,7
아파트 앞,3
주말 아침,4
신고 허가,4
사람 처벌,2
건물 소음,2
코로나 외출,3
시기 코로나,2
집 생활,2
생활 지금,2
금지 조치,5
코로나19 시민,2
시청 전화,3
주말 오전,4
소음 피해,3
철거 공사,2
것 침,2
생활 것,2
수변 공원,2
운동 나,2
공원 주변,5
사람 등산,2
시민 건강,3
가로등 설치,2
것 체육,2
시설 이,2
허용 것,2
조치 가능,2
조심 하루,3
코로나 주말,2
감성 주점,3
주점 사람,2
술 마스크,3
마스크 아무,4
게 필요,2
상황 금강,2
금강 주택,2
주택 월드건설,2
월드건설 단종,2
단종 행동,2
행동 노동자,2
노동자 분노,2
분노 유발,2
유발 신고,2
경우 외국인,2
확산 전,2
대처 필요,2
안전 관리,5
온라인 개학,3
학교 지원,2
날 오후,2
부전 시장,2
보림 극장,2
할매 국밥,2
국밥 집,3
집 식사,2
빈대떡 집,2
주류 판매,3
발생 마스크,2
마스크 식당,3
식당 마스크,2
자 치료,2
식당 감염,2
데 청사,2
어린이집 아동,3
사각 지대,2
등교 위험,2
위험 번,2
학교 근처,2
길 위험,4
코로나 안내,3
매장 안,3
업무 매진,2
코로나 경제,4
일 분,8
주변 거주자,5
빌딩 층,6
명 공간,4
판매 업체,13
상품 판매,2
행위 코로나19,3
필요 곳,2
일요일 코로나,2
코로나 병원,3
병원 군데,2
군데 결국,2
결국 번,2
번 병원,2
병원 고대,2
고대 구로,2
구로 병원,2
진료소 응급실,2
응급실 바늘,2
휘트 니스,5
실내 체육,5
착용 권장,2
확진자 수,10
수 발생,2
카드 키,2
기관 코로나19,3
방역 수칙,60
수칙 위반,27
위반 사례,2
시 코로나19,4
관내 어린이집,2
어린이집 아이,2
아이 학부모,3
학부모 코로나,2
조심 이때,2
긴급 보육,2
코 나,2
것 시민,4
곳 생각,2
코로나 지속,2
씨 코로나,2
경찰 조사,2
과학 대학교,6
대학교 강의,2
강의 시작,4
구간 구간,2
거 여기,5
주차 거,2
계도 조치,2
때문 달,2
수십 번,5
때문 공무원,4
년 만,2
학생 수업,3
검사 후,6
것 자가격리,3
세계 사람,3
대책 마련,6
사회 활동,2
과반수 이상,2
오프라인 개강,2
것 학생,9
학생 의견,7
대학교 학교,4
것 세계,2
학생 집단,2
종식 때,7
오늘 수고,2
등 교전,2
중단 상태,2
건물 전체,3
흡연 구역,2
사람 흡연,3
기관 여러분,3
차 과학,4
사이버 강의,11
강의 실시,8
실시 예정,2
학기 사이버,5
등교 학생,4
학생 식사,4
폐쇄 학생,2
이 학교,2
수 차,2
운영 학생,2
출퇴근 시간,3
확진자 본인,2
무증상 확진자,2
감염 학교,3
학생 뿐,2
뿐 인근,2
위험 수,6
수 학교,4
공간 폐쇄,3
감염 확률,2
본인 코로나,4
확진자 접촉자,2
무증상 감염자,9
개강 강행,2
학기 전체,4
신규 확진자,4
학교 학기,3
국가 사회,2
일 강의,2
이 학생,4
설문 조사,2
학생 입장,4
조사 실시,3
지하철 버스,2
통학 버스,7
위험 학교,2
검사 무증상,2
감염자 수,5
시간 요즘,2
상황 서울,2
행사 계획,2
사태 인지,2
벌금 필요,2
강의 추진,3
대학교 전국,2
각지 학생,2
학생 곳,5
곳 저,3
왕복 시간,3
시간 통학,2
불안 속,2
의견 반영,2
책임 일,2
추진 학교,2
개 강시,2
발생 문제,2
대응 메뉴얼,2
최선 방법,2
학생 열,2
체크 사람,2
뿐 학생,4
학생 수,6
수 곳,7
체크 말,2
학생 자가격리,8
수 문제,3
강의 학생,3
상황 대면,3
대면 강의,6
온라인 강의,8
것 뿐,2
뿐 마스크,2
학교 주변,4
곳 학생,3
시간 분,2
폐쇄 공간,8
마스크 시간,7
통학 시,2
문제 해결,16
대중교통 번,2
번 문제,2
노출 학생,2
학생 불편,2
불편 불안,5
학교 학생,12
학생 목소리,2
수업 시험,4
시험 중간고사,2
때문 학생,3
신현 주유소,2
지형 바람,2
공업 지역,2
청결 방역,2
방역 신경,4
신경 때,2
때 이곳,2
행위 등,4
하나 개선,2
빌 아파트,2
주민 코로나19,3
휴먼 링,2
거리 사람,4
개인 말,3
현수막 안내문,2
시기 코로나19,2
극복 국민,3
곳 마스크,2
코로나 경기,4
경기 침체,2
세계 사회,2
곳 사람,3
확산 사회,3
체온 측정,11
방문기 록지,2
위험 신고,4
달 사람,3
사람 관심,2
학교 방학,2
판교 방면,2
꼬리 물기,2
선경 아파트,2
건 너,2
코로나 일거리,2
나 지점,2
낮 밤,4
시청 직원,5
여러분 고생,2
충북 청주시,3
시국 단체,2
주차장 옆,2
노력 코로나19,2
관리 건,2
화단 관리,2
코로나 전,8
신고 처리,4
처리 감사,4
감사 코로나19,2
불법 여부,2
수 저,3
프라자 층,5
때문 창문,3
것 창문,2
창문 수업,6
방역 지침,22
환기 창문,2
수업 불가,2
적극 행정,2
음악 소리,2
저희 고통,2
적극 방역,2
과 전화,3
위생 시점,2
청소 것,2
분 거,3
하수구 내,2
지자체 모임,2
실내 운동,6
지역 관광객,2
불안 코로나,4
양호 매표소,2
실시 마스크,3
예방 말,2
세상 코로나,2
손해 거,2
거 사전,2
사전 예방,2
고려 수,2
장 폐쇄,2
폐쇄 중,3
코로나19 폐쇄,2
명 뿐,5
관리 상태,3
김해 코로나,3
종교 자유,2
사이비 종교,2
집회 소음,3
소음 공해,4
명 마스크,6
마스크 사회,2
사람 만약,2
만약 확진,2
명 침,2
안전거리 두기,4
두기 마스크,14
등 세계,2
동참 시기,2
음식 조리,5
조리 과정,2
과정 중,2
목격 후,2
불안감 고조,2
학생 학부모,3
수 나사,2
나사 듯,2
우려 안전,2
위협 사회,2
거리 생활,2
생활 방역,19
방역 저해,2
종식 날,3
날 연기,2
것 어린이날,2
어린이날 샌드,2
샌드 위지,2
위지 휴일,2
휴일 몰상식,2
몰상식 코로나,2
코로나 생활,11
방역 요인,2
요인 방해,2
룸 롱,2
문 때,3
실장 가게,2
영업 코로나,4
코로나 관심,2
흡연 코로나,2
이거 문제,3
고위험 군,7
군 분류,2
공원 농구장,2
시험 관분,2
시험 희망,2
시험 것,4
운동장 야외,2
안 코로나,3
확진자 자가격리,3
시험 게,2
지역 거,2
업체 측,3
이익 것,2
지속 발생,2
소음 발생,4
정도 저희,2
저희 회사,2
회사 직원,4
직원 불만,2
발생 인근,2
사무실 일,3
일 데,2
주일 가량,2
차 불편,3
불편 발생,2
도시 건설,3
건설 과,4
과 코로나,3
처리 부서,3
방치 셈,2
갈퀴 풀,2
수 증가,2
상황 줄,2
수 시청,2
시청 업무,2
시청 담당자,3
유기 견,2
등교 때,3
상황 발생,4
수 학생,5
등교 전,3
요청 것,2
안전 중요,2
등교 상태,2
믹 이후,9
이후 일자리,3
특허 창출,3
시기 문제,2
저 금호,2
금호 공업,2
공업 고등학교,2
고등학교 재학,2
제 말,7
학교 운동부,2
운동부 유도부,2
유도부 월,2
달 코로나,3
유행 때,2
때 저희,2
저희 기숙사,2
기숙사 반강,2
반강 운동,2
운동 말,2
말 용기,2
용기 용기,2
용기 말,2
말 기숙사,2
기숙사 감사,2
감사 때,2
때 코치,2
코치 선생,2
선생 감사,3
감사 너희,2
너희 짐,2
짐 듯이,2
성안 길,2
시내 수,2
수 버스,2
시간 정류장,3
정류장 버스,2
인도 사람,2
위협 상황,3
보호 수,3
시간 운동,2
옆 운동,2
때문 일,4
차 조치,2
권리 코로나,3
코로나 핑계,8
공기 순환,3
것 제안,6
세영 리첼,2
리첼 아파트,2
아파트 옆,2
차선 도로,2
공사 트럭,2
옥암동 쪽,2
공사 차량,4
아파트 공사,2
차 도로,2
오룡초 등,2
주변 아파트,8
학교 아이,7
학교 이상,2
차량 우선,2
학교 주,3
주 도로,2
사람 배려,2
감수 이곳,2
불철주야 노고,2
대화 소리,2
기사 보호막,4
보호막 설치,3
택시 설치,2
설치 택시,3
설치 시민,3
원 일,2
코로나19 가운데,2
자제 것,4
보디빌딩 대회,2
대회 사람,4
접촉 사람,3
대회 자제,2
산책 운동,4
운동 곳,2
불안 분,2
사람 건물,2
운동장 애,2
주민 산책,2
안전 통로,5
마찬가지 코로나,4
전염병 예방,2
예방 방지,3
특수 상황,2
물류 창고,2
불안감 조장,2
특허 출원,2
국토 교통부,2
방문자 마스크,3
착용 경우,3
엔 노래,2
노래 타운,2
타운 입장,2
입장 가능,2
이용 시,2
두기 완화,2
사태 고생,2
정부 관계자,3
의료 진분,24
감사 말씀,3
구 장,2
아이 수,2
수 본인,3
착용 명,2
부산시 금정구,2
가족 모임,2
뇌 수술,2
남자 직원,6
직원 대답,3
매장 직원,4
요청 시,2
코너 쪽,2
확인 것,3
때문 신고,2
불법주차 차량,2
담배 침,3
코로나 월,3
장사 것,3
감염자 지속,2
개학 강행,2
건 아이,2
바이러스 시국,2
시국 집,2
속 초시,2
초시 코로나,2
확진자 법,2
제 때,2
수고 분,4
새벽 시,4
시작 아침,2
아침 코로나,2
해결 부탁,2
안심 수,6
번 버스,14
버스 탑승,4
노약 자분,2
탑 승시,3
직원 착용,2
마스크 데,2
걱정 마스크,2
조심 마스크,2
거 걱정,2
인접 코로나,2
날씨 코로나19,2
코로나19 생활,10
저녁 아이,3
학교 코로나19,4
코로나19 취약,8
등교 개학,11
개학 실시,2
소리 코로나,2
코로나 기간,7
근처 사무실,2
사태 위생,2
위험 의식,2
의식 판,2
후 이동,2
이동 수,2
고발 조치,2
코로나 이후,9
안전 확신,2
수 정도,5
아래 마스크,2
노래 코로나,2
팔 곡초,2
직선 도로,3
학교 정문,2
도로 곳,2
효율 생각,2
배려 생각,2
생각 제,3
신고 코로나19,2
처치 것,2
집 근처,2
효과 것,4
노력 코로나,2
코로나19 탁트인,2
탁트인 트랙,2
트랙 바람,2
바람 가족,2
가족 모두,2
모두 인라인,2
인라인 수,2
코로나 테라스,13
테라스 시간,13
코로나 국민,7
혼란 요즘,4
주차 구역,2
이용객 코로나19,2
집단 시설,2
위 헬스,2
생활 속,30
속 방역,3
일 대구,2
행사 전국,2
두기 끝,2
수 행사,2
착용 행사,2
이틀 동안,2
코로나19 집단,5
누가 책임,9
대구시 시민,2
대중교통 수단,2
착용 행정,2
명령 위반,3
조치 코로나,3
공공 장소,2
의무 월,2
단속 카메라,10
철거 요청,4
요청 바,4
코로나 정국,4
사진 신고,3
개학 식,2
원 수,3
사용 규제,4
카페 내,2
내 마스크,3
등 생활,3
생활 수칙,8
지원금 신청,2
센터 입구,2
입구 발열,2
대 여성,4
이태원 클럽,14
도우미 분,2
착용 교육,2
앞 시간,2
시간 술집,2
속 거리,22
코 나라,2
생활 속거리,5
속거리 전환,2
연수 시행,2
주 일,5
불법 유상운,3
때문 경제,2
삶 유지,3
신고 단속,3
사람 전화,2
아파트 후문,4
카페 앞,3
도로 불법주정차,2
위반 번,2
글 게,2
제 근무,2
공단 쪽,2
보건 위생법,2
위생법 위반,2
일반 사람,2
사람 조치,3
조치 저,2
저 년,2
사 자격증,2
가격 리자,5
날 월,2
경우 마스크,2
마스크 거기,2
세븐 피시방,2
시간 적립,2
소독 하나,2
화장실 이용,7
걱정 글,4
완전 진정,2
테마 공원,2
위험 증가,2
인원 증가,2
것 불법,2
불법 주정차,19
시기 불안,2
난리 조심,2
조심 판국,2
보행자 도로,2
필요 코로나,3
보행 지장,13
코로나19 문,2
이외 대,2
대 신고,2
단속 직무,2
유기 코로나,2
때문 오토바이,2
오토바이 배달부,2
배달부 살판,2
수업 사이버,2
클럽 코로나19,3
두기 때,2
저녁 치평,2
번 건물,2
저번 신고,3
시대 코로나,3
코로나 걱정,5
생각 밤,2
걸 수,2
사람 그,2
결과 음성,2
댄스 사건,2
사건 이후,2
이후 코로나,2
사이트 주소,2
성매매 업소,2
업소 사업자,2
사업자 등록증,2
서비스 업종,3
서울시 강남구,2
것 모기,2
것 최근,2
코로나19 저,2
건 월,5
중 공사,2
후 이용,2
관리 코로나,5
사태 생각,2
염려 시정,2
바이러스 평소,2
평소 업무,2
업무 공무,2
공무 처리,2
수고 것,2
학교 자체,8
자체 코로나19,7
코로나19 건지,7
건지 계속,7
계속 등교,7
등교 강의,6
사회 코로나,2
유흥 주점,8
영업 금지,5
영업 신고,3
자체 코로나,2
번 길,5
층 건물,2
저희 대학교,3
대학교 코로나19,2
코로나19 유행,3
자신 가족,2
강의 온라인,2
강의 수,2
학생 교수,3
등교 거부,3
열 나,2
나 학생,2
이태원 사건,2
학생 경로,2
경로 파악,5
누군가 코로나,3
수 불안,3
학생 학점,2
학교 수,3
의자 명,2
학생 반,2
교수 조교,2
피해 봄,2
등 다양,2
방역 거리,4
시간 점심,2
대학교 학생,7
등교 강행,4
코로나19 대응책,2
말 이야기,2
생각 대학교,2
지역 학생,4
곳 곳,3
다수 코로나,3
코로나 시점,7
시점 학교,2
확산 시기,3
데 분,2
건물 측정,2
번 체온,2
측정 것,2
것 하루,2
경우 이,2
상황 수업,3
데 학교,2
학년 등교,2
생각 공부,2
거 자체,2
노력 무시,2
피해 걱정,2
친구 학교,2
것 마스크,8
상황 학교,3
학교 강의,2
동안 마스크,4
마스크 수업,4
수업 교수,2
차 학교,4
것 불안,7
불안 강의,2
확산 불안감,2
개강 연기,2
십 년,4
길 하루,2
차단기 설치,2
길 코로나19,2
분 번,2
사진 바,2
일 개강,2
간호학 학년,4
학년 학년,2
학년 월,3
검사 학생,3
학생 간호학,2
간호학 특성,2
강의실 명,3
강의실 책상,2
책상 간격,4
유지 강의실,2
시점 체온,2
수 아이러니,2
가족 코로나,3
제 검사,2
검사 게,3
음성 결과,2
착용 후,2
대학교 간호학,5
간호학 학생,3
신고 학년,2
반 명,2
정도 거리,2
수업 학생,5
수업 실시,3
바이러스 검사,4
반 학생,2
학 과장,2
말씀 이,2
교수 재량,3
저희 과,2
회의 등,3
강의 반대,2
강의 시행,2
외 시간,2
밥 때,2
유행 조짐,2
학교 그,2
이게 코로나,2
차 감염,4
수 시점,2
생각 이,7
이 조치,3
조치 시일,2
클럽 발,2
확산 중,4
시간 달,3
주택가 코로나,2
관련 생활,2
공원 화장실,2
차 유행,2
고생 동구,2
동구 사랑,2
사랑 주민,2
주민 동구,2
동구 생활안전,2
생활안전 복지,2
복지 년,2
전 근래,2
근래 산책,2
산책 분,3
분 증가,2
증가 모습,2
모습 목격,2
목격 가지,2
가지 건,2
사항 해전,2
해전 건,2
사항 내용,2
내용 최근,2
사이 개선,2
것 의견,3
의견 고려,2
고려 것,2
대학교 측,4
학생 강의,3
공부 학생,2
몸 상태,2
관리 발열,2
열 학생,2
입장 코로나,2
코로나 특징,2
채 학교,2
제제 것,2
것 이것,2
전염 수,3
무리 등교,2
등교 감행,2
학생 학생,3
것 수업,2
전파 수,6
생각 최근,2
학생 데,2
코로나 치료제,3
치료제 개발,2
것 증상,2
것 학교,7
코로나 집합,3
집합 금지명령,6
조심 생각,2
데 학생,2
상태 목격,2
코로나 시작,2
댄스 학원,2
학교 옆,3
등 하교,4
운동 시설,20
말 수,4
기간 주,3
원 정도,2
해당 주소,2
근무 데,2
코 마스크,2
후 앞,2
앞 때,2
연기 때문,2
테이블 영업,2
옥외 영업,5
정지 행정,2
것 번,9
이웃 간,2
준수 것,2
시 직접,2
사람 고통,2
지침 강행,2
편 코로나19,2
확산 난리,2
취약 상태,2
저 이곳,2
이용자 마스크,2
조심 코로나,4
저희 신랑,3
중 대전,2
생각 시청,2
권고 부탁,2
바 학교,2
이상 피해,2
클럽 방문자,2
서울시 구청,2
방문자 명단,2
아침 조회,5
어린이 통행,3
방해 코로나,3
문 앞,5
음식점 코로나,2
코로나 세상,2
런닝 머신,2
착용 소독,2
여긴 코로나,2
등교 시작,2
감염 확진자,2
월 오픈,2
주말 사람,3
지난주 이태원,2
앞 쓰레기,2
대부분 마스크,8
마스크 저,2
입장 사람,2
사람 대전,2
시장 시,2
시 공무원,3
전시 행정,2
니스 클럽,2
헬스클럽 년,2
철저 방역,5
방역 관리,9
착용 권유,2
저 불편,2
불편 이유,2
시설 방역,4
헬스 장내,3
미착용 채,3
대 회원,2
대 대,2
채 운동,2
관할 관청,3
감독 필요,2
바이러스 술집,2
술집 운영,2
운영 경기도,2
경기도 집,2
집 문,3
여기 정상,2
지하 층,16
층 위치,5
크로스 핏,4
착용 상태,4
상태 회원,2
곳 것,2
것 요즘,2
이상 모임,3
잠원동 성당,2
과속 단속,5
신호위 반,4
반 과속,2
과속 차량,2
이동 설치,2
카메라 설치,3
단속 차량,4
안전 사고,2
카메라 위치,3
현장 방문,4
코로나 가운데,3
구민 어린이,2
코로나 노출,7
바이러스 신고,6
학교 재학,6
학생 건물,2
등 유동,2
믹 기간,2
기간 산업,4
거리 완화,2
거주 외국인,4
마스크 흡연,2
흡연 마스크,2
아이 등,6
등 교시,3
룰 외국인,2
외국인 때문,4
시민 불편,3
관련 기관,4
두기 지침,4
클럽 확진자,2
사람 자기,2
입 출구,2
반사경 설치,2
것 신문고,2
때문 위험,5
내 주민,2
대전 광역,3
수고 건,2
이태원 발,6
생활 체육,3
땀 호흡,2
운동 마스크,7
의료진 고생,2
취미 생활,3
요즘 주말,2
주말 관광객,2
명 감염,3
명 확진,3
고생 감사,2
사람 대구,2
일 방문,2
방문 코로나,5
예식장 뷔페,3
이게 일,2
관리 생각,2
뷔페 음식,2
음식 앞,2
시민 생활,2
생각 대구시,2
사용 제재,2
코로나 관리,4
권고 무시,2
요원 코로나,2
날 코로나,4
코로나 잠복기,2
어르신 피해,2
선생 말씀,2
검사 비용,4
집 하루,2
검사 일,4
날 연가,2
연가 처리,2
확진자 노출,2
분경 병원,2
병원 방문,2
방문 환자,2
분 자격,2
자격 조회,2
조회 코로나19,3
환자 접촉자,2
접촉자 신고,2
확인 분,2
검사 수,3
사항 코로나,2
믹 특허,2
코로나19 시,2
감사 민원,2
인원 밀집,4
공원 사용,5
관련 시민,2
유소년 야구,3
야구 대회,2
방지 연기,2
일 개최,3
개최 코로나19,2
일 기간,3
요소 생각,3
학생 전국,2
전국 대부분,4
양구 시내,2
방 명,2
강원도 양구군,3
방역 전문가,2
접촉 코로나,6
문제 발생,8
대회 개최,7
양구군 지역,3
도모 것,2
시국 전국,3
여수 종고,2
종고 초등,3
아파트 건설,2
교시 주정차,2
월 주정차,2
금지 봉,5
봉 설치,4
설치 민원,2
민원 접수,7
접수 설치,2
설치 업체,2
업체 선정,2
선정 수,2
코로나 등교,4
설치 부탁,2
학교 후문,4
주정차 단속,3
예방 버스,2
착용 강제,2
버스 마스크,2
두기 실시,2
코로나19 전파,8
명 축구,2
시 이상,2
오일장 운영,3
상인 오일장,65
인천 강남,2
강남 광역버스,2
광역버스 번,2
버스 버스,5
국민 위험,2
착용 신고,2
일 인천,2
인천 광역시,4
광역시 대중교통,2
대중교통 용시,2
용시 마스크,3
의무 승객,2
승객 버스,2
기사 마스크,5
생각 번,3
버스 이태원,2
시기 연수구,2
연수구 옥련동,3
옥련동 확진자,2
버스 확진자,2
확진자 기사,2
기사 버스,2
것 유감,2
유감 기사,2
기사 이번,2
이번 뿐,2
뿐 지난번,2
지난번 색,2
색 마스크,2
턱 채,4
채 기침,3
기침 것,2
것 목격,7
목격 바,3
바 그,2
그 운전,2
운전 시,2
시 클락,2
션 필요,2
필요 정도,2
정도 등,2
등 승객,2
승객 불안감,2
불안감 조성,4
조성 이,2
이 버스,2
기사 신고,2
바 버스,2
기사 처리,2
집 아이,4
아이 창문,3
수업 방해,2
방해 상황,2
마스크 지급,3
사태 근로자,2
상태 작업,2
작업 중,5
선학 체육관,2
외입 국자,6
아이 개학,2
개학 아이,3
안전망 설치,2
양정 흠,7
흠 학생,7
위반 신고,17
극복 시국,3
속 회원,2
미착용 운동,2
운동 저녁,2
시간 트레이너,2
트레이너 분,2
외 때,2
때 발열,4
등 기본,2
기본 상황,2
운영 이,2
방지 신속,2
장안 프라자,3
마지막 전화,2
번호 개인,2
보호 부탁,3
착용 채,14
채 운영,2
상황 운영,2
부탁 위치,2
위치 장안,2
니스 마지막,2
신고 동시,2
동시 양정,2
자가격리 동안,2
동안 동반,2
동반 권지섭,2
권지섭 최영민,4
최영민 학생,4
검사 동반,2
동반 자가격리,2
자가격리 요구,2
요구 권지섭,2
학생 양정,2
기간 와중,2
와중 접촉,2
접촉 후,2
후 학교,3
학교 출석,2
출석 실기,2
시험 사실,2
사진 것,5
시 인도,3
문 수,2
노래방 코로나,2
마스크 노래,3
것 운영,2
검사 음성,2
보도 오토바이,2
오토바이 길,2
신호 무시,2
무시 횡단,2
아이 시간,2
시간 아이,2
거 특별,2
특별 조치,2
위 사진,4
때문 초등,3
본격 등교,3
모범 공무원,2
교통 과,2
코로나19 수,2
상 인회,61
일 오늘,2
정상 등교,3
측 코로나,4
의사 진단서,2
말 이유,2
방침 코로나,2
검사 거,2
이유 코로나,2
제 거주,5
수 관리,2
손 나,2
미국 유럽,2
유럽 발,2
일 말씀,3
말씀 것,2
상황 국민,3
국민 청원,2
저 하루,2
제 지인,2
지인 집,2
코로나 불경기,2
이유 코로나19,3
확산 세,2
신고 건,2
코로나 엘리베이터,2
때 거,2
때문 거리,2
소리 소리,2
거 공사,2
옆 뒤,2
저 거,2
안전모 착용,3
착용 안전,3
안전 규칙,2
사람 중,4
코로나 이때,4
코로나19 주변,3
주변 상인,2
피해 상황,13
방문자 기록,3
종업원 마스크,5
수칙 미준,2
보도 방,3
홍보 것,3
일 사이,2
검사 것,2
자전거 보관소,3
바이러스 전파력,2
코로나19 월,2
일 봉사,2
등 것,2
것 조치,2
코로나 코로나,2
주점 노래방,2
등 집합,2
마스크 손님,3
일반 음식점,6
턱 거,2
영업 게,2
원인 제공,2
사장 영업,2
영업 중단,2
불안 사람,3
직업 코로나,2
재난 지원금,13
시장 시민,2
시장 상인,3
방역 당국,9
데 사진,3
특구 집,2
집 창촌,2
데 단속,3
관련 공무원,3
사항 것,4
비축 의료,2
의료 용품,2
시민 생명,2
생명 안전,4
행동 신고,3
국민 혈세,3
사유 재산,3
운 영진,3
수 시국,4
연락처 기록,2
기록 데,2
지역 시회,2
시회 감염,2
감염 이태원,2
사례 현실,2
현실 오프라인,2
오프라인 기말고사,2
기말고사 학기,2
전체 온라인,2
온라인 학사,2
학사 일정,5
일정 교수,2
재량 오프라인,2
오프라인 시험,2
시험 시도,2
시도 것,2
생각 그것,2
그것 밀폐,2
인원 둘,2
둘 건,2
건 말,3
말 교수,2
교수 본인,2
본인 조교,2
조교 경우,2
경우 교육부,2
발생 미연,2
방지 부탁,2
부탁 가정,2
가정 아기,2
아기 입장,2
입장 상황,2
가능 부분,2
문제 걱정,2
걱정 학생,2
산 사람,2
전국 모집인,3
모집인 탓,3
탓 지방,3
지방 학생,3
경우 대부분,5
대부분 기숙사,3
기숙사 서울,3
서울 영상,7
영상 고등학교,7
속 등교,3
전 기숙사,4
기숙사 시스템,3
시스템 불만,3
불만 학부모,3
학생 사이,3
격주 등,4
등 교로,4
교로 대중교통,3
이용 코로나19,4
기숙사 학생,6
학생 서울,3
서울 코로나,3
감염 지방,3
지방 집,3
가족 감염,5
속 교육부,3
지침 수,4
수 등교,3
등교 결정,3
결정 학부모,3
학부모 걱정,3
걱정 서울,6
고등학교 지침,3
지침 안심,3
기숙사생 격주,2
격주 기숙사,2
격주 등교,2
주 집,2
집 자신,2
대부분 학생,2
집 것,2
학생 배려,2
기숙사 운영,3
운영 방침,2
생각 격주,3
학년 기숙사,2
기숙사 사용,2
의무 야간,2
야간 자율,2
자율 학습,2
필수 것,2
생활 수,2
하나 교회,2
반 정도,2
중 비말,3
거리 채,2
아이 도로,2
단속 요청,8
등교 본격,2
안전 지역,4
정리 요청,3
노래방 술,3
술 판매,2
코로나19 수칙,3
수칙 무시,5
신고 사진,2
거리 뿐,2
본인 확인,3
번 건,2
문제 신고,2
부천 코로나,2
하교 길,2
도로 확장,2
통행로 확보,2
차량 사고,2
길 인도,2
통 학로,3
불편 위험,3
물 신고,3
시 코로나,6
방지 조치,2
대형 선풍기,2
시국 아침,2
아침 등교,2
아이 간염,2
우려 기흥구,2
기흥구 서브,2
서브 마린,2
마린 수영장,2
수영장 직원,2
걱정 조치,3
길 아이,3
이것 것,2
벅스 앞,3
때문 버스,2
착용 요구,2
착용 게,3
실 학생,2
학생 감염,3
감염 예상,2
어린이 놀이,2
공사 주말,3
배려 공사,2
창문 수,4
상황 조심,2
조심 것,2
확진 증가,2
경고 조치,2
이게 걸까요,4
질병 대응,2
대응 노고,2
여긴 세상,2
시간 사람,3
사람 방,2
체크 무증상,3
공간 이용,2
방문 지역,3
길 양쪽,2
양쪽 주차,2
각지 선수,3
선수 시합,3
시합 게,3
게 시합,3
시합 인천,3
인천 서울,3
서울 경기,4
경기 지역,4
지역 선수,3
선수 곳,3
곳 이게,3
걸까요 시합,3
시합 이유,3
이유 도쿄,3
도쿄 올림픽,3
올림픽 연기,3
연기 이게,3
이게 성황리,3
성황리 개최,3
개최 의문,3
선수 코로나,6
코로나 대책,3
대책 시합,3
시합 추진,4
추진 것,3
것 이대로,3
이대로 시합,3
시합 진행,3
코로나 시합,3
시합 선수,3
감염 대책,3
교육 장소,4
공익 근무,3
근무 요원,3
코로나 출입자,2
노래방 업주,2
시행 중,3
주정차 과태료,5
부과 경고,5
경고 코로나19,5
코로나19 우울,4
우울 사고,5
사고 우리,5
우리 동네,5
동네 안전,5
안전 분,5
분 안쪽,5
안쪽 버스,5
버스 대,6
대 주정차,5
기본 방역,4
대처 방안,3
월 중순,3
안전 조치,6
마스크 코,4
채 음식,2
음식 준비,2
코로나19 민원,4
수고 줄,2
다수 상대,2
시정 필요,2
거 답변,2
동선 코로나,3
수 건가요,2
필요 사료,2
노력 가운데,2
시국 행사,3
코로나19 노고,2
사람 시,2
시 전국,4
차량 출고,2
전국 단위,4
단위 사람,2
확산 지역,3
해결 감사,2
코로나 열,3
열 검사,2
국민 착용,2
식당 주인,2
명 종업원,2
건가요 코로나,3
발병 이후,3
문화 체육,4
바람 코로나,3
건물 내,5
통학 차량,4
건 마스크,2
노래방 영업,3
노래방 업소,2
명령 것,4
때문 카페,2
앞 놀이터,2
놀이터 아침,2
아이 자전거,2
자전거 아이,2
포함 문,2
확진 방지,2
조취 필요,2
동선 지역,2
앞 발열,2
걱정 바,2
자제 상황,2
사람 상황,2
거리 외출,2
사람 집,3
열 사람,2
수업 때,5
때 매,2
이동 수업,2
일반 신고,2
코로나19 방지,2
노래방 박스,2
버스 킹,3
금지 안내,2
방송 플래카드,2
안전 수,5
전 민원,2
민원 코로나,3
고생 의료진,3
병원 진료,3
코로나 저희,2
검사 소독,2
애벌레 송충이,2
송충이 북한,2
북한 국립,2
국립 공원,3
공원 매미나방,2
매미나방 벌레,2
벌레 피해,2
피해 방역,2
방역 것,2
것 티비,2
티비 방영,2
방영 코로나19,2
일 센텀,2
센텀 신세계백화점,2
신세계백화점 몰,2
몰 모모스,2
모모스 커피,2
커피 사진,2
것 사진,4
사진 그날,4
그날 게,2
게 분,2
분 블로그,2
블로그 사진,2
사진 그때,2
그때 사진,2
그날 사람,2
사람 의자,2
의자 옆,2
옆 자리,5
자리 가방,2
가방 생활,2
실천 가방,2
가방 고객,2
고객 고객,2
고객 간,2
간 마찰,2
마찰 직원,2
직원 중재,2
중재 카페,2
코로나 지침,3
지침 게,2
게 사람,7
때 얘기,2
얘기 문,2
문 보도,2
자료 식당,2
식당 커피숍,2
커피숍 테이블,2
테이블 간,2
간 이상,2
이상 간격,2
간격 두기,2
두기 권고,6
권고 권고,2
권고 동양,2
동양 최대,2
최대 백화점,2
백화점 홍보,2
홍보 신세계,2
신세계 백화점,2
백화점 고객,2
고객 안전,2
안전 고려,5
고려 매상,2
매상 모습,2
사진 코로나,7
전 사진,2
코로나 지금,3
지금 의자,2
의자 수,2
수 통,2
통 테이블,2
테이블 사람,2
공간 시정,2
시정 확진자,2
확진자 처,2
처 공간,2
공간 사람,3
사람 봉변,2
봉변 마스크,2
시간 공간,2
공간 배치,2
배치 말,2
달 사회,2
일부 직원,2
박 일,12
이번 달,2
워크 샵,3
진행 등,2
것 회사,2
저희 직원,2
직원 감염,2
코로나 이슈,2
것 조심,2
건 방역,2
소음 신고,4
입구 코로나,2
학교 온라인,2
수업 중,5
중 수업,2
수업 수,2
시국 덕양구,2
덕양구 집회,2
신고 허락,2
허락 건지,2
이해 구청,2
구청 전화,4
보건 증,3
심 불안,2
모두 고생,2
것 하나,2
하나 코로나19,3
중 사실,2
평 남짓,2
관철 기업,4
기업 초등,4
학교 단부,2
단부 작업,4
작업 시,4
시 목수,2
목수 벨트,2
벨트 걸이,2
걸이 덤프,2
덤프 갇,2
갇 신호수,2
신호수 장비,2
장비 육,2
육 미세먼지,2
미세먼지 물,2
물 누구,2
하나 마스크,2
코 코로나,2
코로나 발열,2
체크 현자,2
현자 일,2
분 근로,2
근로 계서,2
계서 갑,2
갑 을,2
을 주지,2
주지 않,2
않 계성,2
계성 건설,4
건설 회사,2
회사 교육청,2
교육청 각성,2
각성 산업,2
산업 전부,2
전부 노동부,2
노동부 뭘,2
등교 정상,2
술 노래방,2
데 영업,2
도우미 영업,2
지속 것,2
해충 바이러스,2
수칙 시행,3
시행 불안,2
학생 제외,2
원격 수업,2
답변 부탁,4
수 마스크,2
관계자 마스크,2
광역시 코로나,3
등 설치,3
공원 놀이터,2
아기 수,2
코로나 어디,3
거 제,3
조사 가능,2
관리 소홀,3
남부 시장,2
쪽 방향,2
생활 거리,3
중 이,2
예산 부족,3
걸로 이번,2
원 지급,2
때문 사람,6
쓰레기 무단,2
바이러스 극복,2
극복 인천,2
영종 웨스트,2
웨스트 클라우드,2
클라우드 인천,2
광역시 중,2
중 바위,2
바위 번,2
길 버터플라이,2
버터플라이 시티,4
시티 소재,2
소재 업무,2
업무 시설,2
시설 판매,2
시설 숙박,2
시설 구성,2
구성 집합,2
집합 건물,4
건물 중,2
중 숙박,2
운영 관리,2
관리 호텔,2
호텔 운영,2
운영 사,3
사 당사,2
당사 대한민국,2
대한민국 정부,2
코로나19 지침,2
지침 년,2
월 호텔,2
호텔 투숙객,2
투숙객 방문객,2
방문객 열,2
체크 소독,2
사용 생활,2
방역 철저,5
철저 유지,2
유지 관리,2
관리 이,2
이 행위,2
행위 자,2
자 방역,2
수칙 준수,7
준수 권고,2
권고 통행,2
통행 제한,2
이 건물,2
전체 관리,2
관리 업체,2
변경 호실,2
호실 구성,2
구성 규모,2
규모 집합,2
건물 하루,2
아침 코로나19,2
확진 위험,3
위험 대책,2
대책 노출,2
보안 코로나,2
바이러스 보호,2
보호 고객,2
고객 위험,2
노출 것,7
예방 지역,2
사회 전파,3
전파 차단,3
수칙 수,6
수 공용,2
공용 시설물,2
시설물 원상,2
원상 복구,2
복구 수,2
수 정부,3
정부 협조,2
아파트 층,4
층 부천,2
부천 시청,13
시청 기부,6
기부 체납,6
체납 곳,2
공간 외국인,4
층 외국인,3
업무 처리,3
거 시청,2
우리 아파트,2
아파트 주차장,2
부천시 최근,2
최근 상기,2
장소 층,2
외국인 재난,2
재난 기본소득,2
기본소득 민원,2
사용 해당,2
해당 장소,4
장소 부천,3
체납 시청,2
관할 공간,3
공간 부천,3
시청 본청,3
본청 일반,3
일반 시민,10
시민 거주,6
거주 외부,3
외부 공간,6
외국인 민원,3
민원 거,3
거 장소,3
장소 일반,3
외국인 민원인,3
민원인 입주민,3
입주민 공간,3
공간 출입,3
출입 일,3
일 안내,3
안내 인력,3
인력 배치,3
배치 외국인,3
외국인 이해,3
수 안내,3
안내 표지판,4
표지판 설치,3
것 부천,3
시청 만,3
만 인력,3
인력 조치,3
조치 시청,3
시청 외부,3
공간 대민,3
대민 창구,3
창구 사용,4
사용 코로나19,3
위험 입주민,3
입주민 일반,3
센트럴 파크,7
파크 푸르지오,3
층 시청,2
장소 거리,3
코로나 대처,4
부천 시,2
주거 공간,3
부천 체육관,3
공간 곳,2
내 집,3
세대 아파트,3
단지 안,3
말 시정,2
입주민 불안,2
시청 것,3
장소 곳,2
푸 입주민,2
지원금 지급,4
민원 업무,4
기부 채납,2
확진자 접촉,4
수 코로나19,5
후 음성,2
십 대,3
여성 인권,3
인권 센터,3
청소년 방문,2
곳 코로나19,5
직원 명,3
바이러스 국내외,3
국내외 출입국,3
출입국 절차,3
절차 출입국,3
출입국 걸로,3
활어차 마찬가지,3
방역 프로토콜,3
센터 뿐,2
외부 일정,2
일정 진행,2
격리 기간,2
확진자 건물,3
후 코로나,2
자가격리 권고,2
사항 일,2
격리 후,2
후 출근,2
건물 코로나,2
만 불,2
불 시대,2
휴식 시간,2
시간 주민,2
코로나 어르신,2
주민 코로나,3
코로나 쓰레기,2
전염 우려,4
달 미,3
미 역사,3
역사 주변,2
시간 이후,10
앞 코로나19,2
수도 코로나,2
사각지대 안전,2
수칙 마련,2
소음 흙먼지,2
학생 기숙사,3
기숙사 입소,2
수 이유,3
그곳 코로나19,2
노출 생각,3
서울 강서구,2
생활 예방,2
상황 마스크,3
통학 주변,2
공사 완료,2
착용 가능,3
조치 바,2
조치 점검,2
분 산책,2
시 현장,2
현장 점검,4
상황 인식,2
학년 주,2
등교 상황,2
신고 관철,2
학교 신설,2
신설 현장,2
통로 하나,2
하나 형틀,2
형틀 목수,2
목수 거푸집,2
거푸집 동,2
동 안전,2
통로 단부,2
시 안전벨트,2
안전벨트 안전,2
고리 착용,3
착용 사람,7
뿐 안전관,2
안전관 리자,2
리자 뿐,2
뿐 현장,2
현장 시스,2
시스 탬,2
탬 안전,2
고리 코로나,3
코로나 삽지,2
삽지 위생,2
위생 현실,2
현실 누구,2
누구 착용,2
사람 자본,2
자본 주위,2
주위 세상,2
세상 계성,2
건설 노동부,2
노동부 산업,3
안전 시청,2
전화 출동,3
출동 자본주의,2
사람 단체,4
마스크 일,2
감염 사건,2
착용 착용,3
감기 거,2
고등학생 저희,2
코로나 실내,6
교육 방침,3
동안 교육,2
코로나 모두,2
분 지역,2
건물 주차장,2
건물 이용,2
창문 환기,4
환기 에어컨,2
에어컨 가동,2
대기 손님,2
손님 코로나19,2
국민 전체,2
두기 수칙,2
손 물,3
거 전국,2
교생 실습,2
코로나 우리,2
책임 누가,2
것 주,2
예방 준수,2
시기 이건,3
제목 버터플라이,2
시티 총괄,2
총괄 관리,2
시국 엘레,2
이터 보안,2
보안 해제,2
해제 만행,2
만행 고발,2
시국 만행,2
만행 관리,2
관리 단,2
단 민원,2
발생 지금,3
숙박업 코로나,2
소독 필수,2
필수 검사,2
출처 수,2
이 호텔,2
호텔 침입,2
침입 코로나,2
대응 취약,2
취약 상황,2
관리 직원,2
식당 등,2
안전 위생,2
위생 교육,2
주인 마스크,2
민원 답변,2
답변 시정,2
원 거,2
전화 통화,2
용산 구청,2
게 건가요,2
건가요 불안,2
인도 불법,13
불법 점유,4
가전제품 설치,2
주차 차,2
일 광주,2
관련 직원,2
차 주인,2
여름 코로나19,2
등 이상,2
이상 문제,2
장 관리,2
코로나 배달,3
배달 사고,2
식당 앞치마,2
조심 마당,2
외출 집,2
시간 시,2
분 분,3
하교 시간,4
시국 달,2
검사 절차,2
회원 아침,2
저녁 운동,2
운동 음식,2
음식 술병,2
술병 음식,2
음식 쓰레기,2
쓰레기 담배,2
담배 회원,2
회원 취사,2
취사 산불,2
산불 위험,2
요인 발생,2
발생 펜,2
펜 단지,2
단지 정문위,2
정문위 불법주차,2
불법주차 자리,2
자리 잡음,2
잡음 양천,2
양천 탁구장,8
탁구장 코로나,8
번지 상황,2
상황 단체,2
거리 기와,2
기와 등,2
등 산인,2
산인 선례,2
선례 수,2
단속 필요,12
채 손님,2
모기 해충,4
층 블,3
블 크로스,3
센터 불법,2
불법 중축,8
센터 방문,2
거 대형,2
결과 통보,2
지하 운동,2
무분별 행동,3
행동 댄스,2
댄스 스포츠,2
아이 이용,3
수칙 발열,3
어린이집 방문,2
방문 직원,2
마스크 방문,2
어린이집 원,3
원 명령,2
탁구 동호회,2
동호회 코로나,2
코로나 날씨,2
날씨 속,2
기승 지금,2
노량진로 길,2
길 건물,2
노들 빌라,4
거리 수,2
층 창문,2
빌라 쪽,2
수 행정,3
기간 중,2
동작구 청,2
행정 기관,2
코로나 자전거,2
학교 담벼락,7
옆 자전거,2
식사 때,2
예방 차단,3
호흡기 질환,2
코 고리,2
세계 최초,2
착용 코로나19,2
오전 오후,4
번 운영,2
시국 걱정,3
걱정 때,6
코로나 시대,5
국가 피해,2
행사 사람,5
감염증 확산,2
지침 행사,2
행사 초대,2
초대 분,2
분 호,2
선 지하철,2
지하철 확인,2
측 시험,2
경인 여대,2
감염자 상황,2
시험 문제,2
학교 방역,3
대면 시험,14
마스크 술,2
담배 행위,2
턱 등,3
감염 전파,5
비말 사람,2
설치 사람,2
취사 금지,2
어린아이 어르신,2
위험 도,2
그것 코로나,2
시험 저희,4
장소 코로나,4
측 학생,2
방 도우미,2
노래방 유흥주,2
코로나19 여름,3
위험 업종,7
노래방 주점,2
노인 건강,2
여가 선용,2
파크 골프,3
전국 명,9
음식 사람,2
식당 일,2
환경 오염,4
평소 열,2
코로나 취약,11
다수 밀집,2
소견 서,2
현수막 단속,2
주차장 차,2
코로나 장소,3
퇴근 시,3
동남아 여성,2
여성 명,2
번 목격,5
때 사람,2
여기 신고,3
의심 상황,2
위험 방치,2
에어 콘,5
코로나 비말,4
시 해당,2
주소 층,2
자신 코로나,2
대학교 수업,2
수업 대면,8
시험 진행,3
대면 수업,7
사람 산,2
산 명,2
정도 아침,2
코로나 확대,2
확대 배드민턴,2
장 요소,2
이후 기간,2
예방 수칙,5
유해 물질,2
층 코로나,8
관련 방역,4
방역 예방,3
운영 체육,2
전파 매개체,3
검사 내용,2
명 것,6
설치 건,2
코로나 타격,2
장 이용,6
장 회원,2
대학 병원,3
병원 입원,2
상황 아침,2
아침 체조,3
체조 것,2
확진 경우,2
주일 전,3
신고 답,2
동원 중학교,4
코로나19 안전,14
미 이행,2
교실 내,3
내 거리,2
학년 반,3
전염 취약,2
수도 증가,10
추세 상인,10
오일장 주변,43
시민 피해,61
피해 본인,11
본인 이익,33
이익 추구,53
추구 주변,32
시민 줄,53
줄 피해,53
피해 상인,51
상인 시민,53
시민 상생,53
상생 수,76
수 시민,43
시장 철거,55
철거 요구,32
코로나 접촉,2
석면 철거,2
어른 아이,2
아이 산책,2
설치 요구,2
저소득층 코로나,2
코로나 생계비,2
생계비 카드,2
카드 카드,2
카드 학생,2
식사 카드,2
카드 발급,2
발급 민원실,2
민원실 전화,2
전화 복지,2
복지 주민,2
센타 불친절,2
불친절 거,2
거 힘,2
힘 내라,2
내라 대구,2
시민 힘,3
힘 이따위,2
이따위 행정,2
행정 대구,2
시민 데,2
지역 확산,2
먼지 소음,3
정도 코로나,4
환기 수,3
차 뻔,3
코오롱 하늘,3
모델 하우스,8
경품 행사,2
미작 마스크,2
행정 지도,5
개선 수,2
가운 사거리,2
사거리 근처,2
근처 소음,2
소음 유발,3
유발 폭주족,2
폭주족 밤,2
밤 폭주,2
폭주 주말,2
주말 난리,2
난리 시간,2
시간 잠,2
잠 자기,2
자기 정도,2
정도 단속,2
단속 소음,2
소음 코로나19,2
대량 감염,2
감염 지역,3
위험 차,2
차 대유행,5
등 진행,2
코로나 달,2
소화전 근처,3
근처 주정차,3
앞 주차,2
길 차,2
금지 표지판,4
표지판 시설,2
설치 주민,3
주민 고통,2
노인 마스크,2
마스크 박수,4
전염 확산,5
행사 허가,2
감독 사람,4
지자체 관리,3
점검 지도,2
지도 방역,2
등 위반,3
사항 확인,2
확인 체크,2
체크 전국,2
전국 등,2
지역 명성,2
명성 누가,2
누가 감사,2
활동 조치,2
기존 판매,2
업체 자산,2
기존 상품,2
상품 변경,2
때문 문제,3
마켓 안전,2
안전 거래,2
거래 센터,2
법 근거,3
답변 수정,2
판매 금지,2
저희 판매,2
얘기 것,3
군포 시민,2
시민 주민,2
인도 불편,2
요즘 주민,3
노인 등,2
정리 것,2
관리 시민,2
항균 나노,2
나노 구리,2
구리 마스크,2
마스크 제품,2
판매 인증,2
제품 것,2
것 인증,2
인증 시험,4
시험 결과,4
결과 확대,2
확대 첨부,2
사진 이소아,2
이소아 앤,2
앤 씨,2
씨 업체,2
업체 년,2
도 잇,2
잇 나노,2
나노 방,2
방 진망,2
진망 제품,2
제품 인증,2
결과 사진,2
사진 도용,2
도용 것,2
것 구입,2
구입 제품,2
제품 안전,4
안전 입증,3
입증 제품,2
제품 불안,2
불안 판매,2
제품 코로나,4
수 생명,2
위협 수,2
수 제품,2
안전 확인,4
일방 이익,24
등 규모,2
불안 장애,2
마스크 감염,2
학생 국민,2
등교 중지,2
자 진단,2
건 이상,2
코로나19 제주도,2
제주도 대회,2
대회 집단,2
집단 금지령,2
금지령 제주도,2
제주도 부산,2
부산 요번,2
요번 주,2
주 금토,2
금토 일,2
시기 비밀리,2
비밀리 규모,2
모임 게,2
게 문제,2
올해 초,3
주차 차량,5
도로 차,2
해당 구역,4
주차 금지,3
표지판 주차,2
주차 직원,2
직원 말,2
수업 교시,2
정진웅 교사,2
착용 수업,2
채 수업,2
환자 증가,3
사이버 교육,3
동일 지하,2
신고 답변,2
위법 사항,3
주택 과,2
단계 행정,2
건축 과,2
과 답변,2
답변 내용,4
해당 건물,3
아파트 입주민,3
정확 처리,2
노력 감사,2
하루 하루,2
사전 조치,3
발생 경우,4
미사 강변,2
강변 센트,2
센트 리버,2
리버 아파트,2
후문 자전거,2
정도 부분,2
시간 마스크,7
직원 모두,2
수업 아이,3
물놀이 수경,2
수경 시설,2
이용 아이,2
통행로 점유,2
제공 코로나19,2
극복 이때,4
이때 행사,4
행사 말,5
코로나 종결,2
시국 규모,3
이때 부산,2
부산 아바니,2
아바니 호텔,2
호텔 전국,2
명 호텔,2
호텔 박,2
동안 밀집,2
장소 밀집,2
밀집 테이블,2
테이블 시간,2
이상 안자,2
안자 게임,2
게임 제주시,2
제주시 에어,2
에어 씨티,2
씨티 호텔,2
호텔 진행,2
진행 대회,3
대회 제주시,2
제주시 집합,2
금지 게임,2
게임 특성,2
특성 장시간,2
장시간 게임,4
게임 얼마,2
전 공무원,2
출동 행사,2
취소 명령,2
명령 이번,2
이번 부산,2
부산 게임,2
게임 기자,2
기자 잠입,2
잠입 취,2
취 제,2
제 거,2
거 부산,2
부산 행사,2
행사 제보,2
조치 공무원,2
공무원 시장,2
시장 책임,2
시민 단체,3
단체 방송사,2
방송사 등,2
등 제보,2
제보 상태,2
상태 서울,2
서울 수도권,2
수도권 참가,2
참가 전국,2
단위 대회,3
대회 참석,2
참석 환자,2
우려 부산,2
부산 시민,2
문제 진행,2
진행 시,2
시 쇼크,2
쇼크 것,2
것 염려,3
염려 제보,2
제보 일,2
승시 마스크,2
속리 중,2
학생 버스,3
마스크 미,5
미 착용,6
착용 버스,2
시간 해당,2
개월 후,2
규모 모임,5
감염증 COVID19,2
COVID19 관련,2
관련 공영,2
공영 도서관,2
도서관 체육,2
시설 폐쇄,5
자발 예방,2
예방 격리,2
확산 시민,2
접촉자 번,2
어디 어디,2
공개 상식,2
번 동선,2
개선 요청,2
어린이집 코로나,2
외식 자제,2
사용 독려,4
위험 최근,2
최근 대전,4
대전 시내,2
손님 대부분,2
착용 입장,2
입 코,2
상황 시민,2
코로나 성행,3
성행 시작,2
도서관 폐쇄,2
스터디 카페,7
원 코로나,3
해 외입,4
통과 후,2
여행 계획,2
계획 중,2
국민 검사,3
내 미니,2
시간 학생,4
시장 노인,2
코로나 명,5
사람 마라톤,3
시간 코로나,2
비말 전파,4
대중 장소,2
확산 지속,2
날씨 코로나,3
예초 작업,3
작업 사람,2
작업 코로나,2
사람 산책,2
동선 정보,3
수 확진자,2
감염 양산,2
안전 요소,2
코로나 의문,2
시설 용시,2
방역 노력,2
공원 산책,3
야외 활동,2
발생 이후,7
실외 파크,2
노인 장애,3
경기도 문화,2
세분 개월,2
장애 건강,2
시군 공문,2
공문 발송,2
교통량 때,2
위험 뿐,2
최근 뉴스,3
배려 수,2
누구 수,2
대전 법동,2
법동 지역,2
지역 다단계,2
다단계 의료기,2
의료기 관련,2
관련 업체,2
업체 공간,2
공간 홍보,2
홍보 식사,2
식사 등,2
확산 증가,2
추세 노인,2
상대 운영,4
운영 부분,2
부분 확인,3
확인 인근,2
불안 호소,2
발열 검사,7
수칙 고려,2
이익 일방,23
일방 피해,23
피해 관계,23
관계 속,77
속 상생,23
수도 증가세,55
증가세 속,55
속 상인,54
위협 오일장,33
오일장 날,12
날 주변,12
주변 도로,12
주정차 횡단,12
횡단 모퉁이,12
모퉁이 아파트,12
아파트 진입,12
진입 출구,12
출구 것,12
것 불법주차,10
불법주차 주변,10
보행 안전,12
안전 침,10
침 주변,11
주변 인도,13
노점상 도시,12
미관 안전,12
안전 보행,12
지장 시민,12
시장 상,14
인회 노점상,13
노점상 노조,13
노조 유착,31
유착 관계,31
속 주변,33
간 거리,3
번 가래,2
가래 침,2
담배 냄새,2
중 확진자,5
확진자 코로나,2
감염 대비,2
배드민턴 동호인,4
개월 간,3
간 명,2
국내 유입,2
차량 도로,2
어르신 코로나,3
요즘 우한,2
살충 방제,2
배치 컵,2
컵 그릇,2
사실 봉쇄,2
리치 웨이,4
물류 센터,2
키즈 어린이집,2
유행 대비,2
어린이집 등원,3
등원 시,2
검사 실시,3
출입 개소,2
적 코로나,3
필요 시기,2
발생 이전,2
거리 정도,2
데 냄새,2
서울시 방문,2
봉쇄 코로나,2
코로나 차단,2
구름 빵,2
빵 빵집,2
빵집 용강,2
용강 초등,2
담벼락 시작,2
시작 부근,2
부근 골목길,2
골목길 군데,2
군데 골목,2
골목 공사,2
담벼락 주택,2
주택 군데,2
군데 공사,2
중 마포아트센터,2
마포아트센터 앞,2
공사 대형,2
대형 덤프트럭,2
덤프트럭 대,2
대 기본,2
기본 학교,2
학교 통,2
학로 안전,2
안전 노출,2
노출 동네,2
동네 길가,2
길가 건널목,2
건널목 녹색,2
녹색 어머니,4
어머니 회,2
회 구름,2
구름 빵집,2
빵집 학교,2
담벼락 아무,2
아무 구간,2
구간 덤프트럭,2
덤프트럭 승합차,2
승합차 오토바이,2
오토바이 학교,2
후문 보안관,2
보안관 아저씨,2
아저씨 후문,2
후문 위치,2
위치 담당,2
담당 경찰,2
경찰 공익,2
요원 때,2
때 그,2
그 후문,2
후문 학기,2
학기 초,2
초 학교,2
학교 골목,2
골목 인도,2
차 대,4
대 넓이,2
넓이 위,2
위 언급,2
언급 구간,2
구간 경찰,2
경찰 녹색,2
어머니 상주,2
상주 학로,2
학로 수,2
위험 구간,2
구간 주차,2
금지 곳,3
주차 교시,2
교시 도보,2
도보 아이,2
학교 교통,2
교통 지도,2
코로나 위,2
위 구간,2
구간 안전사고,2
것 주차,2
주차 주변,2
안전 침해,2
침해 주변,2
노조 관계,16
상황 상,2
인회 권리,2
권리 시유지,2
시유지 노점상,2
노점상 상,2
인회 허가,2
허가 수,2
피해 시장,2
요구 안산시,4
안산시 지금,3
지금 문제,3
문제 통감,3
통감 그간,2
그간 피해,3
보상 차원,2
차원 시민,2
철거 부족,2
부족 교육,2
교육 초중,2
초중 등,2
학교 조성,2
조성 인프라,2
인프라 조성,2
양수 아파트,2
아파트 아이,2
등 학로,2
학로 사용,2
사용 어른,2
어른 조,2
불편 이곳,2
이곳 코로나19,3
아이 생각,2
환자 진료,2
코로나19 고위험,3
고위험 지역,3
지역 지정,3
지정 한식,2
한식 부페,3
부페 바,2
바 역,2
역 지침,2
지침 거,3
거 시,2
사이 식사,3
식사 모습,3
모습 군데,3
군데 가동,3
가동 에어컨,3
에어컨 선풍기,3
선풍기 바이러스,3
전파 노출,3
노출 내,2
내 시정,3
출입 관리,2
시기 안전,2
장충 테니스장,2
지속 코로나19,3
우려 바,2
때 운영,2
영업 활동,2
위반 조치,3
배 기음,2
온라인 시험,2
효도 잔치,2
식당 이용,2
식사 대접,3
조치 명령,3
집 거,2
신고 전,2
회원 대부분,2
웨이 양천,2
때 리치,2
감염 코로나,2
봉쇄 제발,3
부페 식당,4
식당 코로나,2
식사 배식,2
마스크 식사,2
위반 적치,3
곳 사물함,2
신고 위반,2
곳 하나,2
불안 마당,2
관련 다중,3
장 내,2
내 감염,3
시도 때,3
때 안전,3
문자 짜증,3
짜증 삭제,3
소리 말,2
강화 평화,2
평화 전망대,2
시설 공단,2
공단 직원,2
출구 봉쇄,2
말씀 수,2
코로나 고위험,3
집 공기,2
환자 확률,2
말 데,2
이해 말,2
클럽 코로나,2
때 봉쇄,3
코로나 감염병,2
문 사항,2
지역 토사,2
토사 유출,2
방지 예방,4
대책 수립,2
수립 시,2
명 대회,2
테이블 명,2
홈페이지 코로나,3
대응 현황,2
옆 도로,3
시설 마스크,3
확산 요즘,4
불안 밤,3
밤 소음,2
날 경제,2
활동 주민,2
주민 밤잠,2
밤잠 피해,2
발생 조심,2
교회 내,3
내 레포츠,2
레포츠 센터,2
센터 운동,2
때 일시,2
일시 중지,2
신고 전국,2
사람 벌금형,4
벌금형 억,5
무기 징역,2
징역 코로나,2
옥련 시장,2
두기 가능,3
가능 시장,2
불편 해소,2
코로나 기여,2
기여 수,2
번 얼굴,2
얼굴 신체,2
신체 복장,2
복장 기존,2
기존 바이러스,2
바이러스 사멸,5
사멸 것,2
것 물,2
물 최장,2
최장 시간,2
동안 인간,2
인간 대화,2
대화 문고리,2
문고리 물건,2
물건 접촉,2
접촉 바이러스,3
바이러스 차단,4
차단 사멸,2
사멸 생활,2
방역 대안,2
대안 것,2
관광 명소,2
공원 부두,2
안 운동,2
기구 사용,2
업무 방문,2
일부 마스크,3
입구 손,2
소독 발열,3
체크 등,4
등 방문자,2
착용 등,7
직원 대부분,3
문제 사진,2
시영 아파트,3
코로나 뿐,2
개발 지역,2
관련 집합,2
위반 코로나,3
국민 경각심,2
코 예방,2
예방 제안,3
제안 공원,2
공원 설치,2
주민 쉼터,2
쉼터 시설,2
시설 주민,2
주민 노인,2
노인 아침,2
저녁 낙,2
낙 낙,2
낙 애기,2
애기 시물,2
시물 섭취,2
섭취 코로나,2
가능 방대,2
방대 잭,2
잭 자석,2
자석 거리,2
두기 표시,2
표시 자리,2
자리 수,3
수 표시,2
표시 페인트,2
페인트 사용,2
사용 표시,2
표시 현수막,2
현수막 설치,3
설치 홍보,2
방지 수,2
생각 데어,2
데어 거리,2
거리 ㅅ,2
ㅅ 시제,2
시제 제안,2
제안 시행,2
시행 댓,2
댓 수,2
수 잇,2
잇 롤,2
위치 스타,3
줄 코로나,2
일 행동,3
방문 조치,2
제안 저,3
대구 버스,4
하루 확진자,2
허리 다리,2
요청 분,2
세 세,2
분 대다수,2
주말 공사,2
연일 수고,2
수고 정부,2
둔촌동 주공,2
주공 아파트,2
아파트 재건축,5
재건축 조합,7
조합 월,4
조합원 총회,6
방문 동의서,2
동의서 징구,5
요원 전국,2
수 하루,2
하루 시,2
요원 명,2
성과급 만,2
서울시 강서구,3
강서구 양천,2
양천 지하,2
위치 웨스트,2
웨스트 짐,2
짐 업체,2
업체 위,2
위 링크,2
단체 사진,2
짓 수,2
수 킥복싱,2
킥복싱 등,2
등 신체,4
접촉 운동,3
위험 시정,2
문진 표,2
시험 코로나,2
위험 방역,4
취약 지역,2
음악 연습,2
연습 실,5
실 대여,2
대여 종교,2
모임 신고,2
신고 방역,2
부산 도시,2
도시 철도,4
이용 승객,2
수 위치,2
방역 취약,2
지역 신고,2
발생 불안,3
밖 수,2
미착용 사람,4
방역 관련,3
부산 남구,4
남구 청,3
청 관할,2
오륙 스카이,2
스카이 워크,2
사진 금지,2
것 부산,2
일 방역,2
음식점 방역,2
코로나 행량,2
행량 상황,2
상황 사고,2
사고 아이,2
아이 정상,2
등교 사거리,2
사거리 신호등,2
신호등 설치,2
설치 차량,2
차량 과속,2
과속 조치,2
질병 본부,2
본부 안전신문고,2
민원 게,2
여기 문의,2
문의 여기,2
여기 게,2
게 회사,2
회사 회식,2
회식 수,2
유행 시기,3
시기 회식,2
회식 생각,2
코로나 해,2
해 지령,2
지령 게,2
저 불안,2
사무실 내,2
내 식구,2
식구 코로나,2
일 위화감,2
위화감 사무실,2
사무실 마스크,3
회식 참여,4
참여 혼,2
혼 강제,2
강제 회식,2
행동 생각,6
국가 방역,2
미착용 영업,2
고객 이용,2
이용 마사지,2
마사지 안마,2
안마 업소,2
독제 비치,2
수 예방,2
여행 동호회,2
동호회 단체,2
단체 버스,2
버스 여행,2
여행 시,2
왕 교회,4
교회 봉쇄,14
봉쇄 내,2
봉쇄 예배,3
명 벌금형,3
특성 사람,2
광주광역시 코로나,7
명 짜증,2
나 광주광역시,2
광주광역시 확진자,2
확진자 금탑,2
금탑 철물,2
철물 동구,2
동구 화산,2
화산 용산동,2
용산동 화정동,2
화정동 시설,2
봉쇄 광주,4
광역시 데,2
데 앞,2
앞 일,2
일 나,2
나 짜증,2
짜증 동구,2
동구 봉쇄,2
코로나19 각종,2
코로나 몸살,3
광 륵,2
륵 사,2
벌금형 코로나,2
교회 때문,2
전국 교회,5
내 말,3
봉쇄 집합,2
주 뭐,2
봉쇄 전국,2
코로나 수칙,3
코로나 소모임,4
교회 성가대,2
체크 명부,5
명부 작성,16
최소 명,2
단속 교회,2
불편 사항,2
조합 조합원,2
조합원 명,2
총회 개최,11
참석 조합원,2
가가호호 방문,2
접촉 방식,2
방식 동의서,2
요원 일당,2
매개체 수,2
확진자 확산,2
학년 온라인,2
일 월요일,2
마찬가지 하루,3
사생활 시간,2
중학교 학년,2
사회 선생,2
월요일 금요일,3
정규 수업,5
날 그날,2
월 화,2
화 수,2
수 목,2
목 금,2
주말 토요일,2
개인 시간,4
시간 침해,3
어린이집 학교,3
학교 원,2
이용 제한,2
집 격리,2
확산 속도,3
실내 모임,2
자제 시기,2
날 행사,2
마스크 대부분,2
누가 방문,2
리자 상황,4
오일장 시민,56
시장 주변,26
피해 실정,20
주변 상,34
인회 노점,41
노점 노조,41
실정 본인,19
앞 위치,2
아무 마스크,4
아파트 상가,4
방 코로나,2
미준 수,4
건강 검진,2
국가 기관,3
개인 방역,5
사람 문제,3
어린이집 원장,3
말 행동,2
생각 말,2
올해 코로나19,2
코로나19 개월,2
축구 부,2
이 시정,2
저희 사무실,2
조치 점,2
기대 수,2
귀 조치,2
사무실 직원,2
직급 코로나,2
생각 저희,2
때 임시,2
이후 우리,3
국민 기본,3
수칙 개인,3
방역 실천,3
실천 초기,3
초기 확산,3
확산 강화,3
경우 확진자,2
접촉 사용,2
사용 코로나,3
검사 자가격리,3
시작 후,5
확진자 차,2
차 확진자,3
확진자 분류,2
드레 조각,2
조각 공원,2
서울 한강,2
한강 공원,2
공원 유수지,2
행사 개최,2
우리 코로나,2
국자 코로나,3
전국 신종,2
결재 때,2
핸드폰 패이,2
것 마음,2
고객 터치,2
터치 수,3
수 생활,4
약 조제,2
의사 선생,2
최근 광주,2
광주 코로나19,2
아파트 승강기,2
코로나19 급속도,2
집단 면역,2
검사 사람,2
불안 아침,2
체조 하,2
하 체조,2
체조 달,2
달 큰일,2
큰일 것,2
시점 어디,2
어디 이야기,2
이야기 때,2
때 현장,2
현장 사람,2
사람 이야기,2
결재 시,2
시 핸드폰,2
카드 결재,2
손 코로나,2
아이디어 제출,3
코로나19 시정,2
코로나19 예방수칙,2
때 일,3
병원선 발주,2
코로나 장기,2
효과 입증,2
사항 신고,2
인명 사고,3
사고 인명,2
말 소리,2
소리 등,2
노력 것,4
것 대비,2
코로나 광주,2
관련 단속,2
주점 코로나,4
중 열,2
감기 기운,2
인 실,4
속 위험,2
모임 명,4
명 거,3
단속 이게,2
이게 뭐,12
착용 생활,2
회 마스크,3
감염 내,2
코로나19 광주,3
운영 중지,4
것 정부,2
당국 코로나19,2
부산광역시 기장군,3
기장군 농업기술센터,6
농업기술센터 유용,3
유용 미생물,6
미생물 코로나19,3
예방 소독,6
소독 홍보,3
홍보 배포,3
배포 유용,3
미생물 질병관리본부,3
질병관리본부 환경부,3
환경부 코로나19,3
소독 승인,3
승인 성분,3
성분 포함,3
포함 센터,3
센터 관계자,3
관계자 코로나19,3
사멸 효과,3
효과 검증,4
검증 말,3
말 검증,3
검증 성분,3
성분 사용,3
독려 지자체,3
지자체 검증,3
검증 소독약,3
소독약 사용,3
사용 혼란,3
혼란 당국,3
당국 제재,3
제재 필요,4
농업기술센터 외,3
외 전국,3
대부분 지자체,3
지자체 방역,4
당국 권고,3
권고 소독,3
소독 지침,3
지침 트,3
트 체크,3
체크 전문,3
전문 미디어,3
미디어 뉴스,3
뉴스 톱,3
톱 정보,3
청구 확보,3
확보 전국,3
개 지자체,3
소독 실태,3
실태 연속,3
연속 보도,3
보도 pw,3
pw 참고,3
참고 전국,3
전국 지자체,3
지자체 효과,3
위험 집단,2
주말 평일,2
평일 시간,2
시간 소리,2
소리 노래,4
노래 예배,2
예배 활동,2
활동 주변,2
단지 주민,2
주민 밀집,2
지역 소리,2
노래 예수,2
예수 예수,4
예수 곡소리,2
곡소리 예배,2
문제 집합,2
집합 해제,2
해제 명령,2
모임 코로나,5
기관 고용,2
성모병원 신종,3
서울 성모병원,2
아이 농구장,2
농구장 림,2
코로나 운동,2
상황 인원,3
본론 동선,2
검사 연락,3
연락 보건소,2
보건소 구청,2
구청 리스트,2
리스트 검사,2
일 직장,2
직장 그날,2
그날 일,2
사람 전원,2
전원 검사,2
검사 보건소,2
측 직장,2
직장 근무,2
검사 대상,2
대상 목록,2
목록 구청,4
구청 검사,2
검사 수차례,2
수차례 검사,2
검사 거부,3
보건소 연락,2
연락 때,5
대처 코로나,2
검사 거절,2
때 거절,3
발 대처,2
전화 사람,4
확진자 경우,3
고위험 시설,2
발생 가능,4
폐쇄 건물,2
학년 학생,4
등교 코로나,2
코로나 식,2
운영 금지,2
자영업 운영,2
층 골프,3
골프 연습장,2
출입자 관리,4
연습장 사장,2
동네 확진자,2
일 식당,2
제공 수,2
광주 교회,3
광주 사랑,2
사랑 교회,4
교회 간,2
간 사람,2
요즘 사람,3
코 코로나19,2
건설 장비,2
심야 시간,3
형식 거,2
상대 코로나,2
사람 음식,2
코로나19 안전신고,2
일수 전단지,2
기타 민원,2
중요 것,4
확진자 근무지,2
근무지 거짓,2
거짓 신고,2
최근 사우나,2
사우나 코로나,2
검사 장비,2
생각 앞,3
아파트 어린이집,2
등원 보호자,2
보호자 어린이,2
어린이 곳,2
코로나19 곳,2
곳 분,2
분 곳,2
카메라 밑,2
밑 얌체,2
얌체 주정차,2
보육 관련,2
사람 교육,3
예방 아이디어,2
아침 오후,3
두기 단계,10
예방 생활,3
생활 안전,2
야외 파크,2
니스 헬스,2
착용 턱,2
턱 착용,6
미착 용자,2
용자 제재,2
시설 코로나19,8
학원 명,2
자체 것,2
전남 지역,3
전남 소방본부,2
학교 시험,8
체력 시험,2
시간표 변경,2
설치 운영,3
운행 버스,2
숨 수,3
때문 장사,2
출입 명부,13
표시 선,2
방지 제안,3
전파 사례,2
두기 미,2
문제 우리,2
시장 코로나,4
기차 안,2
때문 정도,2
예방 학교,3
학교 에어컨,2
에어컨 사용,2
사용 시,2
시 환기,2
환기 국민,2
국민 수백,2
사용 전철,2
전철 화장실,2
화장실 공중,2
환풍기 미,2
미 작동,2
작동 숨,2
수 평,2
평 공간,2
감염자 최소한,2
최소한 수십,2
환풍기 정상,2
정상 가동,2
가동 코로나,2
예방 사전,2
노인 병원,2
건 신고,2
신고 일자,2
일자 벌레,2
벌레 노래기,2
노래기 퇴치,2
퇴치 신고,2
신고 관련,3
관련 관계,2
조치 실망,2
실망 분통,2
분통 코로나19,2
때문 세상,2
세상 살맛,2
살맛 달,2
역사 공원,2
상가 주변,2
주변 노래기,2
노래기 세상,2
세상 지난번,2
지난번 제,2
후 노래기,2
노래기 등,4
등 벌레,4
벌레 퇴치,4
퇴치 작업,2
작업 시행,2
시행 지금,2
지금 숫자,2
숫자 기하,2
기하 급수,2
급수 것,2
판단 코로나,2
시 상상,2
상상 초월,2
초월 신속,2
신속 대처,3
대처 본인,2
본인 신고,2
신고 제보,2
제보 노래기,2
퇴치 관련,2
관련 부서,2
부서 공무원,2
공무원 탁상행정,2
탁상행정 것,2
화 현장,2
현장 번,2
번 현실,2
현실 파악,2
교회 옆,2
허가 지역,2
지역 사유지,2
거리 금연,2
금연 거리,3
사람 담배,2
위생 생활,3
등 시행,2
임시 총회,2
명 회의,2
불법 숙박,2
서피 비치,2
해수욕장 개장,3
개장 전,2
이곳 방문,2
마무리 때,5
때 교회,2
억 형,4
형 선고,3
예배 참석자,12
참석자 명,3
광주 일곡,2
일곡 중앙,11
때문 이게,3
명 광주,2
광주 북구,2
봉쇄 이게,2
뭐 이게,5
뭐 나,2
나 감염,3
이게 일곡,4
참석자 때문,3
일 이게,2
참석자 일,2
참석자 나,2
나 내,21
내 인생,7
인생 거,3
거 내,3
광주 확진자,4
봉쇄 봉쇄,4
확산 영향,3
건물 건물,3
보행 도로,2
토일 휴일,2
저녁 마지막,2
마지막 일정,2
일정 관악구,2
관악구 쪽,2
관련 법,4
대형 견,2
내 것,2
공간 확보,2
발생 피해,2
곳 신고,2
사람 식당,2
모임 금지,5
때 집합,2
사람 종교,3
이거 거,6
이게 방심,2
방심 코로나,2
코로나 종교,2
모임 교회,2
교회 문,2
문 봉쇄,2
이게 광주광역시,2
코로나 엉망진창,2
엉망진창 거,2
거 거,11
인생 마당,2
마당 이번,2
이번 예배,2
참석자 국민,2
국민 나,2
나 엉망진창,2
엉망진창 이거,2
때문 감염,2
체크 요원,2
토 일요일,2
오 일,2
시 경기,2
모습 생각,2
식당 코로나19,2
집 길,2
금지 체육,2
출입자 명단,2
코로나19 집합,2
소독 실시,3
운동 특성,2
특성 코로나,2
발생 해당,2
코로나 제안,2
코로나 테스트,2
테스트 취하,3
마스크 대화,2
창문 하나,3
교수 코로나,2
모기 방역,3
말 라리아,4
라리아 지카,4
지카 뎅기열,3
모기 흡혈,2
것 개인,2
임시 쇠,2
조치 민원,3
사람 체온,2
지침 준수,2
두기 중요,2
하나 이상,2
법 위반,3
달 간,2
배 칼,2
시청 북구,2
반시 행정,2
찜 방,2
때문 코로나19,5
자기 운동,2
데 운동,2
번 마스크,2
체크 번,2
명단 작성,4
카지노 바,2
성업 중,3
뿐 전국,2
저 성동구,2
성동구 지역,2
지역 주택,5
주택 조합원,2
조합원 코엑스,2
코엑스 옆,2
옆 라빌,2
라빌 웨딩,2
웨딩 홀,2
홀 창문,2
창문 곳,2
곳 명,4
명 조합,2
조합 총회,3
총회 코로나,2
시국 말,2
뉴스 집합,2
집합 명령,3
명령 곳,2
곳 인,2
원 벌금,2
벌금 강남구,2
강남구 코로나,2
전파 핵심,2
핵심 코로나,2
코로나 벌금,2
벌금 만,2
원 집합,2
금지명령 것,2
검토 조치,2
규모 행사,5
음식 코로나,2
불시 점검,4
방문 필요,2
필요 처벌,2
사람 방역,2
미 준수,2
식당 테이블,2
테라스 밀폐,2
밀집 밀접,4
접촉 각종,2
각종 행위,2
행위 자행,2
자행 테라스,2
테라스 창문,2
환기 테라스,2
테라스 월요일,2
월요일 일요일,2
일요일 사람,2
사람 언어,2
언어 교환,2
교환 모임,2
모임 파티,2
파티 주최,2
주최 한국인,2
한국인 외국인,2
위험 국적,2
국적 사람,2
공간 밀접,2
접촉 테라스,2
테라스 사람,2
사람 악수,2
악수 포옹,2
포옹 등,2
접촉 극도,2
극도 사람,2
사람 침방울,2
침방울 것,2
테라스 코로나19,2
위험 애초,2
애초 아무,2
착용 기념,2
기념 촬영,2
촬영 시,2
시 구호,2
구호 행위,2
기타 코로나19,3
차단 데,3
데 효과,2
효과 방,2
안 테라스,2
테라스 집합,2
테라스 헌팅,2
헌팅 술집,4
술집 포차,2
포차 감성,2
주점 면,2
면 헌팅,2
술집 사회,2
사회 문제,2
문제 만큼,2
만큼 테라스,2
테라스 문제,2
가능 코로나19,3
때 테라스,2
테라스 행정,2
종로 가,2
가 위치,2
위치 스퀘어,2
스퀘어 본관,2
본관 별관,2
별관 안,2
안 공무원,2
공무원 시험,2
준비 학원,2
학원 사용,2
사용 독서실,2
독서실 시설,2
이용 학생,2
학생 학원,2
학원 외,2
외 상가,2
상가 복도,2
복도 화장실,2
사용 때,2
미착용 안전거리,2
등 점심,2
점심 저녁,2
식사 전후,2
전후 시간,2
학생 상가,2
층 화장실,2
화장실 복도,2
복도 밀집,2
밀집 체,2
체 양치,2
양치 양치질,2
양치질 상가,2
상가 내부,2
내부 이동,2
이동 상가,2
상가 내,2
내 학생,2
학생 상대,2
운영 매점,2
매점 주변,2
주변 간,2
간 테이블,2
테이블 음식,2
음식 판매,2
판매 취식,2
취식 코로나19,2
안전 취약,2
취약 환경,2
환경 유지,2
유지 영업,2
중 거리,2
거리 발열,2
안녕 서영,2
서영 대학교,17
급증 와중,4
기말고사 대면,2
체크 호흡기,4
호흡기 증상,4
학교 상황,3
불법 채류,2
최근 지역,2
이용 고객,2
확진자 계속,2
공공 체육,5
할인 마트,2
대신 민원,2
포천 병원,3
경복 대학교,7
간호학 과,3
시간 대,2
조사 해당,2
것 의문,2
간호사 경복,3
시험 감독관,2
손님 간,2
분말 예방,2
기사 폭행,3
폭행 예방,2
광주 지역,10
이상 단체,2
개최 코로나,3
폐쇄 운동,2
운동 시민,2
생각 아래,2
오일장 장사,2
속 시민,22
방역 착용,2
신규 인원,2
때문 배,2
배 근처,2
근처 곳,2
학생 광주,6
와중 광주,3
광주 교육청,3
교육청 북구,3
북구 지역,3
지역 유치원,3
유치원 초,3
초 중,3
중 고,3
고 등교,3
금지 수업,3
수업 북구,3
북구 서영,4
학교 대면,3
시험 입장,3
입장 제,3
거주 동,3
동 조,3
명 버스,3
위험 지구,3
지구 북구,3
북구 위치,3
위치 학교,3
생각 저번,3
주 대면,3
때 열,3
증상 미열,3
미열 학생,3
학생 조,3
내 가격,3
시험 말,3
세계 비상,3
안녕 서영대,2
서영대 학교,6
버스 조심,2
확진자 서영,2
대학교 번,2
버스 서영대,2
학교 정류장,2
정류장 서영대,2
서영대 학생,2
학생 보장,2
보장 동선,2
동선 학생,4
앞 열,2
체크 분,2
강의 도중,2
도중 마스크,2
마스크 학생,2
식 수업,2
시험 생각,4
코로나 시설,4
지침 적용,2
적용 파티,2
파티 룸,2
룸 의,2
걱정 중단,2
수칙 확인,3
명부 정확,3
거 확진자,2
수 안산시,8
안산시 소유,8
소유 시민,8
학생 기말고사,2
입시 중요,2
것 보건,2
다중 밀집,4
확산 가능,3
어린이 노약자,21
도움 생각,2
경찰서 민원,2
상황 행동,2
입시 발열,2
요즘 운동,2
분 중,3
이상 게,2
상태 헬스,2
체크 코드,2
전 서면,2
서면 노래방,2
노래방 것,2
것 체육복,2
체육복 여학생,2
여학생 걸,2
걸 밀폐,2
밀폐 노래,2
노래 음료,2
음료 섭취,2
섭취 때문,2
학교 규모,2
확산 집,2
학생 노래방,3
노래방 사용,2
수 월,2
날 아시,2
아시 아드,4
아드 점,2
점 영화관,2
영화관 폐기물,2
폐기물 반출,2
반출 일,4
일 헬스,2
헬스 사람,2
사람 반팔,2
반팔 반바지,2
반바지 마스크,2
마스크 반말,2
반말 신경질,4
신경질 인부,2
인부 하루,2
종일 가지,2
가지 예,2
예 점검,2
점검 안전모,2
안전모 끈,2
끈 내피,4
내피 시커,2
시커 멋,2
멋 게,2
게 때,2
때 정작,2
정작 자신,2
자신 걸,2
걸 안전,2
게 주변,2
주변 폐기물,2
폐기물 걸,2
걸 걸,2
걸 것,2
것 먼지,2
먼지 방진,2
지급 나마,2
나마 코로나,2
때문 덴,2
덴 마스크,2
마스크 먼지,2
먼지 수,2
밖 사무직,2
사무직 음료,2
음료 참,2
참 아무것,2
아무것 정,2
정 윈,2
윈 담배,2
담배 꽁초,2
꽁초 데,2
데 빗자루,2
빗자루 사용,2
사용 손,2
입 타액,2
타액 수,2
수 비,2
비 반,2
반 코팅,2
코팅 장갑,2
장갑 젖,2
젖 데,2
방역 때문,2
이상 작업,2
작업 이,2
이 때,2
때 즈음,2
즈음 마무리,2
마무리 곳,2
곳 중,2
중 데,2
데 작업,2
작업 동료,2
동료 분,2
분 인부,2
인부 데,2
데 고압,2
고압 사람,2
사람 데,3
데 바보,2
바보 동료,2
동료 합류,2
합류 때,2
거 범죄자,2
범죄자 취조,2
취조 반말,2
반말 쌍욕,2
쌍욕 갑,2
갑 규제,2
시민 입장,6
입장 문제,6
현장 내,2
변종 코로나,2
시간 집합,2
위험 천만,2
교육 사이버,2
각종 세균,3
시설 공공,2
일 취업,3
취업 안내소,2
게 불안,3
그때 생각,2
생각 여기,2
명 전국,5
대상 총회,2
발병 위험,3
명 조합원,3
공간 집회,2
미착용 코로나,3
교육 후,3
방역 대한민국,2
타워 지하,2
해당 사업,2
사업 장,2
장 코로나,8
작성 코드,2
코드 작성,2
동선 추적,2
코로나19 장기,2
발생 때,2
때 달,2
달 김해시,2
김해시 부원동,2
부원동 위치,2
스타 타이,2
타이 클럽,2
운영 외국인,2
외국인 고용자,2
고용자 외국인,2
외국인 손님,2
착용 모습,4
모습 번,2
번 적,3
지역 안일,2
이번 일,2
일 어린이,2
점검 기사,2
기사 정신,2
정신 교육,2
여름 아이,2
아이 급식,2
급식 간식,2
간식 점검,2
가락 시영,5
책 박물관,2
체크 방문자,2
속거리 두기,3
지속 확산,2
송파구 청,2
시영 재건축,2
여러분 진심,2
환자 음용,2
음용 온욕,2
온욕 수,2
요구 그동안,5
그동안 시민,5
택배 기사,3
기사 코로나19,2
방역 방역,2
정확 관리,2
상태 명,2
이상 집회,3
집회 만,2
감염자 집회,2
참석 때,2
때 추가,2
추가 감염,2
방지 대책,2
사태 과다,2
과다 업무,3
노인 명,5
원인 수,3
대보 백화점,3
백화점 층,3
층 황금,3
황금 연못,3
연못 코로나,2
운집 시설,2
노인 쉼터,4
쉼터 코로나19,2
위험 시설,2
골목 방역,3
제외 시간,2
집 층,3
정읍 통운,2
광주 거주,3
소모임 자제,3
손 강조,2
작성 뿐,2
원장 유종호,2
의사 운도,2
공공시설 사단,2
사단 법인,2
법인 불법,2
불법 게시물,2
게시물 대회,2
대회 와룡,2
와룡 대교,2
대교 가로등,2
가로등 자전거,2
도로 사수동,2
사수동 일대,2
일대 게,2
게 시물,2
시물 미관상,2
미관상 코로나,2
사태 단체,2
마라톤 생각,2
생각 확인,2
다이어트 관리,2
달 관리,2
회 만,2
시설 때문,2
의정부 헬스,2
운동 주민,3
불안 운동,2
시정 요청,2
교회 이윤,2
이윤 목적,2
방 음막,2
거 교회,2
자정 운동,2
해당 교회,3
자카르타 거주,2
것 시일,2
내 단속,2
송파 구청,2
구청 신고,2
글 것,2
모임 단체,2
이 안전신문고,2
송탄 동안,3
동안 마을,3
마을 내,3
내 다목,3
다목 체육관,3
체육관 동네,3
주민 헬스,3
헬스 기구,3
기구 탁구,3
탁구 시설,3
시설 배드민턴,3
배드민턴 시설,3
사용 도로,3
도로 신고,3
허가 시설,3
상황 공공,3
시설 운동,3
수 배드민턴,3
동호인 관리인,3
관리인 사용료,3
사용료 지불,3
지불 수익,3
수익 개인,3
레슨 마스크,3
착용 포함,3
포함 사회,3
목격 흡연자,3
흡연자 무분별,3
무분별 동네,3
동네 주변,3
주변 흡연,3
흡연 목격,3
목격 평일,3
평일 물론,3
물론 주말,3
오후 사람,4
사용 체육,3
조치 내부,3
내부 상황,3
상황 촬영,3
촬영 형식,3
형식 조치,3
조치 백,3
사용 운동,3
운동 밀접,3
접촉 비말,3
비말 분비,3
분비 곳,3
것 마을,3
마을 송탄,3
송탄 전체,3
전체 길,3
길 생각,3
에스 타워,2
타워 영등포구,2
영등포구 양평,2
양평 길,2
길 앞,2
앞 인도,2
인도 흡연실,2
흡연실 사람,2
흡연 게,2
게 땐,2
땐 이,2
명 흡연,2
흡연 대화,2
대화 코로나19,2
등 여름,2
데 집합,2
방역 파티,2
파티 이용,2
이용 객간,2
객간 밀접,2
무증상 코로나,3
안전 여수,2
여수 유,2
호텔 풀,2
풀 파티,2
파티 행사,2
행사 금지,4
지역 광주,3
군사 기지,2
이순신 동상,2
오후 시간,3
곳 관리,2
위험 확인,2
교회 수련,2
코로나19 의료진,2
대전 구단,2
문체 부,2
지속 아파트,2
등 전염,2
영업 계속,2
소독 비치,6
카트 소독,2
직원 중,3
손 마스크,2
시정 요구,5
체육공원 문,2
명 중,2
명 수강,2
김영 편입,2
한국 문화,2
문화 예술,2
예술 교육,2
흥원 원장,2
월요일 회의,2
회의 촬영,2
촬영 직원,2
영상 회의,2
동영상 촬영,2
신고 한국,2
아이 공부,2
건 확인,2
감염 초래,2
용시 출입,2
테니스장 배드민턴,2
장 사람,2
대다수 사람,2
양천구 탁구장,3
코로나 산책,2
유 치부,3
치부 초등,3
학교 고학년,3
고학년 명,3
전국 참가,3
참가 시국,3
시국 누굴,3
누굴 대회,2
사람 민원,3
민원 군수,3
군수 경기,3
경기 취소,3
취소 글,3
글 답변,3
답변 기사,3
기사 양구군,3
양구군 상권,6
상권 활성,8
활성 자랑,3
안전 양구군,3
활성 중요,3
중요 겁니까,3
겁니까 방역,3
방역 세계,3
지역 소용,3
소용 무증,3
상자 명,3
명 어린아이,3
어린아이 명,3
명 순간,3
순간 코로나,3
텐데 어른,3
어른 생각,3
생각 욕심,3
욕심 아이,3
아이 사지,3
사지 걸까요,3
수 양구군,3
대회 신고,5
신고 도,3
도 날씨,3
분 아이,3
것 힘,3
이듭 니다,3
니다 소규모,3
소규모 모임,6
자제 긴급,3
긴급 문자,3
문자 대회,3
대회 군,3
군 재앙,3
외양간 일,2
일 강원도,2
양구군 행복,2
행복 양구,2
양구 컵,2
컵 축구,2
축구 대회,12
신고 유,2
누굴 축구,2
자랑 아이,2
소용 청정,2
걸까요 이해,2
양구군 축구,2
개최 신고,2
날씨 축구,2
축구 운동,2
체크 마스크,5
발생 번,2
학생 개인,2
문제 마스크,2
시 제재,2
코로나19 난리,2
배치 공무원,3
난리 시국,2
번 학교,2
확산 코로나,2
혼신 노력,2
확인 내용,2
환자 급증,3
급증 학과,2
학과 특성,2
특성 교내,2
교내 실습,2
실습 대체,2
대체 특정,2
특정 요일,2
요일 학교,2
주 학교,2
시험 종강,2
종강 서영,2
대학교 당장,2
주 월요일,3
금요일 대면,2
시험 무증,2
상자 확진자,2
확진자 뉴스,2
뉴스 보도,3
보도 때문,2
시험 상황,3
상황 학생,3
버스 무증,2
상자 보장,2
보장 곳,2
곳 학교,2
학교 때문,2
불안 급증,2
급증 부모,2
부모 우려,2
학교 나,2
나 명,2
공간 시험,2
마음 시험,2
코로나 예방수칙,2
연수 동,2
동 지역,2
글 처음,2
수업 등교,2
속 각종,2
각종 위험,2
요소 코로나19,2
수칙 듯,2
해당 학원,2
안녕 광주,2
시험 강의실,2
버스 택시,2
동선 것,2
코로나19 신고,6
코로나 대구,2
광주 서영,3
시험 학교,3
마음 불안,2
강의실 시험,2
때문 모임,2
포스트 코로나,4
일 전국,2
명 유초,2
유초 등,3
학생 어린아이,2
어린아이 양구,2
양구 축구,2
대회 룹,2
룹 니다,2
니다 전국,2
모범 때,2
때 군청,2
군청 답변,3
내용 양구군,2
경제 침체,3
침체 상권,2
활성 스포츠,2
스포츠 마케팅,2
마케팅 수,2
전국 몸살,2
몸살 전국,2
것 규모,2
행사 거기,2
거기 관련자,2
관련자 부모,2
부모 인파,2
인파 텐테,2
유소년 축구,2
대회 강행,2
것 태성,2
사람 술,2
마스크 하루,2
엉망 코로나,2
말 수업,3
학교 안,3
중 무증상,4
감염자 명,2
신고 광주,2
나라 지침,3
샘 마을,3
마을 단지,3
대전 사람,2
사람 이곳,3
사람 장터,2
때문 고통,2
상인 이용자,2
턱 마스크,2
마스크 상인,2
생각 시험,2
세상 아파트,2
남사 면장,2
앞 거,2
주택 조합,4
조합 호수,2
호수 지정,5
사람 자리,2
확산 자유,4
자유 바깥,4
바깥 생활,4
생활 가운데,4
가운데 다수,4
이용 공공장소,4
공공장소 인천대,4
인천대 공원,4
공원 센트럴,4
파크 아라뱃길,4
아라뱃길 등,4
등 단체,4
모임 동호회,4
지역 대전,2
상인 코로나,2
전남 코로나,4
확진자 하루,2
헬스 코치,2
운동 밀폐,2
확진자 사람,2
광주시 코로나,2
장소 집단,2
중학교 후문,2
골든 포레,2
거주자 주차,2
옆 공원,2
주행 차량,2
방지 최선,2
단계 사회,5
두기 확진자,2
조합원 광주,2
일방 빛,2
빛 가람,3
가람 지역,2
지정 일,2
지정 날짜,2
날짜 불참,2
불참 이익,2
이익 공지,2
조합원 건강,2
건강 안위,3
위협 신고,2
개 법인,2
개선 의지,2
예약 진행,2
점검 코로나,6
기본 수칙,3
체육 시간,3
지침 것,2
중 방역,3
시정 경고,2
수도 지역,3
전자 출입,7
고용 복지,3
센터 코로나19,2
방지 공공,2
지침 미준,2
호 노인,2
전라도 지역,2
체육 교사,4
행사 이야기,2
교사 사람,2
마스크 외출,2
의료진 노력,2
입구 체온,2
직장 집,2
재학 학생,2
확산 분위기,2
분위기 속,2
상황 강압,2
강압 학교,2
최저 점수,2
안정 직장,2
시설 음식점,3
강남구 논현동,2
층 쉘,2
쉘 위,2
위 노래,2
노래 주점,3
강화 방역,2
포커 대회,2
밖 외출,2
집 창문,2
오일장 안전,7
위협 시장,21
내 노점,21
노점 오일장,21
오일장 단속,21
단속 예외,21
예외 오일장,21
안 주변,23
시민 안산시,4
안산시 상생,21
상생 개인,21
추구 시민,21
부과 영업,2
등 자제,3
배달 금지,2
지하 위치,3
위 천안,2
천안 내문,2
경각심 부족,2
사유 코로나,2
샘 프라자,2
확인 차,2
여름 창문,2
영업 단속,2
방지 종교,3
시설 무단,2
무단 사용,2
서경 대학교,2
대학교 운영,2
운영 대학,2
대학 시설,2
시설 서경,2
서경 스,2
스 포월,2
포월 주말,2
주말 자리,2
자리 정도,2
정도 층,2
골프 타석,2
타석 이곳,2
직원 데스크,2
데스크 직원,2
착용 직원,2
모습 이곳,2
코로나 프리,2
프리 존,2
코로나 교육,2
운영 의문,2
생각 태만,2
태만 관리,2
행사 일,2
상태 시간,2
환급 위약금,2
저 전가,2
거주 시민,2
사람 동선,2
고생 고생,3
문자 국민,2
국민 생명,2
안전 발송,2
발송 문자,2
이후 남발,2
남발 하루,2
번 이제,2
이제 국민,2
삭제 상황,2
정규 예배,4
착용 미착용,4
동막 교,2
연수 동구,2
동구 간,2
온도 체크,2
제 라인,2
낮 동안,2
시장 상가,2
위험 주민,2
불법 사항,3
차례 이용,2
이용 시도,2
시도 입구,2
입구 확인,2
결과 미착용,2
미착용 턱걸이,2
턱걸이 착용,2
착용 이용,2
이용 사진,2
신고 어려움,2
어려움 코로나,2
동안 헬스,2
이용 기간,2
기간 제외,3
제외 해택,2
해택 환불,2
환불 필요,2
백화점 목동,2
목동 점,2
현장 조사,3
불가 답변,2
대중교통 마스크,2
정국 위험,2
위험 군,3
군 지목,2
지목 헌팅,2
헌팅 포차,2
포차 일종,2
일종 포차,2
포차 끝판,2
끝판 왕,2
왕 홍대,2
홍대 점,2
점 경우,2
경우 일반,2
것 주말,2
주말 밤,2
밤 오후,2
이후 손님,2
착용 춤,2
춤 위험,2
판단 일반,2
음식점 춤,2
행위 자체,2
자체 불법,2
사항 인식,2
인식 직원,2
직원 행위,2
행위 독려,2
독려 방조,2
방조 내부,2
내부 종업원,2
종업원 반복,2
반복 마스크,2
수칙 유흥,2
주점 설치,2
설치 가능,2
가능 빔,2
빔 프로젝터,2
프로젝터 우주,2
우주 볼,4
볼 등,4
등 특수,4
특수 조명,4
조명 설치,4
운영 국민,2
건강 염려,2
염려 금요일,2
금요일 토요일,3
토요일 오후,2
이후 현장,2
실시 위반,2
사항 행정,2
처분 증거,2
증거 자료,2
자료 빔,2
빔 프로젝트,2
프로젝트 상영,2
상영 첨부,2
파일 층,2
층 손님,2
손님 내부,2
내부 추,2
추 장면,2
장면 우주,2
설치 사진,2
분 명,2
착용 방역,3
총회 수,3
생각 불안,2
피해 안산시,17
구청 관리,2
시설 이용자,2
지속 방역,2
코로나19 시점,2
시점 지속,2
차 고지,2
해당 주소지,2
주소지 층,2
가량 폐쇄,2
수기 명부,2
직원 회원,2
작성 등,4
명 폐쇄,2
대보 아파트,3
호 호,3
단체 식사,2
일 박,3
지침 위반,2
창작 댄스,2
강행 이유,2
중 일,3
안 전원,2
관리 수,2
상태 교육,2
코로나19 교육장,2
코로나 규칙,4
규칙 위반,4
공간 마스크,7
코로나19 체육,2
코로나 신고,3
연일 뉴스,2
명 아파트,2
기숙사 인,2
지하 도로,3
기찻길 옆,2
도로 주변,2
단속 설치,2
유 아동,2
아동 주민,2
코로나 교회,2
전 진성,2
진성 인력,2
인력 사무실,2
일 옥상,2
옥상 슬라브,2
슬라브 일,2
일 인부,2
인부 명,2
명 게,3
게 코로나,2
마스크 건설,2
현장 특성,2
특성 안전모,2
현장 타인,2
타인 걸,2
걸 감염,2
우려 안전모,2
안전모 고압,2
고압 살균,2
살균 거,2
거 끈,2
내피 지급,2
지급 인부,2
인부 교체,2
교체 수,2
수 살균,2
살균 소독,2
소독 안전모,2
안전모 소독,2
비치 공문,2
공문 부산,2
부산 아시,2
아드 지점,2
지점 물,2
물 반출,2
일 갑,2
갑 헬스,2
헬스 관리자,2
관리자 인부,2
인부 반말,2
신경질 욕설,2
욕설 집기,2
집기 등,2
등 관리자,2
관리자 갑,2
갑 일,2
전 인부,2
인부 집기,2
집기 휘,2
휘 삽,2
삽 통신,2
통신 닥,2
닥 트,2
트 재단,2
재단 철판,2
철판 상업,2
상업 빠,2
빠 래트,2
래트 무게,2
무게 나,2
나 흉기,2
흉기 수,2
수 관리자,2
관리자 정신,2
정신 치료,2
치료 여름,2
여름 푼,2
푼 벌,2
벌 인부,2
인부 인생,2
거 요즘,2
고건 처리,2
물비누 디,2
디 스펜서,2
양해 부탁,5
관련 제안,3
감염 도서관,2
도서관 책,2
책 수,2
기사 때문,2
대현 공원,2
규모 연수,2
노력 국민,3
정거장 승객,2
끝 나지,3
회 등교,2
수칙 것,2
운동장 방역,2
입장 제한,2
건강 보험,2
보험 가입,2
당시 코로나,2
상담 사,2
사 분,2
추가 납부,2
시점 개월,2
개월 경과,2
코드 의무,3
수칙 노력,2
거리 안전,2
최소한 정보,2
관련 기본,2
카페 식당,2
동작 구민,2
밀접 상태,2
종식 지역,3
방문자 입구,2
환자 보호자,2
보호자 코로나19,2
간병인 등록,2
환자 수발,2
수발 식사,2
식사 수발,2
접촉 면회,3
발생 등,2
위험 다중,2
골프 연습,6
연습 분,6
데 경우,2
제 월,5
수 환경,2
환경 수,3
코로나 무방비,2
층 주인집,2
주인집 부부,2
부부 코로나,2
양성 확진,2
확진 성남,2
성남 의료,2
원 이송,2
소음 소음,2
소음 코로나,2
환자 집서,2
집서 발생,2
발생 걸,2
걱정 주택가,2
주택가 실내,2
실내 축구장,2
축구장 이거,2
예배 시,2
미착용 교회,2
교회 입장,2
입장 교인,2
토요일 교회,2
밥 배달,2
재량 부여,2
주변 운영,7
중 상,7
쿠팡 센터,2
건설 관련,2
수 계,2
시설 다중,3
사람 예배,2
직원 왜,2
왜 명,2
인원 미팅,2
미팅 직원,2
직원 외,2
외 발열,2
관련 세계,2
비상 무성의,2
무성의 대응,2
끝 것,2
명 예상,2
석 중,2
두기 열,2
콘서트 거,2
콘서트 장안,2
행복 약국,2
앞 하수구,2
하수구 냄새,2
냄새 코로나,2
환기 문,2
문 열,2
열 때,2
단속 과태료,2
부족 설치,2
채용 비리,2
비리 의심,2
의심 사례,2
인천광역시 교육청,2
차 공고,4
정실 채용,2
게시 인천,2
직권 남용,3
직원 방역,3
탁구장 운영,2
환기 밀폐,3
거기 마스크,2
마스크 요구,2
요구 수,2
강의 연단,2
수강 사이,2
정도 마스크,3
사용 걸,2
최소 일,2
성토 작업,2
활동 호기심,2
플랜 카드,2
장 대전,2
어른 이기심,20
이기심 나,20
내 가족,20
가족 어린이,20
노약자 임산부,20
등 지금,20
지금 고생,20
고생 코로나,20
코로나 의료,20
진분 희생,20
희생 감사,19
감사 기억,19
일 인력,3
인력 사무소,3
사무소 부산,3
부산 철도,3
철도 시설,6
관리 반,3
반 펜스,3
펜스 설치,3
설치 작업,3
작업 업자,3
업자 인부,3
인부 만,3
만 작업,3
작업 기둥,3
기둥 바닥,3
바닥 공,3
공 통신,3
통신 배관,3
배관 게,3
게 신호,3
신호 통신,3
통신 흰색,3
흰색 기둥,3
기둥 철도,3
시설 분,3
분 신호수,3
신호수 분,3
관리 분,3
분 대동,3
대동 일,3
게 보통,3
보통 감독,3
사람 신호,3
신호 케이블,3
케이블 열차,3
열차 운행,3
운행 시간,3
시간 사고,3
사고 건지,3
건지 오후,3
오후 케이블,3
케이블 관로,3
관로 때문,3
때문 위치,3
위치 선정,3
선정 문제,3
문제 전화,3
사람 전기,3
전기 사람,3
사람 관로,3
관로 거,3
거 장비,3
장비 케이블,3
케이블 표시,3
표시 시트,3
시트 지,3
지 옆,3
자리 작업,3
작업 신호,3
신호 대형,3
대형 사고,3
사고 엉망,3
엉망 거,3
거 봄,3
봄 월,3
버스 신세계,3
신세계 센텀,3
센텀 시티,3
시티 정류장,3
정류장 모,3
모 하우스,3
하우스 일,3
일 용적,3
용적 천정,3
천정 층,3
층 층높이,3
층높이 정도,3
정도 데,3
데 층,3
층 작업,3
작업 현장,3
현장 내부,3
내부 문,3
문 낭,3
낭 허당,3
허당 번,3
번 문,3
문 휀,3
휀 밖,3
밖 밖,3
밖 계단,3
계단 줄,3
줄 번,3
번 조립식,3
조립식 하우스,3
하우스 문,3
문 모델,3
하우스 단지,3
단지 개,3
개 동,3
동 조립식,3
조립식 모델,3
하우스 전국,3
전국 위험,3
위험 출구,3
출구 안전,3
조치 확인,3
확인 부산,3
부산 진구,3
진구 호천,3
호천 문화,3
문화 플레,3
플레 폼,3
폼 동내,3
동내 코로나,3
행사 노인,3
노인 벤치,3
벤치 마스크,3
박수 작두,3
작두 계단,3
계단 굿,3
굿 트로트,3
트로트 작두,3
작두 그거,3
그거 차,3
차 밖,3
밖 차도,3
차도 행사,3
사람 구경,3
구경 차량,3
차량 구경,3
구경 주차,3
차량 교통,3
교통 혼잡,3
혼잡 언덕,3
언덕 내,3
내 행사,3
행사 소음,3
소음 어제,3
어제 구청,3
구청 영화,3
영화 상영,4
상영 신고,3
신고 밤,3
시 계,3
계 파티,3
지침 생활,2
사진 단속,3
시국 조심,2
수칙 관리,2
서울 송파구,2
송파구 번,2
번 접촉자,2
전국 찜질방,3
밀집 업소,2
영업 자행,2
행사 주최,2
측 처벌,2
큐 알,2
수기 작성,2
관련 발열,3
광주 시민,2
오시리 마트,2
특별 단속,2
단속 주말,2
주말 오후,2
시간 불시,2
불시 단속,2
차량 얘기,2
얘기 사람,2
자영업 행안,2
행안 지침,2
지침 앞,2
앞 공영주,2
차장 공영,2
주차장 주변,2
주변 불법주차,2
불법주차 거,2
실 직원,3
착용 근무,2
시기 이거,2
친구 가게,2
가게 코로나,2
이때 코로나,2
코로나 피해자,2
조명 축구,2
전남 단계,2
사태 수업,2
진행 학과,2
학과 실습,2
실습 때문,2
상황 이해,2
이해 모두,2
모두 참여,2
참여 하규,2
계절 학기,2
학기 시작,2
후 교수,2
교수 병결,2
병결 처리,4
처리 몸,2
몸 관리,2
진행 병결,2
처리 출석,2
출석 점수,2
점수 학생,2
학생 몸,2
몸 수업,2
수업 전염,2
때 학교,2
학교 병결,2
병결 신청,2
신청 것,2
학생 권리,2
때문 모두,3
불안 수업,2
수업 상황,2
상황 교수,2
교수 직권,2
남용 인하,2
인하 학생,2
학생 피해,2
피해 점,2
점 졸업,2
졸업 압두,2
압두 취업,2
취업 준비,2
준비 생인,2
생인 학생,2
감염 영향,2
열 석,4
구입 사람,2
아이 명,3
광신 빌라,4
빌라 거주자,2
조치 안전,2
노조 간,7
간 관계,7
시야 확보,2
코로나19 걱정,2
탑승 마스크,2
열차 내,2
생각 단속,2
말 월,5
말 보완,4
보완 걸로,4
걸로 확인,4
확인 놀이시설,4
놀이시설 법,4
법 개월,4
개월 번,4
번 점검,4
이후 점검,4
점검 의문,4
의문 정보,4
요청 고민,4
고민 시설,4
시설 보완,8
보완 안전신문고,4
안전신문고 시설,4
보완 테마파크,4
테마파크 내,4
내 놀이시설,4
놀이시설 안전,4
안전 폐쇄,4
폐쇄 건,4
월 사진,4
사진 후,4
후 보완,4
보완 놀이시설,4
놀이시설 내,4
내 사진,4
사진 테마파크,4
테마파크 방문,4
방문 방문객,4
방문객 소수,4
소수 최선,4
최선 사진,4
장 밖,4
밖 건,4
건 계획,4
계획 양해,4
아진 교통,2
환기 관련,2
부착 환기,2
독서 까페,2
까페 독서실,2
독서실 편법,2
편법 운영,2
운영 스터디,2
카페 학원,2
학원 법,2
법 적용,2
적용 때문,2
시설 환경,2
환경 안전,2
안전 유흥업소,2
유흥업소 밀집,2
곳 성업,2
중 심야,2
운영 범죄,2
범죄 밤늦,2
밤늦 귀가,2
귀가 뿐,2
뿐 시험,2
시험 기간,2
기간 남여,2
남여 학생,2
학생 구분,2
구분 밀집,2
밀집 실내,2
실내 환경,2
환경 코로나19,2
미착용 실내,2
실내 외,2
외 소독,2
소독 등등,2
실내 방역,2
방역 학생,2
학생 간,2
방역 준수,2
준수 여부,2
층 층,4
이용자 코로나,2
사람 확인,2
미착용 밀접,2
확산 염려,3
불법체류 만남,2
만남 장소,2
자가격리 자가,2
자가 자택,2
자택 내,3
내 격리,2
서명 문서,2
외부 반출,2
반출 것,2
중 문제,2
집회 강행,2
오 산화,2
산화 등기소,2
등기소 코로나,2
체크 출입자,3
안전 곳,2
날 문,2
불시 검문,2
허가 국유지,2
예방 공공,2
시설물 사용,2
벌금 부과,2
광명 시청,2
구이 집,2
신고 분,2
유행 상황,2
마 장관,5
장관 단속,2
명 수십,2
조선 동포,2
미용사 마스크,2
수 구조,2
여름 성경,3
코로나 직접,2
직접 해,2
해 사항,2
사항 위,2
위 항목,2
항목 체크,2
체크 지자체,2
관리 행정,2
전부 상위,2
상위 부서,2
부서 판단,2
판단 글,2
글 작성,2
저 런던,2
런던 인천,2
입국 정오,2
정오 격리,2
격리 해제,4
해제 해,2
상황 극복,2
국민 정부,2
정부 부처,2
부처 공무원,2
공무원 합심,2
합심 필요,2
일 공무원,2
공무원 정확,2
정확 지침,2
지침 국민,2
국민 안내,2
안내 국민,2
국민 이,2
이 준수,2
준수 지침,2
지침 안내,2
안내 담당,2
공무원 기본,6
기본 메뉴얼,4
메뉴얼 숙지,4
숙지 저,2
저 기장,2
기장 군청,2
군청 소속,2
소속 자가격리,2
자가격리 담당,2
공무원 신,2
신 씨,6
씨 제게,2
제게 안내,2
안내 하루,2
이후 격리,2
해제 뻔,2
뻔 월,2
월 이후,2
무단이탈 관련,2
법률 최고형,2
최고형 년,2
년 이하,2
이하 징역,2
징역 천만,2
천만 원,2
원 이상,2
이상 벌금,2
벌금 상향,2
상향 조정,2
조정 자가격리,2
자가격리 장소,2
장소 이탈,2
이탈 것,2
것 물론,2
물론 일,2
기간 것,2
중요 이야기,2
이야기 공무원,2
공무원 실수,2
실수 하루,2
하루 누가,4
책임 마찬가지,2
공무원 자가격리,2
자가격리 모니터링,2
모니터링 날,2
날 자가격리,2
자가격리 안전,2
보호 앱,2
앱 것,2
것 담당,2
담당 업무,2
업무 코로나,2
대응 공무원,2
기본 전달,2
전달 숙지,2
숙지 내용,2
내용 앱,2
앱 시행,2
시행 지,2
지 메뉴얼,2
메뉴얼 걸까요,2
걸까요 자가격리,2
자가격리 해제,2
해제 관련,2
관련 유선,2
유선 가지,2
가지 확인,2
확인 저,2
공무원 폭언,2
폭언 부산시,2
부산시 내,2
내 보건소,2
보건소 의사,2
의사 재직,2
재직 중,2
중 아버지,2
아버지 확인,2
확인 당초,2
당초 박,2
일 전달,2
전달 신,2
씨 시간,2
시간 질병관리본부,2
질병관리본부 말,2
말 혼란,2
혼란 확인,2
요청 제,2
제 인천,2
공항 질병관리본부,2
질병관리본부 안내문,2
안내문 사진,2
사진 전달,2
전달 이후,2
이후 전화,2
저 아래,2
말 내,2
말 자가격리,2
자가격리 말,2
말 유난,2
유난 우리,2
우리 체계,2
체계 하,2
하 보건소,2
보건소 본인,2
본인 전화,2
확인 어이,2
어이 후,2
후 제,2
말 끝,2
나지 결국,2
결국 관할,2
관할 부서,2
부서 담당자,2
담당자 신,2
씨 대신,2
대신 제,2
제 보건소,2
보건소 전화,3
확인 제,2
말 결론,2
결론 위,2
위 폭언,2
폭언 저,2
저 사과,2
사과 마디,2
마디 제,2
제 메시지,2
메시지 무시,2
무시 중,2
세계 관심,2
관심 요즘,2
요즘 일손,2
일손 이유,2
이유 부서,2
부서 배치,2
숙지 문제,2
문제 개선,2
생각 친절,2
친절 문제,2
문제 지침,2
지침 업데이트,2
업데이트 점,2
점 공무원,2
공무원 이,2
이 잘못,2
잘못 결국,2
결국 국민,2
국민 손해,2
손해 코로나,2
관련 직접,2
직접 신고,2
방역 체계,3
체계 구축,2
구축 필요,2
필요 내용,2
내용 생각,2
생각 신문고,2
것 평일,2
청주시 서원,2
서원 구,2
강서구 곰달래로,2
곰달래로 길,2
길 화곡,2
화곡 동,6
센터 대다수,4
대다수 직원,4
직원 코로나19,2
사진 동영상,4
동영상 첨부,2
첨부 앞전,2
앞전 주민,2
센터 남자,2
직원 업무,2
업무 시간,2
외 시도,2
때 삼,2
오 마스크,2
채 남,2
집 주차장,2
주차장 골목,2
골목 담벼락,2
담벼락 등,2
등 담배,2
담배 일,2
일 간접흡연,2
간접흡연 때문,2
때문 피해,2
피해 흡연자,2
흡연자 코로나,2
로 고위험,2
군 포함,2
포함 등,2
위험 흡연실,2
흡연실 등,2
민원 다산,2
다산 콜,2
콜 강서구,2
강서구 청,2
청 홈페이지,2
홈페이지 민원,2
접수 적,2
적 흡연,2
흡연 장면,2
장면 사진,2
첨부 익명,2
익명 접수,2
접수 민원인,2
민원인 특정,2
특정 해당,2
속 흡연,2
흡연 직원,3
직원 상급자,2
상급자 민원인,2
민원인 사진,2
동영상 겁,2
겁 주민,2
옆 내,2
내 커피,2
커피 커피숍,2
커피숍 등,2
등 상급자,2
상급자 공무원,2
공무원 직원,2
직원 위험,2
확인 눈,2
눈 아침,2
아침 주,2
일 하루,2
하루 확인,2
바 환기,2
밀폐 커피숍,2
커피숍 성인,2
성인 명,2
정도 정도,2
채 침방울,2
침방울 신체,2
등 월,2
금요일 직원,2
명 생일,2
생일 축하,2
축하 행위,2
등 일회,2
일회 행위,2
행위 매일,2
매일 출근,2
출근 퇴근,2
행동 참,2
참 사회,2
거리 어수선,2
어수선 때,2
때 행동,2
행동 등,2
등 화곡,2
직원 행동,2
행동 여긴,2
여긴 청정,2
지역 걸로,2
걸로 착각,2
착각 정도,2
정도 동네,2
동네 교회,2
교회 주민,2
피해 화곡,2
환자 걱정,2
동호 회원,2
대부분 나이층,2
나이층 층,2
층 때문,2
때문 코드,2
의무 이익,2
이익 코드,2
코드 적,2
사태 행동,2
안녕 국민,2
안전 쳘,2
쳘 주야,2
주야 감사,2
감사 질병,2
질병 코로나19,2
수칙 요즘,2
요즘 건물,2
건물 공용,4
공용 화장실,8
화장실 모습,2
모습 건물,2
건물 음식점,2
음식점 카페,4
카페 종사자,2
종사자 앞치마,2
앞치마 위생복,2
위생복 착용,4
착용 공용,2
화장실 흡연,2
흡연 코너,2
코너 담배,2
동서 종합,2
종합 터미널,2
터미널 층,2
층 공용,2
화장실 앞치마,2
앞치마 채,2
채 화장실,2
이용 걸,2
걸 때,2
때 목격,2
목격 평택시,2
평택시 맥도날드,2
맥도날드 소사,2
소사 벌점,2
벌점 건물,2
건물 커피,2
커피 맥도날드,2
맥도날드 외,2
외 식당,2
식당 직원,2
사람 위생복,2
채 건물,2
건물 공용화,2
공용화 장실,2
장실 이용,2
이용 평택,2
평택 인근,2
인근 용이동,2
용이동 음식점,2
음식점 뒷골목,2
뒷골목 위생복,2
위생복 앞치마,6
앞치마 착용,6
채 흡연,2
흡연 외,2
외 건물,2
화장실 음식점,2
카페 화장실,2
이용 목격,2
목격 위생복,2
착용 화장실,4
화장실 용무,2
용무 장면,2
장면 이것,2
이것 개인,2
상황 확산,2
방지 집단,2
집단 방지,2
시설 등,2
중지 출입,2
출입 전자,2
전자 명부,2
차원 행정명령,2
행정명령 대응,2
대응 생각,2
이 음식점,2
음식점 카,2
카 패,2
패 등,2
시설 근무자,2
근무자 위생복,2
이용 흡연,2
흡연 금지,2
금지 행정명령,2
행정명령 화장실,2
화장실 각종,2
세균 곳,2
바이러스 외,2
외 노로바이러스,2
노로바이러스 포도상,2
포도상 구균,2
구균 등,2
국민 자신,2
자신 생활,2
생활 실천,2
실천 강화,2
강화 요즘,2
요즘 부분,2
부분 시정,2
시정 협조,2
화성 시청,2
시청 뒤,2
뒤 봉산,2
봉산 둘레길,4
둘레길 일,4
사람 정비,2
정비 길,2
길 때문,2
위험 나무뿌리,2
내리막길 등,2
등 다리,2
다리 필요,2
필요 잡목,2
잡목 모기,2
해충 둘레길,2
둘레길 확장,2
확장 평탄,2
평탄 작업,2
작업 봉산,2
봉산 대,2
대 잡목,2
잡목 제거,2
제거 등,2
지역 둘레길,2
일 등산,2
등산 시민,2
불편 사용,2
사용 봉산,2
평일 아침,2
피닝 헬스,2
미착용 발열,2
락 룸,2
내 원자,2
신문고 앱,2
해법 제시,2
불법 종이,2
종이 전단지,3
인하 병원,2
가배 공상,2
커피 냄새,2
국민 시간,2
동안 고생,2
고생 시절,2
시절 공연,2
공연 텐데,2
텐데 위험,2
위험 모험,2
모험 걱정,2
서울 미스터,2
미스터 트롯,2
트롯 공연,2
공연 연기,4
마당 형평,2
형평 공연,2
베스트 마트,2
인도 길,2
학부모 차,4
뻔 스쿨,2
존 규정,2
규정 속도,2
속도 사람,2
사람 이거,2
이거 학교,2
학교 관리,2
주변 신경,2
진입로 골목,2
골목 밑,2
밑 대로변,2
대로변 거기,2
거기 골목,2
골목 게,2
게 애,2
학교 코앞,2
코앞 차,2
차 학생,2
학생 대원,2
대원 외고,2
외고 학생,2
거주자 아침,2
저녁 차,2
차 학부모,2
옆 골목,2
골목 스쿨,2
존 차량,2
속도 위반,2
위반 강화,2
강화 골목,2
골목 여기,2
여기 거주,2
처벌 가능,2
해당 모임,2
지하 인도,2
이전 해당,3
구역 통학,3
차량 주정차,3
청소 어르신,2
홍천 군청,3
문화관광부 성주군,2
입장 때,2
턱 코,2
입 노출,2
노출 버스,2
버스 통화,2
통화 주위,2
주위 사람,2
우즈 벡,2
서대문 예일,2
예일 어린이집,2
일 어른,2
어른 명,2
상태 원장,2
원장 강요,2
적응 기간,2
답변 회피,2
불법성 매매,2
희망 아동,2
