신종 코로나 바이러스,61
코로나 바이러스 문제,5
북촌 한옥 마을,2
코로나 바이러스 전파,5
신종 코로나 관련,4
코로나 바이러스 확산,20
우한 폐렴 신종,3
폐렴 신종 코로나,3
직원 마스크 착용,14
마스크 착용 것,7
마스크 착용 거,3
의식 부족 겁니까,2
마스크 착용 권고,3
신종 코로나 전염병,2
시민 불안감 해소,2
코로나 바이러스 감염,13
최근 신종 코로나,2
코로나 바이러스 국민,4
년 월 일,24
월 일 오전,4
일 오전 시,3
우한 코로나 바이러스,2
코로나 바이러스 보균자,2
코로나 바이러스 확진자,11
바이러스 확진자 발생,2
코로나 바이러스 때문,12
시정 수 조치,4
코로나 바이러스 모두,3
코로나 바이러스 청결,2
바이러스 청결 쥐,2
코로나 바이러스 감염증,8
마스크 착용 손,7
착용 손 소독,5
근로자 마스크 착용,2
마스크 착용 금지,3
착용 금지 서브웨이,2
호흡기 눈 코,2
눈 코 입,2
위생 마스크 착용,2
코로나 바이러스 위험,2
마스크 손소 독제,3
코로나 감염 위험,19
조치 필요 것,3
것 코로나 바이러스,5
코로나 바이러스 관련,9
코로나 사태 때문,9
코로나 바이러스 발생,3
국민 불안 대한민국,2
대한민국 안전 전문가,4
오전 시 분,3
격리 조치 것,2
호텔 이름 요구,2
개인 정보 보호,5
이유 호텔 이름,2
코로나 바이러스 등,3
월 일 연기,3
대학교 월 일,2
월 일 개학,2
개학 학교 등교,2
학교 개학 연기,5
개학 연기 것,2
안전 마스크 착용,2
신종 코로나 예방,2
코로나 예방 대책,2
코로나 바이러스 예방,5
국가 비상사태 시점,2
초등 학교 개학,2
경우 신종 코로나,2
코로나 전파 위험,8
코로나 바이러스 전국,5
월 일 코로나,9
일 코로나 바이러스,4
사람 코로나 바이러스,3
최근 코로나 바이러스,8
코로나 바이러스 번,2
하루 수십 수백,2
수십 수백 명,2
다중 이용 시설,20
코로나 바이러스 사태,3
코로나 바이러스 전염,5
행사 취소 가운데,2
사진 일 비재,2
일 비재 신종,2
비재 신종 코로나,2
신종 코로나 위협,2
코로나 위협 손,2
위협 손 세정제,2
손 세정제 사용,2
세정제 사용 마스크,2
사용 마스크 착용,2
마스크 착용 일,3
착용 일 코로나,2
데 번 확진자,2
코로나 바이러스 조심,2
바이러스 노출 위험,3
게 시 글,3
코로나 바이러스 환자,2
코로나 바이러스 방역,3
코로나 유행 전,2
코로나 때문 나라,2
저희 아파트 지하,2
아파트 지하 주차장,2
코로나 예방 때문,3
예방 때문 알콜,3
때문 알콜 번,3
알콜 번 정도,3
코로나19 위험 속,2
수백 명 행사,2
최근 년 사이,3
사람 행복 수,2
코로나 번 확진자,2
코로나 때문 것,3
코로나 확진자 발생,21
코로나19 터 안전,2
아프리카 티비 김세화,2
티비 김세화 코로나,2
김세화 코로나 접촉자,2
코로나 접촉자 입원,2
접촉자 입원 환자,2
입원 환자 명,2
환자 명 대구,2
명 대구 의료,2
대구 의료 원,2
의료 원 집,2
원 집 내용,2
집 내용 확인,2
내용 확인 방송,2
확인 방송 송출,2
확인 후 조치,5
코로나19 사망자 계속,2
사망자 계속 발생,2
계속 발생 시민,2
발생 시민 시장,2
시민 시장 불법,3
시장 불법 노점,3
불법 노점 폐지,2
노점 폐지 촉구,2
코로나 바이러스 대중,2
바이러스 대중 우려,2
대중 우려 스타쉽,2
우려 스타쉽 일본,2
스타쉽 일본 팬,2
일본 팬 팬,2
팬 팬 사인회,2
팬 사인회 발표,2
사인회 발표 이것,2
발표 이것 공공,2
이것 공공 안전,2
공공 안전 무시,2
안전 무시 대부분,2
무시 대부분 회사,2
대부분 회사 바이러스,2
회사 바이러스 확산,2
바이러스 확산 행사,2
확산 행사 스타쉽,2
행사 스타쉽 복지,2
스타쉽 복지 돈,2
복지 돈 우선시,2
돈 우선시 그,2
우선시 그 불명예,2
그 불명예 존재,2
코로나 위험 노출,4
코로나19 확산 예방,4
코로나19 확산 관련,2
마스크 착용 의무,9
확산 방지 도움,2
대구 코로나19 확진자,2
확진자 기하급수 증가,2
동 주민 센터,10
사회 복무 요원,3
코로나 전국 확산,2
지역 코로나 확산,8
코로나 바이러스 국가,2
마스크 코로나 확진,2
코로나 확진 환자,5
코로나 감염 여부,4
광주 코로나 바이러스,2
신천지 청주 교회,2
이곳 코로나 바이러스,2
어제 코로나 환자,2
코로나 환자 수,2
환자 수 명,2
수 명 증가,2
명 증가 부산,2
증가 부산 교통,2
부산 교통 공사,2
교통 공사 상부,2
공사 상부 지시,2
상부 지시 시험,2
지시 시험 강행,2
시험 강행 전국,2
강행 전국 만,2
전국 만 명,2
만 명 시험,2
명 시험 지역,2
시험 지역 감염,2
박원순 서울 시장,2
코로나19 확산 방지,24
안녕 코로나 바이러스,2
생각 월 일,2
가능 조치 부탁,2
코로나19 감염 확산,12
감염 확산 방지,3
교사 마스크 착용,2
때 마스크 착용,6
선생 마스크 착용,2
수 것 현실,2
것 생각 학교,2
저번 주 일요일,2
주 일요일 서울,2
일요일 서울 학원,2
서울 학원 이번,2
코로나 감염 우려,10
감염 우려 학원,2
우려 학원 불안,2
코로나19 확산 감염,2
바이러스 확산 방지,6
학생 교직원 안전,2
안전 최우선 생각,4
코로나 바이러스 COVID19,6
바이러스 COVID19 초,6
COVID19 초 회,6
초 회 정도,6
회 정도 무의식,6
정도 무의식 호흡,6
입 터 의식,5
터 의식 말,5
미세먼지 공중 데,4
공중 데 사람,4
데 사람 눈,4
사람 눈 때문,4
눈 때문 의식,4
때문 의식 코,4
의식 코 입,4
코 입 숨,4
입 숨 미세먼지,4
숨 미세먼지 천배,4
크기 바이러스 말,2
바이러스 말 때,4
말 때 비말,5
때 비말 전염,5
비말 전염 어디,3
전염 어디 누구,3
어디 누구 감염,6
누구 감염 재수,6
감염 재수 죽음,6
재수 죽음 COVID19,6
죽음 COVID19 코로나,6
COVID19 코로나 바이러스,6
코로나 바이러스 특징,5
바이러스 특징 눈,5
특징 눈 소리,5
눈 소리 냄새,6
소리 냄새 사람,5
냄새 사람 말,4
사람 말 때,4
말 때 마스크,4
때 마스크 말,4
말 겁니다 바이러스,4
겁니다 바이러스 입,4
바이러스 입 터,4
입 터 입,4
터 입 마스크,4
입 마스크 말,4
마스크 말 이,3
말 이 카메라,3
이 카메라 앞,3
카메라 앞 대국민,3
앞 대국민 백,3
대국민 백 번,3
백 번 말,3
번 말 소용,3
말 소용 본인,3
소용 본인 수칙,3
본인 수칙 사람,3
수칙 사람 것,3
사람 것 입,3
마이크 성능 때문,3
성능 때문 얼마,3
때문 얼마 의사,3
얼마 의사 전달,3
의사 전달 마스크,3
전달 마스크 바이러스,3
마스크 바이러스 입,3
바이러스 입 말,3
입 말 가지,2
말 가지 공용,2
가지 공용 손소,2
공용 손소 독제,2
손소 독제 문제,2
독제 문제 개인,2
문제 개인 휴대,3
개인 휴대 손,13
휴대 손 소독,14
손 소독 사용,10
소독 사용 의무,3
사용 의무 공용,3
의무 공용 소독,3
공용 소독 손바닥,3
소독 손바닥 부위,3
손바닥 부위 부분,3
부위 부분 상시,3
부분 상시 바이러스,3
상시 바이러스 누적,3
바이러스 누적 노출,3
누적 노출 때문,3
노출 때문 전염원,3
때문 전염원 개인,3
전염원 개인 휴대,3
손 소독 담배,3
소독 담배 값,3
담배 값 크기,3
값 크기 소량,3
크기 소량 용기,3
소량 용기 내,3
용기 내 소독,3
내 소독 알콜,3
소독 알콜 수,3
알콜 수 사용,3
수 사용 대국민,3
사용 대국민 홍보,3
대국민 홍보 기,3
홍보 기 것,3
차 바퀴 립,3
바퀴 립 계단,3
곳 립 사람,3
말 사람 입,3
사람 입 주변,4
특별 관리 지역,2
관리 지역 대구,2
지역 대구 대구,2
대구 대구 시장,2
대구 시장 다중,2
시장 다중 모임,2
다중 모임 취소,2
모임 취소 중단,2
월 일 예약,2
일 예약 돌잔치,2
예약 돌잔치 취소,2
대한민국 국민 코로나19,2
국민 코로나19 감염,2
코로나19 감염 사망,2
정부 처음 중국,2
처음 중국 여객선,2
중국 여객선 항공기,2
여객선 항공기 등,2
항공기 등 예방,2
등 예방 대통령,2
예방 대통령 안일,2
대통령 안일 정책,2
안일 정책 처음,2
정책 처음 코로나,2
처음 코로나 지경,2
코로나 지경 이해,2
지경 이해 화,2
재학 중 학생,10
중 학생 코로나,4
학생 코로나 바이러스,2
코로나 바이러스 걱정,2
코로나 바이러스 확진,2
이번 코로나 사태,12
코로나 사태 교육부,2
말 것 저희,3
수 밖 학교,2
코로나 사태 속,3
학교 등교 것,2
돌잔치 취소 업체,2
코로나19 사태 대구시,2
행사 취소 연기,3
코로나 관련 현수막,2
대구 코로나 바이러스,2
코로나 관련 신천지,2
무의식 호흡 사람,5
호흡 사람 입,5
사람 입 터,7
의식 말 바이러스,4
말 바이러스 입,4
바이러스 입 밖,4
입 밖 미세먼지,2
밖 미세먼지 공중,2
코로나 발생 위험,2
지역 서암 초등,2
서암 초등 학교,2
초등 학교 등교,5
과속 방지 턱,3
미세먼지 천배 크기,3
마스크 말 의식,3
말 의식 말,3
의식 말 겁니다,3
입 터 말,3
터 말 때,3
말 때 치읓,2
때 치읓 발음,2
치읓 발음 티읕,2
발음 티읕 파열음,2
티읕 파열음 때,2
파열음 때 침방울,2
때 침방울 비말,2
침방울 비말 입,2
비말 입 밖,2
입 밖 토출,2
밖 토출 말,2
토출 말 사람,2
말 사람 터,2
사람 터 미터,2
터 미터 정도,2
미터 정도 수십,2
정도 수십 미터,2
수십 미터 수,2
미터 수 수,2
수 수 에어로졸,2
수 에어로졸 형태,2
에어로졸 형태 공중,2
형태 공중 재수,2
공중 재수 주변,2
재수 주변 사람,2
주변 사람 호흡,2
사람 호흡 기관,2
호흡 기관 폐로,2
기관 폐로 점막,2
폐로 점막 이때,2
점막 이때 수초,2
이때 수초 이내,2
수초 이내 감염,2
이내 감염 것,2
감염 것 기,2
것 기 것,2
기 것 본인,2
것 본인 죽음,2
바이러스 호흡 인식,2
호흡 인식 것,2
인식 것 뜻,2
것 뜻 뭡니까,2
뜻 뭡니까 서울,2
뭡니까 서울 시장,2
서울 시장 박원순,2
시장 박원순 입,2
박원순 입 말,2
입 말 입,3
말 입 터,2
비말 본인 바이러스,2
본인 바이러스 토출,2
바이러스 토출 문제,2
토출 문제 때문,2
문제 때문 마스크,2
때문 마스크 입,2
마스크 입 말,2
입 말 신종,2
말 신종 코로나,2
입 밖 것,2
밖 것 미세먼지,2
것 미세먼지 공중,2
천배 크기 공기,2
크기 공기 중,3
공기 중 바이러스,2
중 바이러스 말,2
것 입 발언,2
입 발언 마이크,2
발언 마이크 성능,2
기 것 방역,2
것 방역 시,2
방역 시 차,2
시 차 바퀴,2
립 계단 바닥,2
계단 바닥 곳,2
바닥 곳 립,2
립 사람 손바닥,2
사람 손바닥 말,2
손바닥 말 사람,2
입 주변 차바퀴,2
주변 차바퀴 건물,2
차바퀴 건물 벽,2
건물 벽 말,2
벽 말 입,2
말 입 입,2
입 입 손바닥,2
입 손바닥 질병,2
손바닥 질병 관리,2
질병 관리 포인트,2
관리 포인트 사람,2
포인트 사람 입,2
사람 입 마스크,2
입 마스크 손바닥,4
마스크 손바닥 개인,4
손바닥 개인 휴대,5
손 소독 지참,2
소독 지참 수칙,2
지참 수칙 경제,2
수칙 경제 소비,2
경제 소비 활동,5
소비 활동 해결,2
활동 해결 이해,2
해결 이해 실천,2
이해 실천 말,2
실천 말 마스크,2
손 소독 이제,2
소독 이제 이해,2
이제 이해 입,2
이해 입 마스크,2
소독 사용 실천,2
사용 실천 실천,2
실천 실천 무방비,2
실천 무방비 사람,2
무방비 사람 무의식,2
사람 무의식 현행,2
무의식 현행 살인범,2
현행 살인범 바,2
살인범 바 때문,2
손 소독 제도,2
시청 구청 직원,2
코로나19 사태 끝,3
코로나 바이러스 업무,2
분 감사 인사,2
인천 미추홀 구,2
나라 코로나 때문,3
월 말 코로나,2
코로나 확산 위험,8
허위 사실 유포,2
코로나 확진자 확진자,2
지역 정보 교류,2
운영 중 코로나,2
중 코로나 바이러스,2
이번 코로나 관련,2
제품 사람 손,2
사람 손 뭍,2
손 뭍 코,2
코로나19 감염 사람,2
분 마스크 착용,11
코로나 바이러스 감염자,2
롯데 백화점 영등포,2
백화점 영등포 점,2
코로나 심각 단계,2
바이러스 전파 위험,3
일 코로나19 감염,2
코로나19 감염 취약,5
코로나19 감염 노출,3
감염 여부 검사,4
부산 코로나 확진자,2
코로나 확진자 급증,5
코로나 것 예상,2
행사장 코로나 확산,2
확산 위험 교회,2
위험 교회 건물,2
교회 건물 층,2
코로나19 바이러스 전파,2
코로나 바이러스 눈,2
상태 마스크 미착용,2
노원 보건소 코로나,2
보건소 코로나 검사,2
코로나 검사 진행,2
아침 출근 시간,2
마스크 미착용 상태,13
코로나 관련 위험,2
생각 처리 부탁,4
위험 생각 것,2
코로나 사태 등,2
코로나 분 고생,2
코로나 안전 수칙,19
코로나 환자 발생,8
학생 코로나19 바이러스,3
사람 것 이상,2
사람 전통 시장,2
코로나 바이러스 때,2
코로나 때문 아이,5
금일 월 일,2
장 만 원,2
만 원 환불,2
이번 코로나 바이러스,2
코로나 가짜 뉴스,3
가짜 뉴스 유포,3
코로나 바이러스 의심,2
쇠 것 코로나19,2
코로나 바이러스 시정,2
대구 지역 코로나,2
위생 신경 것,2
것 코로나 확진자,2
확산 방지 지양,2
방지 지양 산내,2
지양 산내 베드,2
산내 베드 민,2
베드 민 장,2
민 장 족구,2
장 족구 장,3
족구 장 출입,2
장 출입 통제,2
출입 통제 요청,2
족 구장 택시,2
구장 택시 기사,2
택시 기사 분,2
기사 분 음식,2
분 음식 술,2
음식 술 운동,2
술 운동 코로나,2
운동 코로나 바이러스,2
코로나 바이러스 노출,5
주변 건물 주차,2
건물 주차 불편,2
주차 불편 코로나,3
불편 코로나 바이러스,3
바이러스 노출 수,3
노출 수 코로나,2
수 코로나 사태,2
코로나 사태 끝,4
사태 끝 날,4
끝 날 때,6
날 때 폐쇄,2
때 폐쇄 요청,3
감염 여부 확인,2
확산 방지 차원,3
코로나19 때문 마스크,2
코로나19 관련 가짜,2
관련 가짜 뉴스,2
코로나 확진자 증가,3
확진자 증가 추세,2
부천 지역 코로나19,2
지역 코로나19 확진자,2
코로나19 확진자 발생,13
확진자 발생 지역,4
발생 지역 밀폐,2
지역 밀폐 공간,2
밀폐 공간 다수,3
공간 다수 원생,2
다수 원생 수업,2
원생 수업 월,2
수업 월 일,2
월 일 시험,3
일 시험 준비,2
시험 준비 보건,2
준비 보건 복지,2
보건 복지 고용,2
복지 고용 노동부,2
고용 노동부 교육청,2
노동부 교육청 관리,2
교육청 관리 시험,2
관리 시험 자격,2
시험 자격 시간,2
자격 시간 와중,2
시간 와중 코로나19,2
와중 코로나19 사태,2
코로나19 사태 교육청,2
사태 교육청 원,2
교육청 원 권고,2
원 권고 저희,2
권고 저희 행정,2
저희 행정 이원화,2
행정 이원화 보건복지부,2
이원화 보건복지부 경북,2
보건복지부 경북 대구,2
경북 대구 지역,2
대구 지역 이외,2
지역 이외 지역,2
이외 지역 이론,2
지역 이론 수업,2
이론 수업 프로,2
수업 프로 시간,2
프로 시간 인정,2
시간 인정 고용,2
인정 고용 노동부,2
고용 노동부 원,2
노동부 원 인정,2
코로나 확진자 상황,3
월 일 일,16
일 일 시험,2
시험 월 일,2
코로나 때문 난리,6
국민 안전 위협,4
안전 위협 생각,4
전국 코로나19 확산,2
코로나19 국민 시기,2
마스크 폭리 판매,2
코로나 때문 불안,6
코로나 전염 위험,5
코로나 때문 불철주야,3
때문 불철주야 고생,2
중 신천지 교인,3
전국 코로나19 발생,2
코로나 전파 가능,6
데 시국 시국,2
시국 시국 만큼,4
명 이상 인원,2
우리 나라 코로나,3
그분 코로나 검사,2
코로나 해제 때,3
잠정 중지 요청,2
중지 요청 관련,2
요청 관련 교육,2
관련 교육 원,2
교육 원 평생,2
원 평생 교육,2
평생 교육 흥원,8
교육 흥원 지침,2
흥원 지침 데,2
지침 데 평생,2
데 평생 교육,2
교육 흥원 교육부,2
흥원 교육부 지침,2
교육부 지침 이유,2
지침 이유 방법,2
이유 방법 동원,2
방법 동원 진행,2
동원 진행 권,2
진행 권 누구,2
권 누구 위험,2
누구 위험 상황,2
위험 상황 감지,2
상황 감지 사태,2
교육 흥원 홈페이지,2
흥원 홈페이지 기관,2
홈페이지 기관 방문,2
기관 방문 자제,2
방문 자제 공고문,2
자제 공고문 월,2
공고문 월 일자,2
월 일자 온라인,2
일자 온라인 처리,2
온라인 처리 전화,2
처리 전화 연결,2
전화 연결 대체,2
연결 대체 글,2
대체 글 자제,2
글 자제 기관,2
자제 기관 방문,2
기관 방문 지양,2
방문 지양 안내문,2
지양 안내문 재난,2
안내문 재난 문자,2
재난 문자 연일,2
문자 연일 상황,2
연일 상황 평생,2
상황 평생 교육,2
교육 흥원 실습,2
흥원 실습 과목,2
실습 과목 진행,2
과목 진행 독려,2
진행 독려 현장,2
독려 현장 입장,2
현장 입장 유감,2
입장 유감 말씀,2
코로나 사태 아이,2
일요일 오전 시,2
신천지 교인 의심,2
전 월 일,2
필요 생각 제보,2
불철주야 수고 공무원,2
수고 공무원 분,2
공무원 분 수고,2
분 수고 감사,2
확진자 이동 경로,2
명 코로나 확진,3
재난 문자 코로나,2
코로나 확산 예방,7
코로나 확산 지역상,4
확산 지역상 자체,4
지역상 자체 존립,4
자체 존립 위기,4
방역 대책 본부,2
코로나 때문 시기,9
확진자 명 발생,3
주 민설 명회,2
감삼동 번지 배종열,2
번지 배종열 배,2
배종열 배 진황,2
적치 물 적치,2
코로나 확산 방지,46
코로나 어려움 대한민국,2
마스크 사람 사람,3
사람 사람 마스크,2
코로나 집단 감염,12
코로나 사태 진정,4
코로나 사태 이후,2
집합 교육 진행,2
일 이내 입국,2
코로나 불안 상황,2
방역 필요 생각,2
정부 월 일,2
올인 아웃 법안,2
코로나19 사태 사회,2
사태 사회 거리,3
사회 거리 두기,149
거리 두기 운동,6
나라 전체 사회,2
전체 사회 거리,2
코로나 때문 텐데,3
코로나 바이러스 창궐,5
중국 발 입국,3
불법 적치 물,4
생각 신고 코로나,2
신고 코로나 바이러스,2
코로나 바이러스 학교,2
코로나19 사태 위험,3
보건복지부 미세먼지 행동수칙,2
미세먼지 행동수칙 신종,2
행동수칙 신종 코로나,2
코로나 바이러스 행동수칙,2
바이러스 행동수칙 번복,2
행동수칙 번복 이,2
번복 이 바이러스,2
이 바이러스 몰상식,2
바이러스 몰상식 극치,2
몰상식 극치 동시,2
극치 동시 말,2
동시 말 보건,2
말 보건 예방,2
보건 예방 행동수칙,2
예방 행동수칙 권고,2
행동수칙 권고 문구,2
권고 문구 국민,2
문구 국민 혼란,2
혼란 이 마스크,2
외출 시 마스크,3
시 마스크 착용,9
초 이상 비누,2
사람 코 입,2
코 입 터,2
전염 위험 노출,4
버스 지하철 택시,2
지하철 택시 거리,2
택시 거리 사무실,2
거리 사무실 회의실,2
사무실 회의실 식당,2
회의실 식당 백화점,2
식당 백화점 서점,2
백화점 서점 경제,2
서점 경제 소비,2
소비 활동 일상생활,2
활동 일상생활 곳,2
마스크 착용 말,2
코로나 문제 사람,3
어려움 해결 노력,2
확진 환자 발생,2
정보 공개 청구,5
상 점명 에드,2
모두 코로나 바이러스,2
재난 해시 마다,2
해시 마다 이번,2
마다 이번 코로나,2
코로나 사태 전주시,2
사태 전주시 성주군,2
전주시 성주군 등,2
성주군 등 과로,2
등 과로 공무원,2
과로 공무원 최소한,2
공무원 최소한 휴게,2
최소한 휴게 시간,2
휴게 시간 수면,2
시간 수면 시간,2
수면 시간 강제,2
시간 강제 부여,2
강제 부여 일,2
부여 일 되풀이,2
일 되풀이 비상시,2
되풀이 비상시 업무,2
비상시 업무 복수,2
업무 복수 지정,2
복수 지정 순환,2
지정 순환 식,2
순환 식 강제,2
식 강제 부여,2
강제 부여 사람,2
부여 사람 특정,2
사람 특정 시스템,2
특정 시스템 인사,2
시스템 인사 혁신,2
인사 혁신 처,2
혁신 처 행정,2
처 행정 전부,2
행정 전부 규정,2
전부 규정 지자체,2
규정 지자체 탓,2
지자체 탓 겁니까,2
화원 일 장,2
쪽 코로나 바이러스,2
병원 코로나19 환자,2
데 월 일,3
월 일 날,9
코로나19 예방 대책,3
내 코로나19 확진자,2
코로나 때문 정신,2
코로나 이상 시민,2
이상 시민 충격,2
시장 건 듯,2
생각 코로나 바이러스,2
일 코로나 확진자,2
감사 코로나 조심,5
사람 간 접촉,3
접촉 사회 거리,2
국민 건강 안전,5
유 탑 마리나,3
탑 마리나 호텔,3
상태 코로나 때문,2
코로나 때문 시국,5
처리 신속 처리,2
신속 처리 부탁,7
일 월 일,5
코로나 음성 판정,2
저 곤란 상황,2
코로나 시국 마스크,3
불법 좌회전 차량,2
코로나19 방역 소독,4
월 일 일요일,2
시기 시기 만큼,2
시기 만큼 코로나19,2
만큼 코로나19 공기,2
코로나19 공기 감염,5
공기 감염 수,2
감염 수 대남,2
수 대남 병원,2
대남 병원 흡연실,2
병원 흡연실 감염,2
흡연실 감염 확산,2
감염 확산 조심,2
확산 조심 시기,2
조심 시기 기본,2
시기 기본 사항,2
코로나 사태 학교,5
감염 예방 차원,2
집회 코로나 확산,3
코로나 확산 우려,5
코로나 때문 마스크,6
집단 감염 사례,5
코로나 팬데 믹,23
코로나 때문 해당,2
지역 코로나 확진자,6
코로나 확진자 명,5
확진자 명 코로나,2
데 코로나 확진자,2
수 코로나 때문,2
코로나 확진자 걱정,2
코로나19 업무 노고,2
코로나 시국 고생,4
코로나 대부 명함,3
대부 명함 풍년,2
명함 풍년 부산,2
풍년 부산 서면,2
그 코로나 특수,2
코로나 특수 듯,2
안전 시일 내,2
현장 코로나 확진자,3
코로나 확진자 지역,2
코로나 바이러스 취약,2
코로나 바이러스 마스크,2
월 일 입주,2
국가 재난 상황,6
코로나19 임 휴교,2
임 휴교 중,2
휴교 중 하나,2
중 하나 등,2
하나 등 학교,2
등 학교 등교,2
학교 등교 아이,2
등교 아이 소수,2
아이 소수 아이,2
소수 아이 안전,2
아이 안전 위협,2
안전 위협 이,2
위협 이 제제,2
이 제제 수,2
제제 수 조치,2
학부모 상황 중대,2
상황 중대 신청,2
중대 신청 교문,2
신청 교문 중학교,2
교문 중학교 재학,2
중학교 재학 중,2
중 학생 중,2
학생 중 신천지,2
신천지 교인 학부모,2
교인 학부모 학생,2
학부모 학생 전수,2
학생 전수 조사,2
전수 조사 이,2
조사 이 코로나19,2
이 코로나19 음성,2
코로나19 음성 판정,2
음성 판정 학교,2
판정 학교 확인,2
학교 확인 역학,2
확인 역학 조사,2
역학 조사 학생,2
조사 학생 음성,2
학생 음성 판정,3
음성 판정 확인,2
판정 확인 다음,2
확인 다음 학교,2
다음 학교 홈페이지,2
학교 홈페이지 문자,2
홈페이지 문자 등,2
문자 등 안전,2
등 안전 것,2
안전 것 모두,2
것 모두 학교,2
모두 학교 내,2
학교 내 신천지,2
내 신천지 교인,2
신천지 교인 교사,2
교인 교사 공개,2
코로나 중고 등,2
중고 등 학생,2
등 학생 방,2
학생 방 노래방,2
방 노래방 당구장,2
노래방 당구장 룸,2
당구장 룸 카페,2
룸 카페 등,2
카페 등 유해,2
등 유해 환경,2
유해 환경 교육청,2
환경 교육청 지방,2
교육청 지방 자치,2
지방 자치 단체,2
자치 단체 손,2
단체 손 듯,2
손 듯 당구장,2
듯 당구장 나이,2
당구장 나이 제한,2
나이 제한 중학생,2
제한 중학생 포켓볼,2
중학생 포켓볼 다행,2
포켓볼 다행 게,2
다행 게 담배,2
게 담배 담배,2
담배 담배 청소년,2
담배 청소년 판매,2
청소년 판매 업소,2
판매 업소 법규,2
업소 법규 단속,2
법규 단속 법규,2
단속 법규 뿐,2
법규 뿐 단속,2
뿐 단속 청소년,2
단속 청소년 흡연,2
청소년 흡연 편의점,2
흡연 편의점 마트,2
편의점 마트 청소년,2
마트 청소년 담배,2
청소년 담배 판매,2
담배 판매 곳,3
판매 곳 부착,2
룸 룸 허용,2
룸 허용 탈선,2
허용 탈선 장소,2
탈선 장소 제공,2
장소 제공 꼴,2
제공 꼴 나이,2
꼴 나이 제한,2
나이 제한 탈선,2
제한 탈선 장소,2
탈선 장소 텐데,2
장소 텐데 전주시,2
텐데 전주시 시내,2
전주시 시내 당구장,2
시내 당구장 곳,2
당구장 곳 전주시,2
곳 전주시 교육청,2
전주시 교육청 코로나,2
교육청 코로나 앞,2
코로나 앞 가정,2
앞 가정 학습,2
가정 학습 시간,2
학습 시간 일,2
시간 일 청소년,2
일 청소년 선도,2
청소년 선도 유해,2
선도 유해 업소,2
유해 업소 차단,2
업소 차단 부모,2
차단 부모 입장,2
부모 입장 집,2
입장 집 수,2
코로나 거리 두기,8
누 코로나 감염,2
불안 조치 부탁,2
스타 벅스 코로나,2
코로나 확진자 마스크,2
대전 코로나19 확진자,2
상황 월 일,2
아파트 동 대표,2
단체 활동 자제,2
코로나 때문 고생,17
것 코로나 때문,2
코로나 시기 고생,2
코로나19 효능 가짜,2
효능 가짜 마스크,2
가짜 마스크 신고,2
사람 왕래 곳,2
선별 진료소 안전,2
홍익 병원 선별,2
병원 선별 진료소,4
코로나19 사태 진정,2
점심 배달 거,2
배달 거 새벽,2
거 새벽 코로나,2
새벽 코로나 단속,2
시 역학 조사,2
코로나 위험 상황,3
사람 마스크 착용,6
저희 가족 중,2
가족 중 명,2
국내 세계 확산,2
세계 확산 맹위,2
확산 맹위 제,2
코로나 바이러스 유행,3
코로나 감염 걱정,2
당신 코로나 바이러스,2
청정 지역 일,2
지역 일 것,2
소독 신종 코로나,2
바이러스 감염 수,2
학교 운동장 개방,2
코로나 관련 문자,3
관련 문자 때,2
상황 종료 때,6
코로나 사태 때,2
청소년 술 담배,2
운영 코로나 때문,2
사태 지역 사회,2
지역 사회 감염,8
사회 감염 예방,2
지역 사회 집단,2
사회 집단 감염,2
집단 감염 근원지,2
감염 근원지 수,2
시흥시 정왕 호,2
정왕 호 올,2
호 올 코리아,2
코로나 감염 상황,3
관리자 마스크 착용,2
확진자 발생 시,9
코로나19 관련 문제,2
코로나19 사회 거리,23
코로나 등 건강,2
등 건강 조심,3
안전 위협 요소,2
코로나19 수고 데,2
수영장 오픈 것,2
결과 초래 수,2
거리 두기 캠페인,6
조치 필요 생각,4
환경 만약 코로나,2
만약 코로나 확진자,5
아침 시 공사,2
등 집단 감염,2
거리 두기 동참,3
사회 거리 동참,2
우리 지역 사회,2
규모 집단 모임,3
코로나19 바이러스 감염,4
상황 사회 거리,4
거리 두기 모습,2
식 운영 것,4
학년 명 정도,3
명 정도 학생,2
시간 문제 것,3
여러분 노고 감사,4
코로나 조심 수고,2
남성 초등 학교,2
것 코로나 전염,2
코로나 전염 걱정,2
일 주일 번,5
코로나 때문 상황,5
때문 집단 감염,2
집단 감염 발생,4
공무원 여러분 감사,2
한국 입국 대구,2
마스크 착용 운동,3
착용 운동 것,2
마스크 필수 착용,3
세 이상 노인,3
사회 거리 실천,4
엘레 베 이터,7
코로나 예방 차원,3
예방 차원 버스,3
차원 버스 정류장,3
버스 정류장 정차,3
정류장 정차 후,3
정차 후 자리,3
버스 내 안전사고,3
내 안전사고 예방,3
안전사고 예방 대중교통,3
예방 대중교통 이용,3
대중교통 이용 코로나,3
이용 코로나 전파,3
코로나 전파 도움,3
전파 도움 꺼,3
도움 꺼 생각,3
전 사스 메르스,3
사스 메르스 나라,3
메르스 나라 극단,3
나라 극단 버스,3
극단 버스 손잡이,3
버스 손잡이 손,3
손잡이 손 전파,3
손 전파 걸,3
전파 걸 예방,3
걸 예방 다중,3
예방 다중 이용,5
이용 시설 버스,3
시설 버스 이용,3
버스 이용 코로나,3
이용 코로나 예방,3
코로나 예방 메뉴얼,3
예방 메뉴얼 식,3
메뉴얼 식 운영,3
운영 것 손,3
것 손 중요,3
손 중요 버스,3
중요 버스 내,3
버스 내 방역,3
내 방역 중요,3
방역 중요 감염자,3
중요 감염자 손잡이,3
감염자 손잡이 다면,3
손잡이 다면 방역,3
다면 방역 소용,3
방역 소용 채택,3
소용 채택 전파,3
채택 전파 예방,3
전파 예방 도움,3
행정 처분 벌금,2
줄 압 니다,3
시정 업무 노고,2
계층 대상 책,2
코로나19 감염 방지,2
거리 두기 모임,2
조리사 조 리원,2
거리 두기 등,11
오전 시 시간,2
산업 안전 보건,2
안전 보건 법,2
정기 교육 실시,2
민원 제기 코로나,2
월 일 저녁,4
일 저녁 시,4
시 시 사이,5
관리 사무소 추첨,2
우강 종합 건설,2
고물상 집게 차,2
일 오후 시,8
시간 오후 시,2
선생 본인 선택,2
업체 민원 해결,2
코로나 때문 사회,6
안 손소 독제,2
국민 코로나 확산,3
확산 방지 노력,5
안일 대처 것,3
지역 사회 확산,3
사회 복지 사,5
거리 두기 일환,2
월 일 번,4
현재 코로나 바이러스,2
코로나 바이러스 사회,3
바이러스 사회 거리,3
마스크 착용 거리,3
코로나19 사태 속,2
필요 것 일,3
코로나 바이러스 상황,3
하루 명 이상,3
방문 장소 공개,2
교회 종교 활동,2
번 코로나 확진자,2
금지 자제 요청,2
코로나 사회 거리,30
거리 두기 시점,5
등 코로나 확산,8
바이러스 관련 병원균,2
관련 병원균 전파,2
병원균 전파 우려,2
년 월 년,3
월 년 월,3
거리 두기 강조,2
코로나19 고생 관계,3
마스크 착용 학생,4
코로나 종식 생각,2
지도 표시 부분,2
표시 부분 다솔,2
부분 다솔 초등,2
다솔 초등 학교,2
초등 학교 스쿨,2
학교 스쿨 존,2
스쿨 존 개발,2
존 개발 예정지,2
개발 예정지 쪽,2
예정지 쪽 횡단,2
쪽 횡단 보도,2
횡단 보도 차,2
보도 차 통행,2
차 통행 사고,2
통행 사고 뻔,2
사고 뻔 적,4
뻔 적 번,4
적 번 횡단,2
번 횡단 보도,2
횡단 보도 개발,2
보도 개발 부지,2
개발 부지 쪽,2
부지 쪽 차,2
쪽 차 횡단,2
차 횡단 보도,2
횡단 보도 턱,2
보도 턱 이용,2
턱 이용 통행,2
이용 통행 스쿨,2
통행 스쿨 존,2
스쿨 존 신호,2
존 신호 대기,2
신호 대기 중,2
대기 중 횡단보도,2
중 횡단보도 차,2
횡단보도 차 클락,2
차 클락 션,2
클락 션 개발,2
션 개발 예정지,2
개발 예정지 상황,2
예정지 상황 생각,2
상황 생각 사고,2
생각 사고 뻔,2
적 번 민원,2
번 민원 요청,2
민원 요청 코로나,2
요청 코로나 사태,2
코로나 사태 분위기,2
사태 분위기 생각,2
분위기 생각 처리,2
코로나 집 시간,3
사람 마스크 미착용,2
마스크 미착 용시,5
헬스 장 영업,2
바이러스 확산 우려,2
코로나 저 경상남도,2
저 경상남도 양산시,2
경상남도 양산시 명곡,2
양산시 명곡 유,2
명곡 유 탑,2
유 탑 유,2
탑 유 블레스,2
유 블레스 하늘,2
블레스 하늘 리,2
하늘 리 입주민,2
헬스 장 내부,2
해외 유입 코로나,2
인천 공항 입국,3
대학교 재학 중,3
아이 안전 우선,2
운영 중단 권고,2
코로나 때문 자영업,4
용산구 코로나 확진자,2
학교 종교 시설,2
직원 마스크 미착용,7
조리 사람 위생,2
초등 학교 코로나,2
코로나 안정 때,3
코로나 때문 거,3
권영진 신천지 코로나,2
신천지 코로나 시장,2
인원 마스크 미착용,2
위험 상황 조치,2
상황 조치 부탁,3
코로나 확진자 방문,3
감염 발생 우려,2
등 다중 이용,3
공무원 감사 인사,2
영업 중지 권고,2
당장 다음 주,4
온라인 수업 진행,4
수업 진행 코로나,3
코로나 전파 우려,8
코로나19 COVID19 예방,2
COVID19 예방 사회,2
예방 사회 거리,6
거리 두기 시청,2
두기 시청 바,2
시청 바 해당,2
바 해당 내부,2
해당 내부 확인,2
내부 확인 결과,2
확인 결과 팀,2
결과 팀 사람,2
해당 사진 속,3
차원 사회 거리,2
개학 연기 코로나,2
연기 코로나 확산,2
코로나 확산 것,2
안녕 코로나 때문,10
아이 건강 생각,4
코로나 전파자 취급,2
초등 학교 운동장,2
시험 강행 것,2
준비 시험 만큼,2
상황 전국 각지,4
백 명 사람,4
확인 겁니다 코로나,2
코로나 무증 상자,2
안 마스크 미착용,2
대전 지역 코로나,3
종교 집회 금지,2
금지 행정 명령,3
믹 종료 후,9
방지 사회 거리,2
대전 코로나 확진자,2
코로나 확진자 동선,4
확진자 동선 공개,4
차원 민원 제기,2
와이드 커피 스탠드,2
초 월 일,2
코로나19 국가 위기,2
상황 흡연 장소,2
사람 밀집 공간,2
코로나 때문 국민,3
코로나 발생 후,2
거리 두기 한창,3
두기 한창 시점,2
한창 시점 돈,2
시점 돈 부동산,2
돈 부동산 강의,2
부동산 강의 사람,2
강의 사람 부동산,2
사람 부동산 투기,2
부동산 투기 투자,2
투기 투자 강의,2
투자 강의 문제,2
강의 문제 공간,2
문제 공간 데,2
공간 데 시간,2
데 시간 동안,2
시간 동안 것,2
동안 것 자체,2
것 자체 문제,2
정부 코로나 확산,3
사회 거리 공원,2
거리 사회 거리,3
거리 두기 시행,11
시 반 사이,2
코로나 유행 시점,3
오후 시 분경,5
명 명 가량,2
명 명 명,2
사람 사회 거리,3
사회 거리 유지,4
만 일 이,2
거리 두기 중,4
코로나 때문 영업,2
국유지 불법 주차장,2
불법 주차장 사용,2
월 일 오후,7
오후 시 시,3
시 시 반,2
마스크 착용 필수,7
사람 불편 코로나,3
국민 안전 건강,3
코로나19 련 사회,2
련 사회 거리,2
터 파기 공사,2
일 동안 진행,2
집 전체 진동,2
벌금 등 조치,2
부탁 코로나 조심,3
이 십 명,3
때문 사회 거리,6
확산 방지 방역,2
코로나 예방 관리,3
팬데 믹 종료,6
일자리 창출 특허,4
코로나 청정 지역,4
잠정 운영 중단,2
책임 누구 것,2
코로나19 모두 시기,2
행정 복지 센터,4
바이러스 관련 자원,2
관련 자원 봉사,2
코로나 바이러스 경우,2
거 코로나 때문,4
코로나 때문 환기,2
진행 데 월,2
코로나 사태 빵집,2
사태 빵집 건물,2
빵집 건물 층,2
건물 층 영어,2
층 영어 안전거리,2
영어 안전거리 유지,2
안전거리 유지 상태,2
유지 상태 수업,2
상태 수업 감시,2
수업 감시 수업,2
감시 수업 시간,2
수업 시간 등,2
시간 등 행위,2
등 행위 때문,2
시 검사 바람,2
월 일 시,5
코로나 의심 증상,3
때 사회 거리,2
사회 거리 기간,2
인 스타 그램,6
코로나19 위험 시기,2
때문 마스크 원자재,2
마스크 원자재 필터,2
원자재 필터 수급,2
필터 수급 기사,2
캐나다 코로나19 확진자,2
코로나19 확진자 명,3
관련 사회 거리,2
코로나19 확산 상황,2
오산 대학 정면,2
오 산천 곳곳,2
산천 곳곳 모기,2
코로나 청결 위생,2
코로나 학교 등교,2
아이 코로나19 활동,2
코로나19 활동 상태,2
활동 상태 개학,2
상태 개학 만큼,2
하대원동 안나 집,2
안나 집 노숙,2
집 노숙 주변,2
노숙 주변 상가,2
주변 상가 오줌,2
상가 오줌 수,2
오줌 수 동네,2
수 동네 공원,2
동네 공원 완전,2
공원 완전 노숙,2
완전 노숙 생활,2
노숙 생활 공간,2
생활 공간 코로나,2
공간 코로나 땜,2
코로나 땜 시기,3
코로나 감염 방지,2
코로나 사태 전,3
경찰 청장 전북,2
시간 감시 미행,2
것 월 일,2
월 일 금요일,3
버스 사람 승객,2
중고 등 학교,2
둘레 길 이용,2
명 이상 집결,2
입장 전 열,2
전 열 체크,2
열 체크 손,5
체크 손 소독,10
손 소독 마스크,3
교회 코로나 확산,2
코로나 시국 사회,2
시국 사회 거리,2
집단 감염 사태,4
집회 자제 권고,2
코로나 감염자 발생,3
국민 사회 거리,3
거리 두기 실천,13
고강 사회 거리,5
코로나 극복 수,2
축제 행사 취소,2
코로나19 환자 발생,2
개념 것 이해,2
것 이해 수,4
관련 코로나 바이러스,2
물리 거리 두기,2
제재 헬스 장,2
헬스 장 등,2
예배 강행 교회,2
코로나 예방 마스크,3
마스크 착용 대화,4
것 필요 것,2
코로나 진단 검사,3
불법 노점상 단속,2
태릉입구역 피트 니스,2
피트 니스 아레나,2
근무 안지 웅,2
안지 웅 세,2
웅 세 씨,2
세 씨 월,2
씨 월 일부,2
걸로 인 스타,2
스타 그램 월,2
그램 월 일자,2
거 사회 거리,2
확인 헬스 장,2
마스크 미착용 출입,3
종사자 마스크 미착용,2
미착용 상태 근무,3
사회 거리 코로나,2
종식 사회 거리,2
유상운 송 행위,5
단속 코로나 때문,2
운영 헬스 장,2
수 거 생각,2
주변 시민 보행,13
봉동 중앙 교회,4
중앙 교회 코로나19,2
코로나19 불철주야 고생,3
읍장 코로나19 전염병,2
코로나19 전염병 확산,2
전염병 확산 날씨,2
확산 날씨 주민,2
날씨 주민 안전,2
주민 안전 극정,2
월 일 토요일,4
일 토요일 시,2
뒤 사람 전자,2
사람 전자 검표,2
조치 결과 답변,2
코로나19 확산 학교,12
확산 학교 측,12
학교 측 외부,12
측 외부 출입,12
외부 출입 금지,12
확산 방지 마스크,3
고생 관계자 분,2
분 진심 감사,2
감만 시민 공원,2
시민 공원 코로나19,2
공원 코로나19 사태,2
코로나19 사태 종식,2
거리 두기 위반,2
마스크 열 체크,2
코로나 자가격리 대상자,2
근무자 마스크 착용,2
인 만 원,3
것 거리 두기,2
코로나19 위험 시국,2
위험 시국 마스크,3
종료 후 지붕,2
안전 대책 본부,2
거리 두기 밀폐,2
거리 두기 문자,2
코로나 종식 수,3
주민 센터 옆,4
코로나 방역 시기,2
사진 속 쓰레기,2
코로나 사태 종식,2
것 생각 해당,2
코로나19 거리 두기,3
해당 격리 대상자,2
코로나19 예방 조치,2
코로나 때문 집,3
코로나19 확산 차단,2
최근 코로나19 방역,2
집단 감염 위험,8
감염 위험 민원,2
시기 명 인원,2
것 지역 사회,3
생각 민원 신청,2
사진 속 남자,2
무단이탈 의심 신고,2
밀폐 지하 소극장,2
감염 확산 우려,7
거리 두기 기간,7
재난 문자 상황,2
것 확인 후,2
후 조치 부탁,4
사태 진정 때,2
관계 기관 조치,3
코로나 시간 환기,3
폭 그림 사진,3
그림 사진 대구,3
사진 대구 시내,3
대구 시내 장소,3
시내 장소 어디,3
장소 어디 두류,3
어디 두류 공원,3
두류 공원 성당못,3
공원 성당못 햇살,3
성당못 햇살 수요일,3
햇살 수요일 오후,3
수요일 오후 와이프,3
오후 와이프 오랫만,3
와이프 오랫만 코로나19,3
오랫만 코로나19 바람,3
코로나19 바람 산책,3
바람 산책 겸,3
산책 겸 청소,3
겸 청소 먹이,3
청소 먹이 건지,3
먹이 건지 노,3
건지 노 유유자적,3
노 유유자적 데,3
유유자적 데 옥,3
데 옥 분,3
옥 분 나이,3
분 나이 아무,3
나이 아무 구명,3
아무 구명 착용,3
구명 착용 한편,3
착용 한편 작업,3
한편 작업 바램,3
수 조치 부탁,7
조치 부탁 수고,3
일방 계약 지통,2
대화 내용 확인,2
내용 대화 내용,2
사회 거리 체육,2
거리 체육 시설,2
국민 거리 두기,2
최근 코로나 관련,2
우한 발 코로나,3
바이러스 확산 사태,2
사태 진행 중,2
공공 자전거 이용,2
코로나 때문 어디,3
때문 어디 집,2
모두 불안 불편,2
마스크 착용 사회,3
착용 사회 거리,3
거리 두기 사람,3
거리 두기 정책,2
거리 두기 실행,2
거 조치 부탁,2
동 앞 도로,2
최대 규모 교회,2
규모 교회 봉동,2
교회 봉동 중앙,2
집단 집회 실시,2
거리 두기 코로나,2
삼 삼 오,4
삼 오 오,4
코로나 때문 입구,2
대형 버스 이용,2
수성 초등 학교,2
초등 학교 앞,2
민 식이 법,3
어린이 보호구역 내,2
마스크 착용 코로나,6
코로나19 관련 안전,2
안전 안내 문자,3
사고 발생 위험,3
동네 개 새끼,2
개 새끼 처리,2
자가격리 무단이탈 신고,2
접촉 코로나19 확산,2
거리 두기 국민,2
보육 교사 교육,2
교사 교육 원,2
손 소독 등,4
감염 취약 것,4
현대 차 아파트,2
코로나19 학생 등교,3
등록 국민 연명,2
국민 연명 의료,2
연명 의료 관리,2
의료 관리 기관,2
안녕 코로나 고생,2
평생 교육 원,2
용와 초 인조잔디,2
집합 금지 명령,9
위험 노출 수,3
거리 두기 시기,2
코로나 때문 밖,3
증평군 삼 일,2
삼 일 아파트,2
코로나 검사 결과,4
오전 시 분경,2
시 시 분,5
시 분 사이,4
오후 시 분,3
시 분 시,3
아파트 관리 실,2
거리 두기 공중,2
두기 공중 보건,2
공중 보건 무엇,2
보건 무엇 중요,2
무엇 중요 시기,2
중요 시기 위생,2
시기 위생 점검,2
위생 점검 필요,2
점검 필요 음료,2
필요 음료 판매,2
음료 판매 시설,2
판매 시설 신고,2
코로나19 감염자 근처,2
감염자 근처 기침,2
근처 기침 제빙기,2
기침 제빙기 음료,2
제빙기 음료 제,2
음료 제 걸까요,2
코로나 때문 신거,2
때문 신거 처리,2
신거 처리 부탁,2
청담동 음식점 유지,2
음식점 유지 상공,2
유지 상공 입니다,2
상공 입니다 가게,2
입니다 가게 앞,2
가게 앞 달째,2
앞 달째 공사,2
달째 공사 중,2
공사 중 소음,2
중 소음 방진,2
소음 방진 먼지,2
방진 먼지 손님,2
먼지 손님 동선,2
손님 동선 이동,2
동선 이동 방해,2
이동 방해 오늘,2
방해 오늘 포크,2
오늘 포크 레인,2
포크 레인 가게,2
레인 가게 차,2
가게 차 그,2
차 그 막무가내,2
그 막무가내 행태,2
막무가내 행태 정신병,2
행태 정신병 지경,2
정신병 지경 복,2
지경 복 포기,2
복 포기 최근,2
포기 최근 코로나,2
최근 코로나 매출,2
코로나 매출 감소,2
매출 감소 지역,2
감소 지역 경제,2
지역 경제 위기,2
경제 위기 거기,2
위기 거기 공사,2
거기 공사 저,2
공사 저 수,2
저 수 안전모,2
수 안전모 복장,2
안전모 복장 입,2
복장 입 담배,2
입 담배 음식점,2
담배 음식점 따윈,2
음식점 따윈 상관,2
따윈 상관 안하무인,2
상관 안하무인 태도,2
안하무인 태도 공사,2
태도 공사 저들,2
공사 저들 엄벌,2
저들 엄벌 히,2
엄벌 히 단속,2
히 단속 처벌,2
한림 병원 앞,2
장안동 위치 린,2
위치 린 여성,2
린 여성 병원,2
여성 병원 코로나,2
병원 코로나 예방,2
코로나 예방 문제,2
예방 문제 지역,2
문제 지역 사회,2
사회 감염 우려,4
감염 우려 신고,2
우려 신고 해당,2
신고 해당 병원,2
해당 병원 겉,2
병원 겉 정문,2
겉 정문 폐쇄,2
정문 폐쇄 후문,2
폐쇄 후문 개방,2
후문 개방 출입,2
개방 출입 시,2
출입 시 발열,2
시 발열 체크,2
발열 체크 손,5
소독 사용 마스크,2
사용 마스크 미착용,2
미착용 출입 불가,2
출입 불가 면회,2
불가 면회 금지,2
면회 금지 등,2
금지 등 이,2
등 이 반대,2
이 반대 환자,2
반대 환자 동의,2
환자 동의 병원,2
동의 병원 연계,2
병원 연계 업체,2
연계 업체 스튜디오,2
업체 스튜디오 산후조리원,2
스튜디오 산후조리원 직원,2
산후조리원 직원 마스터키,2
직원 마스터키 이용,2
마스터키 이용 병실,2
이용 병실 출입,2
병실 출입 영업,2
출입 영업 행위,2
영업 행위 이용,2
행위 이용 강요,2
이용 강요 신생,2
강요 신생 아실,2
신생 아실 연계,2
아실 연계 스튜디오,2
연계 스튜디오 사진,2
스튜디오 사진 촬영,2
사진 촬영 목적,2
촬영 목적 출입,2
목적 출입 환자,2
출입 환자 권리,2
환자 권리 침해,2
권리 침해 코로나,2
침해 코로나 감염,2
코로나 감염 확산,10
감염 확산 위험,5
확산 위험 환자,2
위험 환자 이용자,2
환자 이용자 노출,2
버스 기사 코로나,4
코로나 시국 위험,2
낮 무인 운영,2
무인 운영 코로나,2
운영 코로나 확산,3
수고 코로나 조심,2
저희 의료진 코로나,2
의료진 코로나 의,2
코로나 의 위험,2
의 위험 환자,2
위험 환자 회복,2
환자 회복 최선,2
회복 최선 대다수,2
최선 대다수 의료진,2
대다수 의료진 사랑,2
의료진 사랑 가족,2
사랑 가족 친구,2
가족 친구 주변,2
친구 주변 사람,2
주변 사람 해,2
사람 해 근무,2
해 근무 샤워,2
근무 샤워 퇴근,2
샤워 퇴근 누군가,2
퇴근 누군가 샤워,2
누군가 샤워 도중,2
샤워 도중 동영상,2
도중 동영상 소리,2
동영상 소리 핸드폰,2
소리 핸드폰 본인,2
핸드폰 본인 몸,2
본인 몸 얘기,2
몸 얘기 경찰,2
얘기 경찰 출동,2
경찰 출동 핸드폰,2
출동 핸드폰 검사,2
핸드폰 검사 경찰,2
검사 경찰 소관,2
경찰 소관 샤워,2
소관 샤워 장,2
샤워 장 주변,2
장 주변 범인,2
주변 범인 수,2
범인 수 답,2
수 답 병원,2
답 병원 측,2
병원 측 정확,2
측 정확 상황,2
정확 상황 대처,2
상황 대처 공지,2
대처 공지 여성,2
공지 여성 의료진,2
여성 의료진 불안,2
의료진 불안 사명감,2
불안 사명감 일,2
사명감 일 일,2
일 일 이,2
일 이 힘,2
영업 것 단속,2
회장 전화 부회장,2
분 코로나 때문,2
코로나 때문 단체,2
카터 태화산 진입로,3
태화산 진입로 도로,3
진입로 도로 옹벽,3
도로 옹벽 사다리,3
옹벽 사다리 설치,3
사다리 설치 코로나19,3
설치 코로나19 인간,3
코로나19 인간 접촉,3
인간 접촉 최소,3
접촉 최소 사다리,3
최소 사다리 직각,3
사다리 직각 옹,3
직각 옹 벽면,3
옹 벽면 설치,3
벽면 설치 때,3
설치 때 손,3
때 손 이용,3
손 이용 수,3
이용 수 사람,3
수 사람 접촉,3
사람 접촉 수,3
코로나 외출 자제,2
헬스 장 마스크,4
신체 접촉 등,3
것 체육 시설,2
코로나 조심 하루,2
때문 상황 금강,2
상황 금강 주택,2
금강 주택 월드건설,2
주택 월드건설 단종,2
월드건설 단종 행동,2
단종 행동 노동자,2
행동 노동자 분노,2
노동자 분노 유발,2
분노 유발 신고,2
유발 신고 것,2
신고 것 현장,2
것 현장 단속,2
코로나 관련 안전,4
다음 날 오후,2
할매 국밥 집,2
코로나 발생 마스크,2
코로나 위기 상황,3
등교 길 위험,2
일요일 코로나 병원,2
코로나 병원 군데,2
병원 군데 결국,2
군데 결국 번,2
결국 번 병원,2
번 병원 고대,2
병원 고대 구로,2
고대 구로 병원,2
구로 병원 선별,2
선별 진료소 응급실,2
진료소 응급실 바늘,2
실내 체육 시설,5
마스크 착용 권장,2
확진자 수 발생,2
코로나 위험 지역,3
코로나19 마스크 착용,5
기관 코로나19 방역,2
코로나19 방역 수칙,10
방역 수칙 위반,10
어린이집 아이 학부모,2
것 시민 안전,2
코로나 국가 재난,5
조치 감사 코로나,2
코로나 때문 공무원,3
코로나 검사 후,3
학생 코로나 세계,2
코로나 세계 사람,2
학생 집단 감염,2
코로나 종식 때,4
코로나 등 교전,2
코로나 의심 환자,5
고생 관계 기관,2
관계 기관 여러분,3
기관 여러분 노고,2
차 과학 대학교,4
과학 대학교 재학,2
학기 사이버 강의,5
수 학교 측,2
밀폐 공간 폐쇄,2
사이버 강의 진행,2
국가 사회 거리,2
월 일 강의,2
체온 검사 코로나,2
집 시간 요즘,2
코로나 방역 수칙,7
등 코로나 사태,2
코로나 사태 인지,2
사이버 강의 추진,3
전국 각지 학생,2
강의 추진 학교,2
곳 학생 마스크,2
감염 위험 곳,4
시간 분 거리,2
위험 노출 학생,2
학생 불편 불안,2
빌 아파트 주민,2
아파트 주민 코로나19,2
사회 거리 사람,2
코로나 경기 침체,2
세계 사회 거리,2
때문 코로나 감염,4
코로나 확산 사회,2
확산 사회 거리,3
위험 신고 코로나,2
신고 코로나 때문,2
끝 나 지점,2
발생 코로나 확진자,2
신고 처리 감사,2
처리 감사 코로나19,2
감사 코로나19 등,2
코로나19 등 건강,2
코로나 방역 지침,3
코로나 예방 말,2
코로나19 폐쇄 중,2
마스크 사회 거리,2
사회 안전거리 두기,2
안전거리 두기 마스크,2
두기 마스크 착용,8
주민 이용 수,2
코로나 감염자 수,3
감염자 수 나사,2
수 나사 듯,2
나사 듯 코로나,2
듯 코로나 감염,2
감염 우려 안전,2
우려 안전 위협,2
안전 위협 사회,2
위협 사회 거리,2
사회 거리 생활,2
거리 생활 방역,2
생활 방역 저해,2
종식 날 연기,2
날 연기 것,2
연기 것 어린이날,2
것 어린이날 샌드,2
어린이날 샌드 위지,2
샌드 위지 휴일,2
위지 휴일 몰상식,2
휴일 몰상식 코로나,2
몰상식 코로나 생활,2
코로나 생활 방역,5
생활 방역 요인,2
방역 요인 방해,2
번 신고 코로나,2
도시 건설 과,3
건설 과 코로나,3
과 코로나 처리,3
코로나 처리 부서,3
차 아파트 동,2
것 학생 안전,2
시일 내 처리,2
내 처리 부탁,2
코로나 학생 등교,2
팬데 믹 이후,9
믹 이후 일자리,3
이후 일자리 창출,3
안녕 저 금호,2
저 금호 공업,2
금호 공업 고등학교,2
공업 고등학교 재학,2
고등학교 재학 중,2
제 말 것,2
것 저희 학교,2
저희 학교 운동부,2
학교 운동부 유도부,2
운동부 유도부 월,2
유도부 월 달,2
월 달 코로나,3
달 코로나 유행,2
코로나 유행 때,2
유행 때 저희,2
때 저희 기숙사,2
저희 기숙사 반강,2
기숙사 반강 운동,2
반강 운동 말,2
운동 말 용기,2
말 용기 용기,2
용기 용기 말,2
용기 말 기숙사,2
말 기숙사 감사,2
기숙사 감사 때,2
감사 때 코치,2
때 코치 선생,2
코치 선생 감사,2
선생 감사 너희,2
감사 너희 짐,2
너희 짐 듯이,2
안전 위협 상황,2
코로나19 때문 일,2
세영 리첼 아파트,2
오룡초 등 학교,2
불편 감수 이곳,2
기사 보호막 설치,2
택시 설치 택시,2
주변 아파트 단지,3
방문자 마스크 착용,2
마스크 착용 경우,2
수 조치 요청,2
엔 노래 타운,2
노래 타운 입장,2
이용 시 마스크,2
중 코로나 환자,2
거리 두기 완화,2
정부 관계자 분,2
마스크 착용 명,2
명 마스크 미착용,2
매장 직원 대답,2
코로나 월 일,3
코로나 바이러스 시국,2
속 초시 코로나,2
초시 코로나 방역,2
코로나19 수고 분,2
새벽 시 분,2
구청 직원 마스크,3
등교 개학 실시,2
집단 감염 우려,6
방역 수칙 코로나,2
코로나 기간 동안,3
코로나 사태 위생,2
코로나 위험 의식,2
위험 의식 판,2
코로나19 탁트인 트랙,2
탁트인 트랙 바람,2
트랙 바람 가족,2
바람 가족 모두,2
가족 모두 인라인,2
모두 인라인 수,2
인라인 수 해당,2
수 해당 민원,2
해당 민원 처리,2
민원 처리 부탁,4
코로나 테라스 시간,13
위 헬스 장,2
코로나19 생활 속,5
거리 두기 끝,2
마스크 착용 행사,2
집단 감염 수,3
코로나19 집단 감염,4
착용 행정 명령,2
조치 코로나 예방,2
내 마스크 미착용,3
마스크 착용 교육,2
앞 시간 술집,2
코로나 생활 속,2
생활 속 거리,21
속 거리 두기,16
생활 속거리 전환,2
불법 유상운 송,3
사람 이용 곳,2
공중 보건 위생법,2
보건 위생법 위반,2
복지 사 자격증,2
날 월 일,2
화장실 비누 하나,2
코로나 완전 진정,2
코로나 위험 것,3
코로나 난리 조심,2
난리 조심 판국,2
이외 대 신고,2
대 신고 단속,2
신고 단속 직무,2
단속 직무 유기,2
직무 유기 코로나,2
유기 코로나 때문,2
코로나 때문 오토바이,2
때문 오토바이 배달부,2
오토바이 배달부 살판,2
수업 사이버 강의,2
이태원 클럽 코로나19,2
클럽 코로나19 확산,2
거리 두기 때,2
검사 결과 음성,2
업소 사업자 등록증,2
코로나 사태 생각,2
염려 시정 조치,2
코로나 바이러스 평소,2
바이러스 평소 업무,2
평소 업무 공무,2
업무 공무 처리,2
공무 처리 수고,2
처리 수고 것,2
학교 자체 코로나19,6
자체 코로나19 건지,6
코로나19 건지 계속,7
건지 계속 등교,7
계속 등교 강의,6
등교 강의 진행,6
강의 진행 중,9
지역 사회 코로나,2
강의 온라인 강의,2
열 나 학생,2
방역 거리 두기,3
시간 점심 시간,2
코로나 확산 시기,3
노력 무시 것,2
시간 동안 마스크,2
마스크 수업 교수,2
십 년 동안,2
길 하루 아침,2
월 일 개강,2
학년 월 일,3
시점 체온 측정,2
검사 후 자가격리,3
학생 마스크 착용,2
마스크 착용 후,2
대학교 간호학 학생,3
코로나 바이러스 검사,2
바이러스 검사 학생,2
코로나 확진자 수,2
시간 수업 시간,2
불안 수 밖,2
상태 수업 진행,2
수업 진행 것,2
코로나 차 감염,2
이태원 클럽 발,2
발 코로나 확산,3
코로나 확산 중,3
코로나 확산 걱정,4
주택가 코로나 불안,2
코로나 관련 생활,2
코로나 고생 동구,2
고생 동구 사랑,2
동구 사랑 주민,2
사랑 주민 동구,2
주민 동구 생활안전,2
동구 생활안전 복지,2
생활안전 복지 년,2
복지 년 전,2
년 전 근래,2
전 근래 산책,2
근래 산책 분,2
산책 분 증가,2
분 증가 모습,2
증가 모습 목격,2
모습 목격 가지,2
목격 가지 건,2
가지 건 사항,2
건 사항 해전,2
사항 해전 건,2
해전 건 사항,2
건 사항 내용,2
사항 내용 최근,2
내용 최근 년,2
년 사이 개선,2
사이 개선 것,2
개선 것 의견,2
것 의견 고려,2
의견 고려 것,2
관리 발열 체크,2
무리 등교 감행,2
코로나 치료제 개발,2
감염 위험 생각,3
초등 학교 옆,3
운동 시설 이용,3
만 원 정도,2
관계자 분 감사,2
영업 정지 행정,2
정지 행정 처분,2
집회 모임 자제,2
거리 두기 마스크,11
통행 방해 코로나,2
지난주 이태원 클럽,2
휘트 니스 클럽,2
장 마스크 미착용,3
회원 마스크 착용,2
마스크 미착용 채,3
회원 마스크 미착용,4
코로나 바이러스 술집,2
바이러스 술집 운영,2
술집 운영 경기도,2
운영 경기도 집,2
경기도 집 문,2
집 문 여기,2
문 여기 정상,2
여기 정상 영업,2
지하 층 위치,4
마스크 착용 상태,3
명 이상 모임,3
과속 단속 카메라,4
신호위 반 과속,2
어린이 안전 사고,2
것 코로나 확산,3
코로나 바이러스 신고,6
등 유동 인구,2
팬데 믹 기간,2
믹 기간 산업,2
코로나19 감염 위험,13
룰 외국인 때문,2
거리 두기 지침,4
코로나19 시국 고생,2
발생 시 대처,2
대전 광역 시청,3
감염 경로 파악,3
코로나19 감염 예방,4
날 연가 처리,2
시 분경 병원,2
분경 병원 방문,2
병원 방문 환자,2
방문 환자 분,2
환자 분 자격,2
분 자격 조회,2
자격 조회 코로나19,2
조회 코로나19 확진,2
코로나19 확진 환자,2
확진 환자 접촉자,2
환자 접촉자 신고,2
팬데 믹 특허,2
코로나19 시 공무원,2
시 공무원 감사,2
공무원 감사 민원,2
감사 민원 제기,2
월 일 월,3
유소년 야구 대회,2
확산 방지 연기,2
일 일 일,4
코로나19 확산 위험,2
위험 요소 생각,2
여수 종고 초등,2
종고 초등 학교,3
등하 교시 주정차,2
년 월 주정차,2
월 주정차 금지,2
주정차 금지 봉,3
금지 봉 설치,4
봉 설치 민원,2
설치 민원 접수,2
민원 접수 설치,2
설치 업체 선정,2
업체 선정 수,2
초등 학교 후문,2
마스크 착용 강제,2
버스 마스크 사람,2
사람 버스 안,2
거리 두기 실시,2
인천 강남 광역버스,2
강남 광역버스 번,2
광역버스 번 버스,2
번 버스 버스,2
버스 버스 기사,2
기사 코로나 발생,2
코로나 발생 국민,2
발생 국민 위험,2
국민 위험 시국,2
시국 마스크 착용,4
마스크 착용 신고,2
일 인천 광역시,2
인천 광역시 대중교통,2
광역시 대중교통 용시,2
대중교통 용시 마스크,2
용시 마스크 착용,3
착용 의무 승객,2
의무 승객 버스,2
승객 버스 기사,2
버스 기사 마스크,4
기사 마스크 착용,5
착용 것 말,2
것 말 생각,5
말 생각 번,2
생각 번 버스,2
번 버스 이태원,2
버스 이태원 발,2
이태원 발 코로나,3
확산 시기 연수구,2
시기 연수구 옥련동,2
연수구 옥련동 확진자,2
옥련동 확진자 버스,2
확진자 버스 확진자,2
버스 확진자 기사,2
확진자 기사 버스,2
기사 버스 기사,2
착용 것 유감,2
것 유감 기사,2
유감 기사 이번,2
기사 이번 뿐,2
이번 뿐 지난번,2
뿐 지난번 색,2
지난번 색 마스크,2
색 마스크 턱,2
마스크 턱 채,4
턱 채 기침,2
채 기침 것,2
기침 것 목격,2
것 목격 바,2
목격 바 그,2
바 그 운전,2
그 운전 시,2
운전 시 클락,2
시 클락 션,2
클락 션 필요,2
션 필요 정도,2
필요 정도 등,2
정도 등 승객,2
등 승객 불안감,2
승객 불안감 조성,2
불안감 조성 이,2
조성 이 버스,2
이 버스 기사,2
버스 기사 신고,2
기사 신고 바,2
신고 바 버스,2
바 버스 기사,2
버스 기사 처리,2
기사 처리 결과,2
처리 결과 답변,2
결과 답변 감사,2
집 아이 창문,2
아이 창문 수업,3
창문 수업 방해,2
수업 방해 상황,2
코로나19 사태 근로자,2
미착용 상태 작업,2
상태 작업 중,2
아이 개학 아이,2
양정 흠 학생,7
흠 학생 자가격리,7
학생 자가격리 위반,3
자가격리 위반 신고,3
코로나 위기 극복,3
위기 극복 시국,3
사진 속 회원,2
속 회원 마스크,2
마스크 미착용 운동,2
미착용 운동 저녁,2
운동 저녁 시간,2
저녁 시간 트레이너,2
시간 트레이너 분,2
트레이너 분 마스크,2
외 때 발열,2
때 발열 체크,3
소독 등 기본,2
등 기본 상황,2
운영 이 코로나,2
이 코로나 확산,2
확산 방지 신속,2
방지 신속 조치,2
신속 조치 부탁,2
장안 프라자 층,3
마지막 전화 번호,2
전화 번호 개인,2
번호 개인 정보,2
마스크 착용 채,6
조치 부탁 위치,2
부탁 위치 장안,2
위치 장안 프라자,2
피트 니스 마지막,2
위반 신고 동시,2
신고 동시 양정,2
동시 양정 흠,2
학생 자가격리 동안,2
자가격리 동안 동반,2
동안 동반 권지섭,2
동반 권지섭 최영민,2
권지섭 최영민 학생,4
최영민 학생 코로나19,2
바이러스 감염 여부,2
여부 검사 동반,2
검사 동반 자가격리,2
동반 자가격리 요구,2
자가격리 요구 권지섭,2
요구 권지섭 최영민,2
최영민 학생 양정,2
학생 양정 흠,2
학생 자가격리 기간,2
자가격리 기간 와중,2
기간 와중 접촉,2
와중 접촉 후,2
접촉 후 학교,2
후 학교 출석,2
학교 출석 실기,2
출석 실기 시험,2
실기 시험 사실,2
보도 오토바이 길,2
신호 무시 횡단,2
무시 횡단 보도,2
거 특별 조치,2
미국 유럽 발,2
코로나19 확산 세,2
코로나 때문 거리,2
종업원 마스크 미착용,4
마스크 미착용 등,2
코로나 자가격리 자,3
일 일 사이,2
코로나 바이러스 전파력,2
코로나 상황 속,7
코로나19 월 일,2
월 일 봉사,2
직원 분 마스크,2
특구 집 창촌,2
비축 의료 용품,2
시민 생명 안전,2
코로나19 지역 시회,2
지역 시회 감염,2
시회 감염 이태원,2
감염 이태원 발,2
이태원 발 차,2
발 차 감염,2
차 감염 사례,2
감염 사례 현실,2
사례 현실 오프라인,2
현실 오프라인 기말고사,2
오프라인 기말고사 학기,2
기말고사 학기 전체,2
학기 전체 온라인,2
전체 온라인 학사,2
온라인 학사 일정,2
학사 일정 교수,2
일정 교수 재량,2
교수 재량 오프라인,2
재량 오프라인 시험,2
오프라인 시험 시도,2
시험 시도 것,2
시도 것 생각,2
것 생각 그것,2
생각 그것 밀폐,2
그것 밀폐 공간,2
밀폐 공간 명,3
공간 명 인원,2
명 인원 둘,2
인원 둘 건,2
둘 건 말,2
건 말 교수,2
말 교수 본인,2
교수 본인 조교,2
본인 조교 경우,2
조교 경우 교육부,2
경우 교육부 지침,2
교육부 지침 상황,2
지침 상황 발생,2
상황 발생 미연,2
발생 미연 방지,2
미연 방지 부탁,2
방지 부탁 가정,2
부탁 가정 아기,2
가정 아기 입장,2
아기 입장 상황,2
입장 상황 고려,2
전국 모집인 탓,3
모집인 탓 지방,3
탓 지방 학생,3
지방 학생 경우,3
학생 경우 대부분,3
경우 대부분 기숙사,3
대부분 기숙사 서울,3
기숙사 서울 영상,3
서울 영상 고등학교,7
영상 고등학교 코로나,3
고등학교 코로나 상황,3
상황 속 등교,3
속 등교 개학,3
등교 개학 전,3
개학 전 기숙사,3
전 기숙사 시스템,3
기숙사 시스템 불만,3
시스템 불만 학부모,3
불만 학부모 학생,3
학부모 학생 사이,3
격주 등 교로,3
등 교로 대중교통,3
교로 대중교통 이용,3
대중교통 이용 코로나19,3
이용 코로나19 감염,3
기숙사 학생 서울,3
학생 서울 코로나,3
서울 코로나 감염,3
코로나 감염 지방,3
감염 지방 집,3
지방 집 가족,3
집 가족 감염,5
상황 속 교육부,3
속 교육부 지침,3
교육부 지침 수,3
지침 수 등교,3
수 등교 결정,3
등교 결정 학부모,3
결정 학부모 걱정,3
학부모 걱정 서울,3
걱정 서울 영상,3
영상 고등학교 지침,3
고등학교 지침 안심,3
지침 안심 수,3
것 이 학생,3
의무 야간 자율,2
야간 자율 학습,2
학생 안전 생각,2
코로나 때문 창문,2
여러분 감사 인사,2
코로나19 전염 위험,3
초등 학교 등,2
등 하교 길,2
확산 방지 조치,2
때문 시국 아침,2
시국 아침 등교,2
아침 등교 길,2
아이 간염 우려,2
간염 우려 기흥구,2
우려 기흥구 서브,2
기흥구 서브 마린,2
서브 마린 수영장,2
마린 수영장 직원,2
학교 등교 때,2
등교 때 홍보,2
때 홍보 것,2
걱정 조치 필요,2
등교 길 아이,2
우리 아이 학교,2
스타 벅스 앞,3
마스크 착용 게,2
코로나 확진 증가,2
영업 가게 앞,2
코로나 질병 대응,2
질병 대응 노고,2
대응 노고 감사,2
코로나 상황 전국,3
전국 각지 선수,3
각지 선수 시합,3
선수 시합 게,3
시합 게 시합,3
게 시합 인천,3
시합 인천 서울,3
인천 서울 경기,3
서울 경기 지역,4
경기 지역 선수,3
지역 선수 곳,3
선수 곳 이게,3
곳 이게 걸까요,3
이게 걸까요 시합,3
걸까요 시합 이유,3
시합 이유 도쿄,3
이유 도쿄 올림픽,3
도쿄 올림픽 연기,3
올림픽 연기 이게,3
연기 이게 성황리,3
이게 성황리 개최,3
성황리 개최 의문,3
선수 코로나 대책,3
코로나 대책 시합,3
대책 시합 추진,3
시합 추진 것,3
추진 것 이대로,3
것 이대로 시합,3
이대로 시합 진행,3
코로나 시합 선수,3
시합 선수 코로나,3
선수 코로나 감염,3
코로나 감염 대책,3
상황 위험 상황,2
공익 근무 요원,3
불법 주정차 과태료,5
주정차 과태료 부과,5
과태료 부과 경고,5
부과 경고 코로나19,5
경고 코로나19 우울,4
코로나19 우울 사고,4
우울 사고 우리,5
사고 우리 동네,5
우리 동네 안전,5
동네 안전 분,5
안전 분 안쪽,5
분 안쪽 버스,5
안쪽 버스 대,5
버스 대 주정차,5
환자 발생 시,3
전국 코로나 비상,2
수고 줄 압,2
마스크 착용 안전,2
안전 조치 필요,2
동선 코로나 검사,3
코로나 확산 지역,2
요즘 코로나19 국민,2
코로나19 국민 착용,2
코로나 아이 학교,3
아이 학교 것,2
전 세계 코로나,2
집합 금지 행정,2
영업 금지 명령,2
금지 명령 것,2
사태 때문 카페,2
때문 카페 앞,2
카페 앞 놀이터,2
앞 놀이터 아침,2
놀이터 아침 저녁,2
아침 저녁 아이,2
저녁 아이 자전거,2
아이 자전거 아이,2
코로나 확진 방지,2
앞 발열 체크,2
사회 거리 외출,2
열 사람 중,2
코인 노래방 박스,2
애벌레 송충이 북한,2
송충이 북한 국립,2
북한 국립 공원,2
국립 공원 매미나방,2
공원 매미나방 벌레,2
매미나방 벌레 피해,2
벌레 피해 방역,2
피해 방역 것,2
방역 것 티비,2
것 티비 방영,2
티비 방영 코로나19,2
방영 코로나19 방역,2
일 센텀 신세계백화점,2
센텀 신세계백화점 몰,2
신세계백화점 몰 모모스,2
몰 모모스 커피,2
모모스 커피 사진,2
커피 사진 것,2
사진 것 사진,3
것 사진 그날,2
사진 그날 게,2
그날 게 분,2
게 분 블로그,2
분 블로그 사진,2
블로그 사진 그때,2
사진 그때 사진,2
그때 사진 그날,2
사진 그날 사람,2
그날 사람 사람,2
사람 사람 의자,2
사람 의자 옆,2
의자 옆 자리,2
옆 자리 가방,2
자리 가방 생활,2
가방 생활 속,2
두기 실천 가방,2
실천 가방 고객,2
가방 고객 고객,2
고객 고객 간,2
고객 간 마찰,2
간 마찰 직원,2
마찰 직원 중재,2
직원 중재 카페,2
중재 카페 코로나,2
카페 코로나 지침,2
코로나 지침 게,2
지침 게 사람,2
게 사람 때,2
사람 때 얘기,2
때 얘기 문,2
얘기 문 보도,2
문 보도 자료,2
보도 자료 식당,2
자료 식당 커피숍,2
식당 커피숍 테이블,2
커피숍 테이블 간,2
테이블 간 이상,2
간 이상 간격,2
이상 간격 두기,2
간격 두기 권고,2
두기 권고 권고,2
권고 권고 동양,2
권고 동양 최대,2
동양 최대 백화점,2
최대 백화점 홍보,2
백화점 홍보 신세계,2
홍보 신세계 백화점,2
신세계 백화점 고객,2
백화점 고객 안전,2
고객 안전 고려,2
안전 고려 매상,2
고려 매상 모습,2
사진 코로나 전,2
코로나 전 사진,2
전 사진 코로나,2
사진 코로나 지금,2
코로나 지금 의자,2
지금 의자 수,2
의자 수 통,2
수 통 테이블,2
통 테이블 사람,2
테이블 사람 공간,2
사람 공간 시정,2
공간 시정 확진자,2
시정 확진자 처,2
확진자 처 공간,2
처 공간 사람,2
공간 사람 봉변,2
사람 봉변 마스크,2
봉변 마스크 시간,2
마스크 시간 공간,2
시간 공간 배치,2
공간 배치 말,2
월 달 사회,2
달 사회 거리,2
정부 코로나 대응,2
집회 소음 신고,2
소음 신고 앞,2
신고 앞 아파트,2
앞 아파트 입구,2
아파트 입구 코로나,2
입구 코로나 학교,2
코로나 학교 온라인,2
학교 온라인 수업,2
온라인 수업 중,2
수업 중 수업,2
중 수업 수,2
수업 수 시국,2
수 시국 덕양구,2
시국 덕양구 집회,2
덕양구 집회 신고,2
집회 신고 허락,2
신고 허락 건지,2
허락 건지 이해,2
건지 이해 구청,2
이해 구청 전화,2
코로나 검사 중,2
시 시 코로나,2
시 코로나 때문,2
관철 기업 초등,4
기업 초등 학교,4
초등 학교 단부,2
학교 단부 작업,2
단부 작업 시,4
작업 시 목수,2
시 목수 벨트,2
목수 벨트 걸이,2
벨트 걸이 덤프,2
걸이 덤프 갇,2
덤프 갇 신호수,2
갇 신호수 장비,2
신호수 장비 육,2
장비 육 미세먼지,2
육 미세먼지 물,2
미세먼지 물 누구,2
물 누구 하나,2
누구 하나 마스크,2
하나 마스크 코,2
마스크 코 코로나,2
코 코로나 발열,2
코로나 발열 체크,2
발열 체크 현자,2
체크 현자 일,2
현자 일 분,2
일 분 근로,2
분 근로 계서,2
근로 계서 갑,2
계서 갑 을,2
갑 을 주지,2
을 주지 않,2
주지 않 계성,2
않 계성 건설,2
계성 건설 회사,2
건설 회사 교육청,2
회사 교육청 각성,2
교육청 각성 산업,2
각성 산업 전부,2
산업 전부 노동부,2
전부 노동부 뭘,2
노래방 술 노래방,2
확산 수 위험,2
수 위험 요소,2
행사 코로나 안전,2
안전 수칙 시행,3
수칙 시행 불안,2
인천 지역 코로나,2
수 마스크 운동,2
역학 조사 가능,2
코로나19 생활 거리,2
단속 카메라 설치,2
위험 것 생각,2
만 원 추가,2
만 원 지급,2
날 코로나 때문,2
코로나 때문 사람,3
코로나 바이러스 극복,2
바이러스 극복 인천,2
영종 웨스트 클라우드,2
웨스트 클라우드 인천,2
클라우드 인천 광역시,2
인천 광역시 중,2
광역시 중 바위,2
중 바위 번,2
바위 번 길,2
번 길 버터플라이,2
길 버터플라이 시티,2
버터플라이 시티 소재,2
시티 소재 업무,2
소재 업무 시설,2
업무 시설 판매,2
시설 판매 시설,2
판매 시설 숙박,2
시설 숙박 시설,2
숙박 시설 구성,2
시설 구성 집합,2
구성 집합 건물,2
집합 건물 중,2
건물 중 숙박,2
중 숙박 시설,2
숙박 시설 운영,2
시설 운영 관리,2
운영 관리 호텔,2
관리 호텔 운영,2
호텔 운영 사,2
운영 사 당사,2
사 당사 대한민국,2
당사 대한민국 정부,2
대한민국 정부 코로나19,2
정부 코로나19 지침,2
코로나19 지침 년,2
지침 년 월,2
년 월 호텔,2
월 호텔 투숙객,2
호텔 투숙객 방문객,2
투숙객 방문객 열,2
방문객 열 체크,2
열 체크 소독,2
체크 소독 사용,2
소독 사용 생활,2
사용 생활 방역,2
생활 방역 철저,2
방역 철저 유지,2
철저 유지 관리,2
유지 관리 이,2
관리 이 행위,2
이 행위 자,2
행위 자 방역,2
자 방역 수칙,2
방역 수칙 준수,7
수칙 준수 권고,2
준수 권고 통행,2
권고 통행 제한,2
이 건물 전체,2
건물 전체 관리,2
전체 관리 업체,2
관리 업체 변경,2
업체 변경 호실,2
변경 호실 구성,2
호실 구성 규모,2
구성 규모 집합,2
규모 집합 건물,2
집합 건물 하루,2
건물 하루 아침,2
하루 아침 코로나19,2
아침 코로나19 바이러스,2
코로나19 바이러스 확진,2
바이러스 확진 위험,2
확진 위험 대책,2
위험 대책 노출,2
보안 코로나 바이러스,2
코로나 바이러스 보호,2
바이러스 보호 고객,2
보호 고객 위험,2
고객 위험 노출,2
위험 노출 것,2
코로나 예방 지역,2
예방 지역 사회,2
지역 사회 전파,3
사회 전파 차단,2
전파 차단 방역,2
차단 방역 수칙,2
방역 수칙 수,4
수칙 수 수,2
수 수 공용,2
수 공용 시설물,2
공용 시설물 원상,2
시설물 원상 복구,2
원상 복구 수,2
복구 수 정부,2
수 정부 협조,2
정부 협조 요청,2
저희 아파트 층,2
층 부천 시청,2
부천 시청 기부,4
시청 기부 체납,5
기부 체납 곳,2
부천시 최근 상기,2
최근 상기 장소,2
상기 장소 층,2
장소 층 외국인,2
층 외국인 재난,2
외국인 재난 기본소득,2
재난 기본소득 민원,2
사용 해당 장소,2
해당 장소 부천,3
장소 부천 시청,3
기부 체납 시청,2
체납 시청 관할,2
시청 관할 공간,3
관할 공간 부천,3
공간 부천 시청,3
부천 시청 본청,3
시청 본청 일반,3
본청 일반 시민,3
일반 시민 거주,6
시민 거주 외부,3
거주 외부 공간,3
외부 공간 외국인,3
공간 외국인 민원,3
외국인 민원 거,3
민원 거 장소,3
거 장소 일반,3
장소 일반 시민,3
시민 거주 외국인,3
거주 외국인 민원인,3
외국인 민원인 입주민,3
민원인 입주민 공간,3
입주민 공간 출입,3
공간 출입 일,3
출입 일 안내,3
일 안내 인력,3
안내 인력 배치,3
인력 배치 외국인,3
배치 외국인 이해,3
외국인 이해 수,3
이해 수 안내,3
수 안내 표지판,3
안내 표지판 설치,3
표지판 설치 것,3
설치 것 부천,3
것 부천 시청,3
부천 시청 만,3
시청 만 인력,3
만 인력 조치,3
인력 조치 시청,3
조치 시청 외부,3
시청 외부 공간,3
외부 공간 대민,3
공간 대민 창구,3
대민 창구 사용,3
창구 사용 코로나19,3
사용 코로나19 감염,3
감염 위험 입주민,3
위험 입주민 일반,3
입주민 일반 시민,3
일반 시민 안전,3
시민 안전 수,4
안전 수 조치,3
센트럴 파크 푸르지오,3
장소 거리 두기,3
주거 공간 곳,2
아파트 단지 안,2
재난 지원금 지급,4
후 음성 판정,2
십 대 여성,3
대 여성 인권,3
여성 인권 센터,3
코로나 바이러스 국내외,3
바이러스 국내외 출입국,3
국내외 출입국 절차,3
출입국 절차 출입국,3
절차 출입국 걸로,3
활어차 마찬가지 코로나,3
마찬가지 코로나 방역,3
코로나 방역 프로토콜,3
외부 일정 진행,2
명 코로나 확진자,2
코로나 확진자 건물,3
주 자가격리 권고,2
자가격리 권고 사항,2
권고 사항 일,2
사항 일 격리,2
일 격리 후,2
격리 후 출근,2
만 불 시대,2
밀폐 공간 코로나,2
공간 코로나 전파,2
담배 코로나 때문,2
달 미 역사,3
코로나19 위험 노출,4
마스크 착용 가능,3
안전신문고 신고 관철,2
신고 관철 기업,2
초등 학교 신설,2
학교 신설 현장,2
신설 현장 안전,2
현장 안전 통로,2
안전 통로 하나,2
통로 하나 형틀,2
하나 형틀 목수,2
형틀 목수 거푸집,2
목수 거푸집 동,2
거푸집 동 안전,2
동 안전 통로,2
안전 통로 단부,2
통로 단부 작업,2
작업 시 안전벨트,2
시 안전벨트 안전,2
안전벨트 안전 고리,2
안전 고리 착용,2
고리 착용 사람,2
착용 사람 명,2
사람 명 뿐,2
명 뿐 안전관,2
뿐 안전관 리자,2
안전관 리자 뿐,2
리자 뿐 현장,2
뿐 현장 시스,2
현장 시스 탬,2
시스 탬 안전,2
탬 안전 고리,2
안전 고리 코로나,2
고리 코로나 삽지,2
코로나 삽지 위생,2
삽지 위생 현실,2
위생 현실 누구,2
현실 누구 착용,2
누구 착용 사람,2
착용 사람 자본,2
사람 자본 주위,2
자본 주위 세상,2
주위 세상 계성,2
세상 계성 건설,2
계성 건설 노동부,2
건설 노동부 산업,2
노동부 산업 안전,2
산업 안전 시청,2
안전 시청 전화,2
시청 전화 출동,2
전화 출동 자본주의,2
직원 마스크 일,2
집단 감염 사건,2
마스크 착용 착용,2
코로나 감기 거,2
코로나 실내 운동,4
거리 두기 수칙,2
게 말 코로나,3
말 코로나 확산,2
명 이상 확진자,2
행정 조치 부탁,2
제목 버터플라이 시티,2
버터플라이 시티 총괄,2
시티 총괄 관리,2
총괄 관리 코로나,2
관리 코로나 시국,2
코로나 시국 엘레,2
시국 엘레 베,2
베 이터 보안,2
이터 보안 해제,2
보안 해제 만행,2
해제 만행 고발,2
코로나 시국 만행,2
시국 만행 관리,2
만행 관리 단,2
관리 단 민원,2
인천 코로나 발생,2
코로나 발생 지금,3
발생 지금 때,2
숙박업 코로나 열,2
코로나 열 체크,2
손 소독 필수,2
소독 필수 검사,2
출처 수 이,2
수 이 호텔,2
이 호텔 침입,2
호텔 침입 코로나,2
침입 코로나 대응,2
코로나 대응 취약,2
대응 취약 상황,2
게 건가요 불안,2
위험 사회 거리,2
월 일 광주,2
여름 코로나19 고생,2
헬스 장 관리,2
코로나 배달 사고,2
배달 사고 위험,2
시 분 분,2
코로나 시국 달,2
시국 달 사람,2
달 사람 사람,2
사람 사람 여기,2
명 회원 아침,2
회원 아침 저녁,2
아침 저녁 운동,2
저녁 운동 음식,2
운동 음식 술병,2
음식 술병 음식,2
술병 음식 쓰레기,2
음식 쓰레기 담배,2
쓰레기 담배 회원,2
담배 회원 취사,2
회원 취사 산불,2
취사 산불 위험,2
산불 위험 요인,2
위험 요인 발생,2
요인 발생 펜,2
발생 펜 단지,2
펜 단지 정문위,2
단지 정문위 불법주차,2
정문위 불법주차 자리,2
불법주차 자리 잡음,2
자리 잡음 양천,2
잡음 양천 탁구장,2
양천 탁구장 코로나,4
탁구장 코로나 번지,2
코로나 번지 상황,2
번지 상황 단체,2
상황 단체 운동,2
단체 운동 것,2
운동 것 지역,2
지역 사회 거리,3
사회 거리 기와,2
거리 기와 등,2
기와 등 산인,2
등 산인 선례,2
산인 선례 수,2
선례 수 단속,2
수 단속 필요,2
지하 층 블,3
층 블 크로스,3
블 크로스 핏,3
운동 센터 방문,2
체육 시설 운영,2
무분별 행동 댄스,2
안전 수칙 발열,3
수칙 발열 체크,3
코로나19 집 시간,2
집 시간 달,2
시간 달 동안,2
코로나 날씨 속,2
노량진로 길 건물,2
길 건물 층,2
건물 층 창문,2
노들 빌라 쪽,2
초등 학교 담벼락,3
코로나 시국 걱정,3
시국 걱정 때,3
코로나19 감염증 확산,2
감염증 확산 조심,2
확산 조심 때,2
조심 때 방역,2
때 방역 지침,2
방역 지침 행사,2
지침 행사 초대,2
행사 초대 분,2
초대 분 호,2
분 호 선,2
호 선 지하철,2
선 지하철 확인,2
지하철 확인 부탁,2
마스크 턱 등,2
단속 필요 생각,2
코로나 감염 전파,2
밀접 접촉 코로나,3
접촉 코로나 감염,3
보도 방 도우미,2
노래방 유흥주 점,2
수업 대면 시험,8
대면 시험 진행,3
시험 진행 것,2
실내 운동 사람,2
운동 사람 산,2
사람 산 명,2
산 명 정도,2
명 정도 아침,2
정도 아침 저녁,2
탁구장 코로나 확대,2
코로나 확대 배드민턴,2
확대 배드민턴 장,2
배드민턴 장 요소,2
믹 이후 기간,2
이후 기간 산업,2
코로나 감염 예방,2
헬스 장 이용,5
헬스 장 회원,2
대책 필요 생각,2
일 주일 전,3
코로나19 안전 수칙,8
교실 내 거리,2
내 거리 유지,2
최근 코로나 확진자,64
코로나 확진자 수도,65
확진자 수도 증가,10
수도 증가 추세,10
증가 추세 상인,10
추세 상인 오일장,10
상인 오일장 주변,43
오일장 주변 시민,43
주변 시민 피해,43
시민 피해 본인,11
피해 본인 이익,11
본인 이익 추구,32
이익 추구 주변,32
추구 주변 시민,32
주변 시민 줄,32
시민 줄 피해,53
줄 피해 상인,51
피해 상인 시민,51
상인 시민 상생,53
시민 상생 수,53
상생 수 시민,43
수 시민 시장,43
시민 시장 철거,55
시장 철거 요구,32
저소득층 코로나 생계비,2
코로나 생계비 카드,2
생계비 카드 카드,2
카드 카드 학생,2
카드 학생 식사,2
학생 식사 카드,2
식사 카드 발급,2
카드 발급 민원실,2
발급 민원실 전화,2
민원실 전화 복지,2
전화 복지 주민,2
복지 주민 센타,2
주민 센타 불친절,2
센타 불친절 거,2
불친절 거 힘,2
거 힘 내라,2
힘 내라 대구,2
내라 대구 시민,2
대구 시민 힘,2
시민 힘 이따위,2
힘 이따위 행정,2
이따위 행정 대구,2
행정 대구 시민,2
대구 시민 데,2
가운 사거리 근처,2
사거리 근처 소음,2
근처 소음 유발,2
소음 유발 폭주족,2
유발 폭주족 밤,2
폭주족 밤 폭주,2
밤 폭주 주말,2
폭주 주말 난리,2
주말 난리 시간,2
난리 시간 잠,2
시간 잠 자기,2
잠 자기 정도,2
자기 정도 단속,2
정도 단속 소음,2
단속 소음 코로나19,2
소음 코로나19 때문,2
코로나19 때문 조치,2
대량 감염 확산,2
감염 지역 사회,3
소화전 근처 주정차,3
근처 주정차 금지,3
주정차 금지 표지판,3
금지 표지판 시설,2
코로나 차 대유행,2
현장 점검 지도,2
점검 지도 방역,2
지도 방역 수칙,2
방역 수칙 등,2
수칙 등 위반,2
등 위반 사항,2
위반 사항 확인,2
사항 확인 체크,2
확인 체크 전국,2
체크 전국 등,2
전국 등 코로나,2
등 코로나 청정,2
청정 지역 명성,2
지역 명성 누가,2
명성 누가 감사,2
기존 판매 상품,2
판매 업체 자산,2
마켓 안전 거래,2
안전 거래 센터,2
저희 판매 업체,2
발생 코로나 때문,2
항균 나노 구리,2
나노 구리 마스크,2
구리 마스크 제품,2
마스크 제품 판매,2
제품 판매 인증,2
판매 인증 제품,2
인증 제품 것,2
제품 것 인증,2
것 인증 시험,2
인증 시험 결과,4
시험 결과 확대,2
결과 확대 첨부,2
확대 첨부 사진,2
첨부 사진 이소아,2
사진 이소아 앤,2
이소아 앤 씨,2
앤 씨 업체,2
씨 업체 년,2
업체 년 도,2
년 도 잇,2
도 잇 나노,2
잇 나노 방,2
나노 방 진망,2
방 진망 제품,2
진망 제품 인증,2
제품 인증 시험,2
시험 결과 사진,2
결과 사진 도용,2
사진 도용 것,2
도용 것 구입,2
것 구입 제품,2
구입 제품 안전,2
제품 안전 입증,2
안전 입증 제품,2
입증 제품 불안,2
제품 불안 판매,2
불안 판매 제품,2
판매 제품 코로나,2
제품 코로나 수,2
코로나 수 생명,2
수 생명 위협,2
생명 위협 수,2
위협 수 제품,2
수 제품 안전,2
제품 안전 확인,2
안전 확인 필요,2
상생 수 일방,24
수 일방 이익,24
코로나 확산 상황,4
코로나19 제주도 대회,2
제주도 대회 집단,2
대회 집단 금지령,2
집단 금지령 제주도,2
금지령 제주도 부산,2
제주도 부산 요번,2
부산 요번 주,2
요번 주 금토,2
주 금토 일,2
금토 일 개최,2
코로나 시기 비밀리,2
시기 비밀리 규모,2
비밀리 규모 집단,2
집단 모임 게,2
모임 게 문제,2
주차 직원 말,2
마스크 착용 수업,2
동안 마스크 착용,2
쪽 코로나 환자,3
코로나 환자 증가,3
확진자 발생 상황,2
동일 지하 층,2
단계 행정 조치,2
미사 강변 센트,2
강변 센트 리버,2
센트 리버 아파트,2
리버 아파트 후문,2
아파트 후문 자전거,2
수업 시간 마스크,2
물놀이 수경 시설,2
수경 시설 운영,2
코로나19 확진자 증가,2
코로나19 극복 이때,4
극복 이때 행사,4
이때 행사 말,4
코로나 문제 이때,2
문제 이때 부산,2
이때 부산 아바니,2
부산 아바니 호텔,2
아바니 호텔 전국,2
호텔 전국 명,2
전국 명 호텔,2
명 호텔 박,2
호텔 박 일,2
박 일 동안,3
일 동안 밀집,2
동안 밀집 장소,2
밀집 장소 밀집,2
장소 밀집 테이블,2
밀집 테이블 시간,2
테이블 시간 이상,2
시간 이상 안자,2
이상 안자 게임,2
안자 게임 제주시,2
게임 제주시 에어,2
제주시 에어 씨티,2
에어 씨티 호텔,2
씨티 호텔 진행,2
호텔 진행 대회,2
진행 대회 제주시,2
대회 제주시 집합,2
제주시 집합 금지,2
집합 금지 게임,2
금지 게임 특성,2
게임 특성 장시간,2
특성 장시간 게임,2
장시간 게임 얼마,2
게임 얼마 전,2
얼마 전 공무원,2
전 공무원 경찰,2
공무원 경찰 출동,2
경찰 출동 행사,2
출동 행사 취소,2
행사 취소 명령,2
취소 명령 이번,2
명령 이번 부산,2
이번 부산 게임,2
부산 게임 기자,2
게임 기자 잠입,2
기자 잠입 취,2
잠입 취 제,2
취 제 거,2
제 거 부산,2
거 부산 행사,2
부산 행사 제보,2
행사 제보 조치,2
제보 조치 공무원,2
조치 공무원 시장,2
공무원 시장 책임,2
시장 책임 것,2
책임 것 시민,2
것 시민 단체,2
시민 단체 방송사,2
단체 방송사 등,2
방송사 등 제보,2
등 제보 상태,2
제보 상태 서울,2
상태 서울 수도권,2
서울 수도권 참가,2
수도권 참가 전국,2
참가 전국 단위,2
전국 단위 대회,2
단위 대회 참석,2
대회 참석 환자,2
참석 환자 발생,2
발생 시 전국,3
시 전국 확산,3
전국 확산 우려,2
확산 우려 부산,2
우려 부산 시민,2
부산 시민 안전,2
시민 안전 문제,2
안전 문제 진행,2
문제 진행 시,2
진행 시 쇼크,2
시 쇼크 것,2
쇼크 것 염려,2
것 염려 제보,2
염려 제보 일,2
제보 일 일,2
일 일 명,2
일 명 이상,3
버스 탑 승시,2
탑 승시 마스크,2
속리 중 학생,2
마스크 미 착용,5
코로나 사태 이전,4
바이러스 감염증 COVID19,2
감염증 COVID19 관련,2
COVID19 관련 공영,2
관련 공영 도서관,2
공영 도서관 체육,2
도서관 체육 시설,2
체육 시설 폐쇄,2
시설 폐쇄 요청,2
자발 예방 격리,2
동선 공개 상식,2
손님 대부분 마스크,2
대부분 마스크 착용,2
마스크 착용 입장,2
시민 안전 위협,48
코로나 성행 시작,2
해 외입 국자,4
제주 여행 계획,2
여행 계획 중,2
밤 시 이후,2
코로나 확산 지속,2
예초 작업 사람,2
확진자 동선 정보,2
코로나19 발생 이후,7
실외 파크 골프,2
경기도 문화 체육,2
발생 위험 업종,2
노인 장애 건강,2
장애 건강 관리,2
시군 공문 발송,2
최근 대전 법동,2
대전 법동 지역,2
법동 지역 다단계,2
지역 다단계 의료기,2
다단계 의료기 관련,2
의료기 관련 업체,2
관련 업체 공간,2
업체 공간 홍보,2
공간 홍보 식사,2
홍보 식사 등,2
식사 등 코로나,2
코로나 확산 증가,2
확산 증가 추세,2
증가 추세 노인,2
추세 노인 상대,2
노인 상대 운영,2
상대 운영 부분,2
운영 부분 확인,2
부분 확인 인근,2
확인 인근 주민,2
인근 주민 불안,2
주민 불안 호소,2
일방 이익 일방,23
이익 일방 피해,23
일방 피해 관계,23
피해 관계 속,23
관계 속 상생,23
속 상생 수,23
확진자 수도 증가세,55
수도 증가세 속,55
증가세 속 상인,54
속 상인 오일장,54
주변 시민 안전,33
안전 위협 오일장,33
위협 오일장 날,12
오일장 날 주변,12
날 주변 도로,12
주변 도로 불법,12
도로 불법 주정차,12
불법 주정차 횡단,12
주정차 횡단 모퉁이,12
횡단 모퉁이 아파트,12
모퉁이 아파트 진입,12
아파트 진입 출구,12
진입 출구 것,12
출구 것 불법주차,10
것 불법주차 주변,10
불법주차 주변 시민,10
시민 보행 안전,12
보행 안전 침,10
안전 침 주변,10
침 주변 인도,10
주변 인도 불법,12
인도 불법 노점상,12
불법 노점상 도시,12
노점상 도시 미관,12
도시 미관 안전,12
미관 안전 보행,12
안전 보행 지장,12
보행 지장 시민,12
지장 시민 시장,12
시민 시장 상,14
시장 상 인회,14
상 인회 노점상,13
인회 노점상 노조,13
노점상 노조 유착,11
노조 유착 관계,31
유착 관계 속,31
관계 속 주변,33
속 주변 시민,33
시민 피해 상황,12
개월 간 명,2
요즘 우한 발,2
키즈 어린이집 아동,2
발열 검사 실시,3
상황 마스크 착용,2
코로나 발병 이후,2
서울시 방문 판매,2
방문 판매 업체,7
구름 빵 빵집,2
빵 빵집 용강,2
빵집 용강 초등,2
용강 초등 학교,2
학교 담벼락 시작,2
담벼락 시작 부근,2
시작 부근 골목길,2
부근 골목길 군데,2
골목길 군데 골목,2
군데 골목 공사,2
골목 공사 학교,2
공사 학교 담벼락,2
학교 담벼락 주택,2
담벼락 주택 군데,2
주택 군데 공사,2
군데 공사 중,2
공사 중 마포아트센터,2
중 마포아트센터 앞,2
마포아트센터 앞 공사,2
앞 공사 대형,2
공사 대형 덤프트럭,2
대형 덤프트럭 대,2
덤프트럭 대 기본,2
대 기본 학교,2
기본 학교 통,2
학교 통 학로,2
통 학로 안전,2
학로 안전 노출,2
안전 노출 동네,2
노출 동네 길가,2
동네 길가 건널목,2
길가 건널목 녹색,2
건널목 녹색 어머니,2
녹색 어머니 회,2
어머니 회 구름,2
회 구름 빵집,2
구름 빵집 학교,2
빵집 학교 담벼락,2
학교 담벼락 아무,2
담벼락 아무 구간,2
아무 구간 덤프트럭,2
구간 덤프트럭 승합차,2
덤프트럭 승합차 오토바이,2
승합차 오토바이 학교,2
오토바이 학교 후문,2
학교 후문 보안관,2
후문 보안관 아저씨,2
보안관 아저씨 후문,2
아저씨 후문 위치,2
후문 위치 담당,2
위치 담당 경찰,2
담당 경찰 공익,2
경찰 공익 근무,2
근무 요원 때,2
요원 때 그,2
때 그 후문,2
그 후문 학기,2
후문 학기 초,2
학기 초 학교,2
초 학교 골목,2
학교 골목 인도,2
골목 인도 차,2
인도 차 대,2
차 대 넓이,2
대 넓이 위,2
넓이 위 언급,2
위 언급 구간,2
언급 구간 경찰,2
구간 경찰 녹색,2
경찰 녹색 어머니,2
녹색 어머니 상주,2
어머니 상주 학로,2
상주 학로 수,2
학로 수 위험,2
수 위험 구간,2
위험 구간 주차,2
구간 주차 금지,2
주차 금지 곳,2
금지 곳 주차,2
곳 주차 교시,2
주차 교시 도보,2
교시 도보 아이,2
도보 아이 학교,2
아이 학교 교통,2
학교 교통 지도,2
교통 지도 것,2
지도 것 코로나,2
것 코로나 위,2
코로나 위 구간,2
위 구간 안전사고,2
코로나 학교 아이,2
출구 것 주차,2
것 주차 주변,2
주차 주변 시민,2
보행 안전 침해,2
안전 침해 주변,2
침해 주변 인도,2
노점상 노조 관계,2
노조 관계 속,16
피해 상황 상,2
상황 상 인회,2
상 인회 권리,2
인회 권리 시유지,2
권리 시유지 노점상,2
시유지 노점상 상,2
노점상 상 인회,2
상 인회 허가,2
인회 허가 수,2
허가 수 본인,2
수 본인 이익,2
줄 피해 시장,2
피해 시장 상인,2
시장 상인 시민,2
철거 요구 안산시,4
요구 안산시 지금,3
안산시 지금 문제,3
지금 문제 통감,3
문제 통감 그간,2
통감 그간 피해,2
그간 피해 보상,2
피해 보상 차원,2
보상 차원 시민,2
차원 시민 시장,2
시장 철거 부족,2
철거 부족 교육,2
부족 교육 초중,2
교육 초중 등,2
초중 등 학교,2
등 학교 조성,2
학교 조성 인프라,2
조성 인프라 조성,2
양수 아파트 아이,2
아파트 아이 등,2
아이 등 학로,2
등 학로 사용,2
학로 사용 어른,2
사용 어른 조,2
어른 조 차,2
조 차 불편,2
차 불편 이곳,2
불편 이곳 코로나19,2
이곳 코로나19 학교,2
코로나19 학교 아이,2
학교 아이 생각,2
직원 코로나 검사,2
코로나19 고위험 지역,3
고위험 지역 지정,3
지역 지정 한식,2
지정 한식 부페,2
한식 부페 바,2
부페 바 역,2
바 역 지침,2
역 지침 거,2
지침 거 시,2
거 시 시,2
분 사이 식사,3
사이 식사 모습,3
식사 모습 군데,3
모습 군데 가동,3
군데 가동 에어컨,3
가동 에어컨 선풍기,3
에어컨 선풍기 바이러스,3
선풍기 바이러스 전파,3
바이러스 전파 노출,3
전파 노출 내,2
노출 내 시정,2
내 시정 조치,3
시정 조치 부탁,3
신고 코로나 사태,2
노인 복지 관,3
회원 대부분 마스크,2
대부분 마스크 미착용,2
리치 웨이 양천,2
웨이 양천 탁구장,2
코로나 상황 종료,4
종료 때 리치,2
때 리치 웨이,2
위반 적치 물,3
적치 물 신고,2
헬스 장 내,2
문자 짜증 삭제,3
강화 평화 전망대,2
시설 공단 직원,2
코로나 고위험 군,2
이태원 클럽 코로나,2
클럽 코로나 상황,2
종료 때 봉쇄,2
때 봉쇄 제발,2
영업 중 코로나,2
해당 지역 토사,2
지역 토사 유출,2
예방 대책 수립,2
코로나 대응 현황,2
운동 시설 마스크,3
시설 마스크 미,2
미 착용 코로나,2
착용 코로나 확산,2
코로나 확산 요즘,2
확산 요즘 주민,2
요즘 주민 불안,2
주민 불안 밤,2
불안 밤 소음,2
다음 날 경제,2
날 경제 활동,2
경제 활동 주민,2
활동 주민 밤잠,2
주민 밤잠 피해,2
동네 사람 코로나,2
사람 코로나 발생,2
코로나 발생 조심,2
코로나 방역 국민,2
방역 국민 사람,2
국민 사람 사람,2
교회 내 레포츠,2
내 레포츠 센터,2
레포츠 센터 운동,2
센터 운동 시설,2
운동 시설 코로나,5
시설 코로나 종식,2
종식 때 일시,2
때 일시 중지,2
일시 중지 요청,2
월 일 마스크,2
마스크 사람 벌금형,3
사람 벌금형 억,2
무기 징역 코로나,2
거리 두기 가능,3
주민 불편 해소,2
제품 코로나 기여,2
코로나 기여 수,2
기여 수 것,2
수 것 번,2
것 번 얼굴,2
번 얼굴 신체,2
얼굴 신체 복장,2
신체 복장 기존,2
복장 기존 바이러스,2
기존 바이러스 사멸,2
바이러스 사멸 것,2
사멸 것 물,2
것 물 최장,2
물 최장 시간,2
최장 시간 동안,2
시간 동안 인간,2
동안 인간 대화,2
인간 대화 문고리,2
대화 문고리 물건,2
문고리 물건 접촉,2
물건 접촉 바이러스,2
접촉 바이러스 차단,2
바이러스 차단 사멸,2
차단 사멸 생활,2
사멸 생활 방역,2
생활 방역 대안,2
방역 대안 것,2
안 운동 사람,2
입구 손 소독,2
손 소독 발열,3
소독 발열 체크,3
발열 체크 등,4
마스크 착용 등,7
집합 금지 조치,3
코로나 전염 수,2
코 예방 제안,2
예방 제안 공원,2
제안 공원 설치,2
공원 설치 주민,2
설치 주민 쉼터,2
주민 쉼터 시설,2
쉼터 시설 주민,2
시설 주민 노인,2
주민 노인 아침,2
노인 아침 저녁,2
아침 저녁 낙,2
저녁 낙 낙,2
낙 낙 애기,2
낙 애기 시물,2
애기 시물 섭취,2
시물 섭취 코로나,2
섭취 코로나 전파,2
전파 가능 방대,2
가능 방대 잭,2
방대 잭 자석,2
잭 자석 거리,2
자석 거리 두기,2
거리 두기 표시,2
두기 표시 자리,2
표시 자리 수,2
자리 수 표시,2
수 표시 페인트,2
표시 페인트 사용,2
페인트 사용 표시,2
사용 표시 현수막,2
표시 현수막 설치,2
현수막 설치 홍보,2
설치 홍보 코로나,2
홍보 코로나 예방,2
코로나 예방 방지,2
예방 방지 수,2
방지 수 생각,2
수 생각 데어,2
생각 데어 거리,2
데어 거리 ㅅ,2
거리 ㅅ 시제,2
ㅅ 시제 제안,2
시제 제안 시행,2
제안 시행 댓,2
시행 댓 수,2
댓 수 잇,2
수 잇 롤,2
공사 소음 스트레스,2
둔촌동 주공 아파트,2
주공 아파트 재건축,2
아파트 재건축 조합,4
재건축 조합 월,3
조합 월 일,4
방문 동의서 징구,2
바이러스 전파 매개체,2
수 하루 시,2
성과급 만 원,2
강서구 양천 지하,2
양천 지하 층,2
층 위치 웨스트,2
위치 웨스트 짐,2
웨스트 짐 업체,2
짐 업체 위,2
업체 위 링크,2
짓 수 킥복싱,2
수 킥복싱 등,2
킥복싱 등 신체,2
등 신체 접촉,4
신체 접촉 운동,2
확산 위험 시정,2
위험 시정 수,2
운동 마스크 착용,2
마스크 착용 사람,2
위험 방역 수칙,4
수칙 위반 신고,12
음악 연습 실,2
연습 실 대여,2
실 대여 종교,2
부산 도시 철도,2
코로나 방역 취약,2
마스크 미착용 사람,3
부산 남구 청,3
오륙 스카이 워크,2
코로나 행량 상황,2
행량 상황 사고,2
상황 사고 아이,2
사고 아이 정상,2
아이 정상 등교,2
정상 등교 사거리,2
등교 사거리 신호등,2
사거리 신호등 설치,2
신호등 설치 차량,2
설치 차량 과속,2
차량 과속 조치,2
질병 본부 안전신문고,2
본부 안전신문고 민원,2
안전신문고 민원 게,2
민원 게 거,2
게 거 여기,2
거 여기 문의,2
여기 문의 여기,2
문의 여기 게,2
여기 게 회사,2
게 회사 회식,2
회사 회식 수,2
회식 수 생각,2
수 생각 코로나,2
생각 코로나 유행,2
코로나 유행 시기,2
유행 시기 회식,2
시기 회식 생각,2
코로나 해 지령,2
해 지령 게,2
지령 게 사람,2
게 사람 곳,2
사람 곳 저,2
곳 저 불안,2
사무실 내 식구,2
내 식구 코로나,2
식구 코로나 일,2
코로나 일 위화감,2
일 위화감 사무실,2
위화감 사무실 마스크,2
코로나 때문 회식,2
때문 회식 참여,2
회식 참여 혼,2
참여 혼 강제,2
혼 강제 회식,2
강제 회식 참여,2
마스크 미착용 영업,2
고객 이용 마사지,2
이용 마사지 안마,2
마사지 안마 업소,2
안마 업소 코로나,2
업소 코로나 감염,2
손소 독제 비치,2
수 예방 차원,2
여행 동호회 단체,2
동호회 단체 버스,2
단체 버스 여행,2
버스 여행 시,2
여행 시 코로나19,2
시 코로나19 감염,2
코로나19 감염 우려,4
왕 교회 봉쇄,3
명 벌금형 억,2
광주광역시 코로나 확진자,4
확진자 명 짜증,2
명 짜증 나,2
짜증 나 광주광역시,2
나 광주광역시 확진자,2
광주광역시 확진자 금탑,2
확진자 금탑 철물,2
금탑 철물 동구,2
철물 동구 화산,2
동구 화산 용산동,2
화산 용산동 화정동,2
용산동 화정동 시설,2
화정동 시설 봉쇄,2
시설 봉쇄 광주,2
봉쇄 광주 광역시,2
광주 광역시 데,2
광역시 데 앞,2
데 앞 일,2
앞 일 나,2
일 나 짜증,2
나 짜증 동구,2
짜증 동구 봉쇄,2
광 륵 사,2
때문 코로나 전국,2
전국 교회 봉쇄,5
봉쇄 집합 금지,2
교회 봉쇄 전국,2
코로나 수칙 위반,3
체온 체크 명부,2
체크 명부 작성,5
퇴근 시간 이후,2
명 이상 마스크,2
이상 마스크 노래,2
시간 마스크 착용,2
접촉 방식 동의서,2
방식 동의서 징구,2
구청 행정 지도,2
학년 온라인 수업,2
동원 중학교 학년,2
정규 수업 시간,3
월 화 수,2
화 수 목,2
수 목 금,2
주말 토요일 일요일,2
하교 시간 이후,2
개인 시간 침해,3
어린이집 학교 원,2
시설 이용 제한,2
감염 노출 것,4
가격 리자 상황,4
위협 오일장 시민,21
오일장 시민 시장,42
시민 시장 주변,26
시장 주변 시민,6
시민 피해 실정,20
시장 주변 상,20
주변 상 인회,34
상 인회 노점,41
인회 노점 노조,41
노점 노조 유착,20
피해 실정 본인,19
실정 본인 이익,19
아무 마스크 착용,3
코로나19 지역 감염,2
관련 안전 수칙,2
미준 수 신고,2
저희 월 일,2
발생 이후 우리,3
이후 우리 국민,3
우리 국민 기본,3
국민 기본 생활,3
기본 생활 수칙,3
생활 수칙 개인,3
수칙 개인 방역,3
개인 방역 실천,3
방역 실천 초기,3
실천 초기 확산,3
초기 확산 강화,3
확진자 발생 경우,2
발생 경우 확진자,2
확진자 접촉 사용,2
확진자 차 확진자,2
차 확진자 분류,2
드레 조각 공원,2
조각 공원 앞,2
서울 한강 공원,2
한강 공원 유수지,2
외입 국자 코로나,3
전국 신종 코로나,2
매장 직원 마스크,2
고객 터치 수,2
광주 코로나19 확진자,2
때문 불안 아침,2
불안 아침 체조,2
아침 체조 하,2
체조 하 체조,2
하 체조 달,2
체조 달 큰일,2
달 큰일 것,2
큰일 것 코로나,2
것 코로나 시점,2
코로나 시점 어디,2
시점 어디 이야기,2
어디 이야기 때,2
이야기 때 현장,2
때 현장 사람,2
현장 사람 이야기,2
결재 시 핸드폰,2
코로나 예방 수,2
사고 인명 사고,2
속 위험 요소,2
종교 모임 명,2
단속 이게 뭐,2
마스크 착용 생활,2
코로나19 광주 광역시,2
마스크 코로나 바이러스,2
코로나 바이러스 차단,2
부산광역시 기장군 농업기술센터,3
기장군 농업기술센터 유용,3
농업기술센터 유용 미생물,3
유용 미생물 코로나19,3
미생물 코로나19 예방,3
코로나19 예방 소독,6
예방 소독 홍보,3
소독 홍보 배포,3
홍보 배포 유용,3
배포 유용 미생물,3
유용 미생물 질병관리본부,3
미생물 질병관리본부 환경부,3
질병관리본부 환경부 코로나19,3
환경부 코로나19 예방,3
예방 소독 승인,3
소독 승인 성분,3
승인 성분 포함,3
성분 포함 센터,3
포함 센터 관계자,3
센터 관계자 코로나19,3
관계자 코로나19 바이러스,3
코로나19 바이러스 사멸,3
바이러스 사멸 효과,3
사멸 효과 검증,3
효과 검증 말,3
검증 말 검증,3
말 검증 성분,3
검증 성분 사용,3
성분 사용 독려,3
사용 독려 지자체,3
독려 지자체 검증,3
지자체 검증 소독약,3
검증 소독약 사용,3
소독약 사용 혼란,3
사용 혼란 당국,3
혼란 당국 제재,3
당국 제재 필요,3
기장군 농업기술센터 외,3
농업기술센터 외 전국,3
외 전국 대부분,3
전국 대부분 지자체,3
대부분 지자체 방역,3
지자체 방역 당국,3
방역 당국 권고,3
당국 권고 소독,3
권고 소독 지침,3
소독 지침 트,3
지침 트 체크,3
트 체크 전문,3
체크 전문 미디어,3
전문 미디어 뉴스,3
미디어 뉴스 톱,3
뉴스 톱 정보,3
톱 정보 공개,3
공개 청구 확보,3
청구 확보 전국,3
확보 전국 개,3
전국 개 지자체,3
개 지자체 코로나19,3
지자체 코로나19 방역,3
방역 소독 실태,3
소독 실태 연속,3
실태 연속 보도,3
연속 보도 pw,3
보도 pw 참고,3
pw 참고 전국,3
참고 전국 지자체,3
전국 지자체 효과,3
지자체 효과 코로나19,3
효과 코로나19 방역,3
코로나19 방역 수,3
방역 수 지도,3
주말 평일 시간,2
평일 시간 소리,2
시간 소리 노래,2
소리 노래 예배,2
노래 예배 활동,2
예배 활동 주변,2
활동 주변 아파트,2
아파트 단지 주민,2
단지 주민 밀집,2
주민 밀집 지역,2
밀집 지역 소리,2
지역 소리 노래,2
소리 노래 예수,2
노래 예수 예수,2
예수 예수 예수,2
예수 예수 곡소리,2
예수 곡소리 예배,2
곡소리 예배 코로나,2
예배 코로나 문제,2
코로나 문제 집합,2
문제 집합 해제,2
집합 해제 명령,2
기관 고용 노동부,2
성모병원 신종 코로나,3
서울 성모병원 신종,2
아이 농구장 림,2
코로나 방역 대책,2
본론 동선 코로나,2
코로나 검사 연락,2
검사 연락 보건소,2
연락 보건소 구청,2
보건소 구청 리스트,2
구청 리스트 검사,2
리스트 검사 일,2
검사 일 직장,2
일 직장 그날,2
직장 그날 일,2
그날 일 사람,2
일 사람 전원,2
사람 전원 검사,2
전원 검사 보건소,2
검사 보건소 측,2
보건소 측 직장,2
측 직장 근무,2
직장 근무 사람,2
근무 사람 검사,2
사람 검사 대상,2
검사 대상 목록,2
대상 목록 구청,2
목록 구청 검사,2
구청 검사 수차례,2
검사 수차례 검사,2
수차례 검사 거부,2
보건소 연락 때,2
연락 때 거절,3
생활 방역 수칙,2
광주 코로나 확진자,2
발열 체크 명부,3
봉쇄 광주 사랑,2
광주 사랑 교회,2
교회 간 사람,2
기타 민원 업무,2
위반 코로나 확진자,2
코로나 확진자 근무지,2
확진자 근무지 거짓,2
근무지 거짓 신고,2
최근 사우나 코로나,2
사우나 코로나 확진자,2
차 재난 지원금,4
종식 수 생각,2
아파트 어린이집 등원,2
어린이집 등원 보호자,2
등원 보호자 어린이,2
보호자 어린이 곳,2
어린이 곳 코로나19,2
곳 코로나19 곳,2
코로나19 곳 분,2
곳 분 곳,2
분 곳 단속,2
곳 단속 카메라,2
단속 카메라 밑,2
카메라 밑 얌체,2
밑 얌체 주정차,2
대전 코로나 걱정,2
코로나 위험 요소,3
거리 두기 단계,10
확산 예방 조치,2
코로나 예방 생활,3
야외 파크 골프장,2
명 확진자 발생,2
휘트 니스 헬스,2
착용 턱 착용,2
마스크 미착 용자,2
미착 용자 제재,2
체육 시설 코로나19,5
때문 마스크 착용,2
학원 명 확진자,2
광주 전남 지역,3
전남 지역 코로나19,2
코로나 때문 장사,2
안전 수칙 위반,10
확산 방지 제안,3
때문 공무원 여러분,2
학원 측 코로나19,2
거리 두기 미,2
코로나 비말 감염,2
비말 감염 마스크,2
명 명 정도,2
코로나 예방 학교,2
예방 학교 에어컨,2
학교 에어컨 사용,2
에어컨 사용 시,2
사용 시 환기,2
시 환기 국민,2
환기 국민 수백,2
국민 수백 명,2
수백 명 사용,2
명 사용 전철,2
사용 전철 화장실,2
전철 화장실 공중,2
화장실 공중 화장실,2
환풍기 미 작동,2
미 작동 숨,2
작동 숨 수,2
숨 수 평,2
수 평 공간,2
평 공간 코로나,2
공간 코로나 감염자,2
코로나 감염자 최소한,2
감염자 최소한 수십,2
최소한 수십 명,2
수십 명 감염,2
명 감염 노출,2
환풍기 정상 가동,2
정상 가동 코로나,2
가동 코로나 예방,2
코로나 예방 사전,2
예방 사전 조치,2
사전 조치 필요,2
건 신고 일자,2
신고 일자 벌레,2
일자 벌레 노래기,2
벌레 노래기 퇴치,2
노래기 퇴치 신고,2
퇴치 신고 관련,2
신고 관련 관계,2
관련 관계 기관,2
기관 조치 실망,2
조치 실망 분통,2
실망 분통 코로나19,2
분통 코로나19 바이러스,2
코로나19 바이러스 때문,2
바이러스 때문 세상,2
때문 세상 살맛,2
세상 살맛 달,2
살맛 달 미,2
미 역사 공원,2
역사 공원 주변,2
공원 주변 아파트,2
주변 아파트 상가,2
아파트 상가 주변,2
상가 주변 노래기,2
주변 노래기 세상,2
노래기 세상 지난번,2
세상 지난번 제,2
지난번 제 신고,2
제 신고 후,2
신고 후 노래기,2
후 노래기 등,2
노래기 등 벌레,4
등 벌레 퇴치,4
벌레 퇴치 작업,2
퇴치 작업 시행,2
작업 시행 지금,2
시행 지금 숫자,2
지금 숫자 기하,2
숫자 기하 급수,2
기하 급수 것,2
급수 것 판단,2
것 판단 코로나,2
판단 코로나 확진자,2
발생 시 상상,2
시 상상 초월,2
상상 초월 신속,2
초월 신속 대처,2
신속 대처 본인,2
대처 본인 신고,2
본인 신고 제보,2
신고 제보 노래기,2
제보 노래기 등,2
벌레 퇴치 관련,2
퇴치 관련 부서,2
관련 부서 공무원,2
부서 공무원 탁상행정,2
공무원 탁상행정 것,2
탁상행정 것 화,2
것 화 현장,2
화 현장 번,2
현장 번 현실,2
번 현실 파악,2
허가 지역 사유지,2
거리 금연 거리,2
사람 코로나 감염,2
임시 총회 개최,2
시국 전국 명,2
해수욕장 개장 전,2
이곳 방문 사람,2
사람 마스크 사람,2
코로나 마무리 때,4
마무리 때 교회,2
벌금형 억 형,2
억 형 선고,3
교회 예배 참석자,8
예배 참석자 명,3
광주 일곡 중앙,2
일곡 중앙 교회,11
이게 뭐 이게,5
이게 뭐 나,2
뭐 이게 일곡,2
이게 일곡 중앙,4
중앙 교회 예배,4
예배 참석자 때문,3
일 이게 일곡,2
예배 참석자 일,2
예배 참석자 나,2
거 내 인생,3
중앙 교회 봉쇄,2
봉쇄 봉쇄 봉쇄,3
두기 등 코로나,2
코로나 확산 영향,2
저녁 마지막 일정,2
마지막 일정 관악구,2
일정 관악구 쪽,2
관악구 쪽 코로나,2
코로나 환자 와중,2
등 코로나19 방역,5
발생 피해 것,2
뭐 이게 방심,2
이게 방심 코로나,2
방심 코로나 종교,2
코로나 종교 모임,2
종교 모임 교회,2
모임 교회 문,2
교회 문 봉쇄,2
문 봉쇄 예배,2
봉쇄 예배 참석자,2
참석자 때문 이게,2
때문 이게 광주광역시,2
이게 광주광역시 코로나,2
광주광역시 코로나 엉망진창,2
코로나 엉망진창 거,2
엉망진창 거 거,2
거 거 내,2
내 인생 마당,2
인생 마당 이번,2
마당 이번 예배,2
이번 예배 참석자,2
예배 참석자 국민,2
참석자 국민 나,2
국민 나 엉망진창,2
나 엉망진창 이거,2
엉망진창 이거 거,2
이거 거 거,3
거 거 거,6
방역 수칙 무시,2
생활 거리 두기,2
집합 금지 체육,2
금지 체육 시설,2
운동 때 마스크,2
코로나 테스트 취하,2
말 라리아 지카,4
라리아 지카 뎅기열,3
것 것 코로나,2
야외 운동 시설,3
사람 체온 체크,2
거리 두기 중요,2
기본 방역 수칙,2
출입 명부 작성,4
운동 데 운동,2
저 성동구 지역,2
성동구 지역 주택,2
지역 주택 조합원,2
주택 조합원 코엑스,2
조합원 코엑스 옆,2
코엑스 옆 라빌,2
옆 라빌 웨딩,2
라빌 웨딩 홀,2
웨딩 홀 창문,2
홀 창문 곳,2
창문 곳 명,2
곳 명 조합,2
명 조합 총회,2
조합 총회 코로나,2
총회 코로나 시국,2
코로나 시국 말,2
시국 말 생각,2
말 생각 신고,2
생각 신고 최근,2
신고 최근 뉴스,2
최근 뉴스 집합,2
뉴스 집합 명령,2
집합 명령 곳,2
명령 곳 인,2
곳 인 만,2
만 원 벌금,2
원 벌금 강남구,2
벌금 강남구 코로나,2
강남구 코로나 전파,2
코로나 전파 핵심,2
전파 핵심 코로나,2
핵심 코로나 벌금,2
코로나 벌금 만,2
벌금 만 원,2
만 원 집합,2
원 집합 금지명령,2
집합 금지명령 것,2
금지명령 것 사료,2
것 사료 검토,2
사료 검토 조치,2
검토 조치 부탁,2
등 코로나 때문,2
필요 처벌 필요,2
테라스 밀폐 시설,2
밀폐 시설 사람,2
시설 사람 밀집,2
사람 밀집 밀접,3
밀집 밀접 접촉,2
밀접 접촉 각종,2
접촉 각종 행위,2
각종 행위 자행,2
행위 자행 테라스,2
자행 테라스 창문,2
테라스 창문 환기,2
창문 환기 테라스,2
환기 테라스 월요일,2
테라스 월요일 일요일,2
월요일 일요일 사람,2
일요일 사람 언어,2
사람 언어 교환,2
언어 교환 모임,2
교환 모임 파티,2
모임 파티 주최,2
파티 주최 한국인,2
주최 한국인 외국인,2
한국인 외국인 때문,2
외국인 때문 코로나19,2
때문 코로나19 위험,2
코로나19 위험 국적,2
위험 국적 사람,2
국적 사람 공간,2
사람 공간 밀접,2
공간 밀접 접촉,2
밀접 접촉 테라스,2
접촉 테라스 사람,2
테라스 사람 악수,2
사람 악수 포옹,2
악수 포옹 등,2
포옹 등 신체,2
신체 접촉 극도,2
접촉 극도 사람,2
극도 사람 침방울,2
사람 침방울 것,2
테라스 코로나19 감염,2
확산 위험 애초,2
위험 애초 아무,2
애초 아무 마스크,2
마스크 착용 기념,2
착용 기념 촬영,2
기념 촬영 시,2
촬영 시 구호,2
시 구호 행위,2
기타 코로나19 감염,2
감염 확산 차단,2
확산 차단 데,2
차단 데 효과,2
데 효과 방,2
효과 방 안,2
방 안 테라스,2
안 테라스 집합,2
테라스 집합 금지,2
금지 조치 명령,2
조치 명령 것,2
명령 것 제안,2
테라스 헌팅 술집,2
헌팅 술집 포차,2
술집 포차 감성,2
포차 감성 주점,2
감성 주점 면,2
주점 면 헌팅,2
면 헌팅 술집,2
헌팅 술집 사회,2
술집 사회 문제,2
사회 문제 만큼,2
문제 만큼 테라스,2
만큼 테라스 문제,2
테라스 문제 발생,2
문제 발생 가능,2
발생 가능 코로나19,2
가능 코로나19 종식,2
코로나19 종식 때,3
종식 때 테라스,2
때 테라스 행정,2
테라스 행정 조치,2
종로 가 위치,2
가 위치 스퀘어,2
위치 스퀘어 본관,2
스퀘어 본관 별관,2
본관 별관 안,2
별관 안 공무원,2
안 공무원 시험,2
공무원 시험 준비,2
시험 준비 학원,2
준비 학원 학원,2
학원 학원 사용,2
학원 사용 독서실,2
사용 독서실 시설,2
독서실 시설 이용,2
시설 이용 학생,2
이용 학생 학원,2
학생 학원 외,2
학원 외 상가,2
외 상가 복도,2
상가 복도 화장실,2
복도 화장실 사용,2
화장실 사용 때,2
사용 때 마스크,2
때 마스크 미착용,3
마스크 미착용 안전거리,2
미착용 안전거리 두기,2
안전거리 두기 등,2
두기 등 점심,2
등 점심 저녁,2
점심 저녁 식사,2
저녁 식사 전후,2
식사 전후 시간,2
전후 시간 학생,2
시간 학생 상가,2
학생 상가 층,2
상가 층 화장실,2
층 화장실 복도,2
화장실 복도 밀집,2
복도 밀집 체,2
밀집 체 양치,2
체 양치 양치질,2
양치 양치질 상가,2
양치질 상가 내부,2
상가 내부 이동,2
내부 이동 상가,2
이동 상가 내,2
상가 내 학생,2
내 학생 상대,2
학생 상대 운영,2
상대 운영 매점,2
운영 매점 주변,2
매점 주변 간,2
주변 간 테이블,2
간 테이블 음식,2
테이블 음식 판매,2
음식 판매 취식,2
판매 취식 코로나19,2
취식 코로나19 안전,2
코로나19 안전 취약,2
안전 취약 환경,2
취약 환경 유지,2
환경 유지 영업,2
유지 영업 중,2
영업 중 거리,2
중 거리 발열,2
거리 발열 체크,2
안녕 서영 대학교,2
서영 대학교 간호학,2
확진자 급증 와중,4
체크 호흡기 증상,4
코로나19 확산 우려,3
공공 체육 시설,5
포천 병원 근무,2
대학교 간호학 과,2
경복 대학교 측,2
전수 조사 해당,2
간호사 경복 대학교,3
택시 기사 보호막,3
택시 기사 폭행,3
기사 폭행 예방,2
명 이상 단체,2
단체 모임 금지,2
개최 코로나 종식,3
거리 두기 권고,4
전파 가능 것,2
전파 위험 생각,3
코로나 때문 배,2
때문 배 근처,2
배 근처 곳,2
서영 대학교 학생,3
대학교 학생 광주,3
학생 광주 확진자,3
광주 확진자 급증,3
급증 와중 광주,3
와중 광주 교육청,3
광주 교육청 북구,3
교육청 북구 지역,3
북구 지역 유치원,3
지역 유치원 초,3
유치원 초 중,3
초 중 고,3
중 고 등교,3
고 등교 금지,3
등교 금지 수업,3
금지 수업 북구,3
수업 북구 서영,3
북구 서영 대학교,4
서영 대학교 학교,3
대학교 학교 대면,3
학교 대면 수업,3
대면 수업 시험,3
수업 시험 입장,3
시험 입장 제,3
입장 제 거주,3
제 거주 동,3
거주 동 조,3
동 조 차,3
조 차 하루,3
차 하루 명,3
하루 명 버스,3
코로나 위험 지구,3
위험 지구 북구,3
지구 북구 위치,3
북구 위치 학교,3
위치 학교 학교,3
학교 학교 것,3
학교 것 말,3
말 생각 저번,3
생각 저번 주,3
저번 주 대면,3
주 대면 수업,3
대면 수업 때,3
수업 때 열,3
때 열 체크,3
열 체크 호흡기,3
호흡기 증상 미열,3
증상 미열 학생,3
미열 학생 조,3
학생 조 차,3
조 차 학교,3
차 학교 학교,3
학교 학교 내,3
학교 내 가격,3
내 가격 리자,3
대면 시험 말,3
시험 말 생각,3
안녕 서영대 학교,2
서영대 학교 재학,4
학교 재학 중,3
중 학생 광주,2
명 버스 조심,2
버스 조심 코로나,2
조심 코로나 위험,2
리자 상황 확진자,2
상황 확진자 서영,2
확진자 서영 대학교,2
서영 대학교 번,2
대학교 번 버스,2
번 버스 서영대,2
버스 서영대 학교,2
서영대 학교 정류장,2
학교 정류장 서영대,2
정류장 서영대 학생,2
서영대 학생 보장,2
학생 보장 동선,2
보장 동선 학생,2
동선 학생 수업,2
학생 수업 대면,2
말 생각 앞,2
생각 앞 열,2
앞 열 체크,2
열 체크 분,2
체크 분 마스크,2
착용 학생 강의,2
학생 강의 도중,2
강의 도중 마스크,2
도중 마스크 학생,2
식 수업 대면,2
대면 시험 생각,2
시험 생각 글,2
코로나 시설 방역,2
시설 방역 지침,2
방역 지침 적용,2
지침 적용 파티,2
적용 파티 룸,2
파티 룸 의,2
방역 수칙 확인,3
출입 명부 정확,3
상생 수 안산시,8
수 안산시 소유,8
안산시 소유 시민,8
소유 시민 시장,8
광주 지역 코로나,5
감염 확산 수,4
입시 중요 것,2
것 보건 건강,2
다중 밀집 시설,2
직원 마스크 턱,2
발열 체크 코드,2
주일 전 서면,2
전 서면 노래방,2
서면 노래방 것,2
노래방 것 체육복,2
것 체육복 여학생,2
체육복 여학생 걸,2
여학생 걸 밀폐,2
걸 밀폐 노래,2
밀폐 노래 음료,2
노래 음료 섭취,2
음료 섭취 때문,2
섭취 때문 마스크,2
때문 마스크 상황,2
마스크 상황 코로나,2
상황 코로나 감염,2
코로나 감염 학교,2
감염 학교 규모,2
학교 규모 확산,2
규모 확산 집,2
확산 집 가족,2
가족 감염 수,2
감염 수 학생,2
수 학생 노래방,2
학생 노래방 사용,2
노래방 사용 규제,2
사용 규제 수,2
규제 수 월,2
수 월 일,2
일 날 아시,2
날 아시 아드,2
아시 아드 점,2
아드 점 영화관,2
점 영화관 폐기물,2
영화관 폐기물 반출,2
폐기물 반출 일,2
반출 일 헬스,2
일 헬스 사람,2
헬스 사람 반팔,2
사람 반팔 반바지,2
반팔 반바지 마스크,2
반바지 마스크 반말,2
마스크 반말 신경질,2
반말 신경질 인부,2
신경질 인부 하루,2
인부 하루 종일,2
하루 종일 가지,2
종일 가지 예,2
가지 예 점검,2
예 점검 안전모,2
점검 안전모 끈,2
안전모 끈 내피,2
끈 내피 시커,2
내피 시커 멋,2
시커 멋 게,2
멋 게 때,2
게 때 정작,2
때 정작 자신,2
정작 자신 걸,2
자신 걸 안전,2
걸 안전 게,2
안전 게 주변,2
게 주변 폐기물,2
주변 폐기물 걸,2
폐기물 걸 걸,2
걸 걸 것,2
걸 것 먼지,2
것 먼지 방진,2
먼지 방진 마스크,2
방진 마스크 지급,2
마스크 지급 나마,2
지급 나마 코로나,2
나마 코로나 때문,2
코로나 때문 덴,2
때문 덴 마스크,2
덴 마스크 먼지,2
마스크 먼지 수,2
먼지 수 밖,2
수 밖 사무직,2
밖 사무직 음료,2
사무직 음료 참,2
음료 참 아무것,2
참 아무것 정,2
아무것 정 윈,2
정 윈 담배,2
윈 담배 꽁초,2
담배 꽁초 데,2
꽁초 데 빗자루,2
데 빗자루 사용,2
빗자루 사용 손,2
사용 손 사람,2
손 사람 입,2
사람 입 타액,2
입 타액 수,2
타액 수 비,2
수 비 반,2
비 반 코팅,2
반 코팅 장갑,2
코팅 장갑 젖,2
장갑 젖 데,2
젖 데 코로나,2
데 코로나 방역,2
코로나 방역 때문,2
방역 때문 마스크,2
때문 마스크 이상,2
마스크 이상 작업,2
이상 작업 이,2
작업 이 때,2
이 때 즈음,2
때 즈음 마무리,2
즈음 마무리 곳,2
마무리 곳 중,2
곳 중 데,2
중 데 작업,2
데 작업 동료,2
작업 동료 분,2
동료 분 인부,2
분 인부 데,2
인부 데 고압,2
데 고압 사람,2
고압 사람 데,2
사람 데 바보,2
데 바보 동료,2
바보 동료 합류,2
동료 합류 때,2
합류 때 일,2
때 일 거,2
일 거 범죄자,2
거 범죄자 취조,2
범죄자 취조 반말,2
취조 반말 쌍욕,2
반말 쌍욕 갑,2
쌍욕 갑 규제,2
주변 시민 입장,6
시민 입장 문제,6
입장 문제 해결,6
월 일 명,5
시간 집합 교육,2
교육 사이버 교육,2
시설 공공 기관,2
코로나 마스크 미착용,2
일 일 취업,3
일 취업 안내소,2
그때 생각 여기,2
생각 여기 코로나,2
여기 코로나 환자,2
코로나 환자 명,3
환자 명 전국,2
명 이상 코로나,2
대상 총회 개최,2
밀폐 공간 집회,2
공간 집회 코로나,2
집회 코로나 관련,2
코로나 관련 법,2
관련 법 위반,2
법 위반 사항,2
마스크 미착용 코로나,3
코로나 발생 때,2
발생 때 달,2
때 달 김해시,2
달 김해시 부원동,2
김해시 부원동 위치,2
부원동 위치 스타,2
위치 스타 타이,2
스타 타이 클럽,2
타이 클럽 운영,2
클럽 운영 외국인,2
운영 외국인 고용자,2
외국인 고용자 외국인,2
고용자 외국인 손님,2
외국인 손님 마스크,2
손님 마스크 착용,6
마스크 착용 모습,4
착용 모습 번,2
모습 번 적,2
김해 코로나 안전,2
코로나 안전 지역,3
안전 지역 안일,2
지역 안일 대처,2
이번 일 어린이,2
일 어린이 통행,2
어린이 통행 차량,2
통행 차량 안전,2
차량 안전 점검,2
안전 점검 기사,2
점검 기사 정신,2
기사 정신 교육,2
정신 교육 코로나19,2
교육 코로나19 여름,2
코로나19 여름 아이,2
여름 아이 급식,2
아이 급식 간식,2
급식 간식 점검,2
간식 점검 부탁,2
가락 시영 아파트,2
시영 아파트 재건축,2
시민 안전 코로나,2
발열 체크 방문자,2
생활 속거리 두기,3
시영 재건축 조합,2
코로나 환자 음용,2
환자 음용 온욕,2
음용 온욕 수,2
온욕 수 사용,2
코로나 때문 위험,3
철거 요구 그동안,5
요구 그동안 시민,5
그동안 시민 시장,5
명부 정확 관리,2
정확 관리 상태,2
관리 상태 명,2
상태 명 이상,2
명 이상 집회,3
이상 집회 만,2
집회 만 하나,2
만 하나 코로나19,2
하나 코로나19 감염자,2
코로나19 감염자 집회,2
감염자 집회 참석,2
집회 참석 때,2
참석 때 추가,2
때 추가 감염,2
추가 감염 방지,2
감염 방지 대책,2
방지 대책 마련,2
코로나 사태 과다,2
사태 과다 업무,2
과다 업무 노고,3
대보 백화점 층,3
백화점 층 황금,2
층 황금 연못,3
황금 연못 코로나,2
노인 쉼터 코로나19,2
감염 위험 시설,2
코로나 소모임 자제,2
점심 시간 때,2
공공시설 사단 법인,2
사단 법인 불법,2
법인 불법 게시물,2
불법 게시물 대회,2
게시물 대회 와룡,2
대회 와룡 대교,2
와룡 대교 가로등,2
대교 가로등 자전거,2
가로등 자전거 도로,2
자전거 도로 사수동,2
도로 사수동 일대,2
사수동 일대 게,2
일대 게 시물,2
게 시물 미관상,2
시물 미관상 코로나,2
미관상 코로나 사태,2
코로나 사태 단체,2
사태 단체 사람,2
단체 사람 마라톤,2
사람 마라톤 생각,2
마라톤 생각 확인,2
생각 확인 부탁,2
시설 때문 코로나,2
때문 코로나 발생,2
의정부 헬스 장,2
헬스 장 코로나,6
교회 이윤 목적,2
것 문제 것,2
자카르타 거주 중,2
것 마스크 미착용,2
것 시일 내,2
송탄 동안 마을,3
동안 마을 내,3
마을 내 다목,3
내 다목 체육관,3
다목 체육관 동네,3
체육관 동네 주민,3
동네 주민 헬스,3
주민 헬스 기구,3
헬스 기구 탁구,3
기구 탁구 시설,3
탁구 시설 배드민턴,3
시설 배드민턴 시설,3
배드민턴 시설 사용,3
시설 사용 도로,3
사용 도로 신고,3
도로 신고 허가,3
신고 허가 시설,3
허가 시설 코로나,3
시설 코로나 상황,3
코로나 상황 공공,3
상황 공공 체육,3
체육 시설 운동,3
시설 운동 수,3
운동 수 배드민턴,3
수 배드민턴 동호인,3
배드민턴 동호인 관리인,3
동호인 관리인 사용료,3
관리인 사용료 지불,3
사용료 지불 수익,3
지불 수익 개인,3
수익 개인 레슨,3
개인 레슨 마스크,3
레슨 마스크 착용,3
마스크 착용 포함,3
착용 포함 사회,3
포함 사회 거리,3
두기 권고 사항,3
권고 사항 것,3
사항 것 번,3
것 번 목격,3
번 목격 흡연자,3
목격 흡연자 무분별,3
흡연자 무분별 동네,3
무분별 동네 주변,3
동네 주변 흡연,3
주변 흡연 목격,3
흡연 목격 평일,3
목격 평일 물론,3
평일 물론 주말,3
물론 주말 오전,3
주말 오전 오후,3
오전 오후 사람,3
오후 사람 사용,3
사람 사용 체육,3
사용 체육 시설,3
시설 코로나19 감염,3
위험 곳 확인,3
곳 확인 조치,6
확인 조치 내부,3
조치 내부 상황,3
내부 상황 촬영,3
상황 촬영 형식,3
촬영 형식 조치,3
형식 조치 백,3
조치 백 명,3
명 사람 사용,3
사람 사용 운동,3
사용 운동 밀접,3
운동 밀접 접촉,3
밀접 접촉 비말,3
접촉 비말 분비,3
비말 분비 곳,3
분비 곳 확인,3
확인 조치 것,3
조치 것 마을,3
것 마을 송탄,3
마을 송탄 전체,3
송탄 전체 길,3
전체 길 생각,3
에스 타워 영등포구,2
타워 영등포구 양평,2
영등포구 양평 길,2
양평 길 앞,2
길 앞 인도,2
앞 인도 흡연실,2
인도 흡연실 사람,2
흡연실 사람 흡연,2
사람 흡연 게,2
흡연 게 땐,2
게 땐 이,2
땐 이 십,2
십 명 흡연,2
명 흡연 대화,2
흡연 대화 코로나19,2
대화 코로나19 감염,2
감염 우려 조치,2
우려 조치 필요,2
방역 파티 이용,2
파티 이용 객간,2
이용 객간 밀접,2
객간 밀접 접촉,2
코로나 감염 가능,3
발열 체크 무증상,2
체크 무증상 코로나,2
무증상 코로나 환자,2
코로나19 상황 국민,2
상황 국민 건강,2
건강 안전 여수,2
안전 여수 유,2
여수 유 탑,2
마리나 호텔 풀,2
호텔 풀 파티,2
풀 파티 행사,2
파티 행사 금지,2
행사 금지 행정,2
금지 행정 조치,2
행정 조치 요청,2
대전 코로나 확산,2
손 소독 비치,4
중 일부 마스크,2
일부 마스크 착용,2
한국 문화 예술,2
문화 예술 교육,2
예술 교육 흥원,2
교육 흥원 원장,2
이상 마스크 착용,2
미착 용시 출입,2
테니스장 배드민턴 장,2
배드민턴 장 사람,2
유 치부 초등,3
치부 초등 학교,3
초등 학교 고학년,3
학교 고학년 명,3
전국 참가 시국,3
참가 시국 누굴,3
대회 사람 민원,3
사람 민원 군수,3
민원 군수 경기,3
군수 경기 취소,3
경기 취소 글,3
취소 글 답변,3
글 답변 기사,3
답변 기사 양구군,3
기사 양구군 상권,3
양구군 상권 활성,6
상권 활성 자랑,3
아이 안전 양구군,3
안전 양구군 상권,3
상권 활성 중요,3
활성 중요 겁니까,3
중요 겁니까 방역,3
겁니까 방역 철저,3
방역 철저 방역,3
철저 방역 소용,3
청정 지역 소용,3
지역 소용 무증,3
소용 무증 상자,3
무증 상자 명,3
상자 명 어린아이,3
명 어린아이 명,3
어린아이 명 순간,3
명 순간 코로나,3
순간 코로나 텐데,3
코로나 텐데 어른,3
텐데 어른 생각,3
어른 생각 욕심,3
생각 욕심 아이,3
욕심 아이 사지,3
아이 사지 걸까요,3
이해 수 양구군,3
신고 도 날씨,3
운동 마스크 분,3
마스크 분 아이,3
분 아이 건강,3
건강 생각 것,3
생각 것 힘,3
것 힘 이듭,3
힘 이듭 니다,3
이듭 니다 소규모,3
니다 소규모 모임,3
소규모 모임 자제,3
모임 자제 긴급,3
자제 긴급 문자,3
긴급 문자 대회,3
문자 대회 군,3
대회 군 재앙,3
소 외양간 일,2
월 일 강원도,2
일 강원도 양구군,2
강원도 양구군 행복,2
양구군 행복 양구,2
행복 양구 컵,2
양구 컵 축구,2
컵 축구 대회,2
축구 대회 신고,2
대회 신고 유,2
신고 유 치부,2
고학년 명 전국,2
명 전국 참가,2
시국 누굴 축구,2
누굴 축구 대회,2
축구 대회 사람,2
활성 자랑 아이,2
자랑 아이 안전,2
방역 소용 청정,2
소용 청정 지역,2
사지 걸까요 이해,2
걸까요 이해 수,2
수 양구군 축구,2
양구군 축구 대회,2
축구 대회 개최,3
대회 개최 신고,2
개최 신고 도,2
도 날씨 축구,2
날씨 축구 운동,2
축구 운동 마스크,2
발열 체크 마스크,3
체크 마스크 착용,4
학생 개인 시간,2
시국 위험 행동,2
주일 번 학교,2
코로나 확진자 경우,2
지역 코로나 환자,2
코로나 환자 급증,3
환자 급증 학과,2
급증 학과 특성,2
학과 특성 교내,2
특성 교내 실습,2
교내 실습 대체,2
실습 대체 특정,2
대체 특정 요일,2
특정 요일 학교,2
요일 학교 주,2
학교 주 학교,2
주 학교 시험,2
학교 시험 종강,2
시험 종강 서영,2
종강 서영 대학교,2
서영 대학교 당장,2
대학교 당장 다음,2
다음 주 월요일,2
주 월요일 금요일,2
월요일 금요일 대면,2
금요일 대면 시험,2
대면 시험 무증,2
시험 무증 상자,2
무증 상자 확진자,2
상자 확진자 뉴스,2
확진자 뉴스 보도,2
뉴스 보도 때문,2
보도 때문 학교,2
때문 학교 시험,2
학교 시험 상황,2
시험 상황 학생,2
상황 학생 버스,2
학생 버스 버스,2
버스 버스 무증,2
버스 무증 상자,2
무증 상자 보장,2
상자 보장 곳,2
보장 곳 학교,2
곳 학교 때문,2
학교 때문 불안,2
때문 불안 급증,2
불안 급증 부모,2
급증 부모 우려,2
부모 우려 학교,2
우려 학교 나,2
학교 나 명,2
나 명 공간,2
명 공간 시험,2
공간 시험 저희,2
시험 저희 불안,2
저희 불안 마음,2
불안 마음 시험,2
정부 코로나19 감염,3
확산 수 생활,2
수 생활 속,3
생활 속 각종,2
속 각종 위험,2
각종 위험 요소,2
위험 요소 코로나19,2
요소 코로나19 예방,2
코로나19 예방 수칙,2
안전 수칙 듯,2
학생 광주 코로나,2
중 확진자 동선,2
광주 서영 대학교,3
광주 코로나 불안,2
코로나 때문 모임,2
월 일 전국,2
일 전국 명,2
전국 명 유초,2
명 유초 등,2
유초 등 학생,2
등 학생 어린아이,2
학생 어린아이 양구,2
어린아이 양구 축구,2
양구 축구 대회,2
축구 대회 룹,2
대회 룹 니다,2
룹 니다 전국,2
니다 전국 코로나,2
전국 코로나 몸살,2
모범 때 군청,2
때 군청 답변,2
군청 답변 내용,3
답변 내용 양구군,2
내용 양구군 지역,2
양구군 지역 경제,2
지역 경제 침체,3
경제 침체 상권,2
침체 상권 활성,2
상권 활성 스포츠,2
활성 스포츠 마케팅,2
스포츠 마케팅 수,2
마케팅 수 코로나,2
수 코로나 전국,2
코로나 전국 몸살,2
전국 몸살 전국,2
몸살 전국 명,2
전국 명 것,2
명 것 규모,2
것 규모 행사,2
규모 행사 거기,2
행사 거기 관련자,2
거기 관련자 부모,2
관련자 부모 인파,2
부모 인파 텐테,2
유소년 축구 대회,2
광주 코로나 마스크,2
접촉 코로나 집단,2
감염 위험 노출,7
말 수업 진행,3
중 무증상 감염자,2
무증상 감염자 명,2
샘 마을 단지,3
코로나 종식 후,3
일 회 마스크,2
지역 주택 조합,3
주택 조합 호수,2
조합 호수 지정,2
코로나19 전염 확산,4
전염 확산 자유,4
확산 자유 바깥,4
자유 바깥 생활,4
바깥 생활 가운데,4
생활 가운데 다수,4
가운데 다수 이용,4
다수 이용 공공장소,4
이용 공공장소 인천대,4
공공장소 인천대 공원,4
인천대 공원 센트럴,4
공원 센트럴 파크,4
센트럴 파크 아라뱃길,4
파크 아라뱃길 등,4
아라뱃길 등 단체,4
등 단체 모임,4
단체 모임 동호회,4
광주 전남 코로나,3
코로나 확진자 하루,2
확진자 하루 명,2
두기 단계 격상,2
운동 밀폐 공간,2
학교 학생 안전,2
광주시 코로나 장소,2
코로나 장소 집단,2
장소 집단 감염,2
감염 수 위험,2
수 위험 곳,2
확산 방지 최선,2
단계 사회 거리,5
거리 두기 확진자,2
일방 빛 가람,2
빛 가람 지역,2
가람 지역 주택,2
호수 지정 일,2
지정 일 간,2
지정 날짜 불참,2
날짜 불참 이익,2
불참 이익 공지,2
조합원 건강 안위,2
공원 산책 운동,2
체육 시간 마스크,2
수도 지역 코로나19,2
지역 코로나19 확산,2
전자 출입 명부,6
시설 코로나19 방역,2
고용 복지 센터,3
복지 센터 코로나19,2
센터 코로나19 방역,2
코로나19 방역 지침,4
확산 방지 공공,2
방역 지침 미준,2
지침 미준 수,2
고생 의료진 노력,2
학교 재학 학생,2
재학 학생 학교,2
학생 학교 코로나,2
학교 코로나 확산,2
코로나 확산 분위기,2
확산 분위기 속,2
코로나 상황 강압,2
상황 강압 학교,2
강압 학교 등교,2
지하 층 쉘,2
층 쉘 위,2
쉘 위 노래,2
위 노래 주점,2
노래 주점 코로나,3
주점 코로나 관련,3
코로나 관련 방역,3
상인 오일장 안전,7
오일장 안전 위협,7
안전 위협 시장,21
위협 시장 내,21
시장 내 노점,21
내 노점 오일장,21
노점 오일장 단속,21
오일장 단속 예외,21
단속 예외 오일장,21
예외 오일장 시민,21
시민 시장 안,21
시장 안 주변,21
안 주변 상,14
노점 노조 관계,14
관계 속 시민,21
속 시민 안산시,4
시민 안산시 상생,4
안산시 상생 개인,21
상생 개인 이익,21
개인 이익 추구,21
이익 추구 시민,21
추구 시민 줄,21
부과 영업 정지,2
모임 등 자제,2
위 천안 내문,2
열 체크 마스크,2
두기 마스크 미착용,4
시설 무단 사용,2
서경 대학교 운영,2
대학교 운영 대학,2
운영 대학 시설,2
대학 시설 서경,2
시설 서경 스,2
서경 스 포월,2
스 포월 주말,2
포월 주말 자리,2
주말 자리 정도,2
자리 정도 층,2
정도 층 골프,2
층 골프 타석,2
골프 타석 이곳,2
타석 이곳 코로나,2
이곳 코로나 안전,2
코로나 안전 시설,2
직원 데스크 직원,2
데스크 직원 마스크,2
마스크 착용 직원,2
착용 직원 마스크,2
착용 모습 이곳,2
모습 이곳 코로나,2
이곳 코로나 프리,2
코로나 프리 존,2
코로나 교육 시설,2
교육 시설 운영,2
시설 운영 의문,2
시설 코로나 거,2
코로나 거 생각,2
거 생각 태만,2
생각 태만 관리,2
태만 관리 것,2
코로나 집합 금지,2
내 코로나 관련,2
안전 문자 국민,2
문자 국민 생명,2
국민 생명 안전,2
생명 안전 발송,2
안전 발송 문자,2
발송 문자 코로나,2
문자 코로나 이후,2
코로나 이후 남발,2
이후 남발 하루,2
남발 하루 번,2
하루 번 이제,2
번 이제 국민,2
이제 국민 수,2
국민 수 문자,2
수 문자 짜증,2
짜증 삭제 상황,2
마스크 착용 미착용,3
연수 동구 간,2
코로나19 예방 사회,2
수 차례 이용,2
차례 이용 시도,2
이용 시도 입구,2
시도 입구 확인,2
입구 확인 결과,2
확인 결과 미착용,2
결과 미착용 턱걸이,2
미착용 턱걸이 착용,2
턱걸이 착용 이용,2
착용 이용 사진,2
이용 사진 신고,2
사진 신고 어려움,2
신고 어려움 코로나,2
어려움 코로나 기간,2
기간 동안 헬스,2
동안 헬스 장,2
장 이용 기간,2
이용 기간 제외,2
기간 제외 해택,2
제외 해택 환불,2
해택 환불 필요,2
현대 백화점 목동,2
백화점 목동 점,2
안녕 코로나 정국,2
코로나 정국 위험,2
정국 위험 군,2
위험 군 지목,2
군 지목 헌팅,2
지목 헌팅 포차,2
헌팅 포차 일종,2
포차 일종 포차,2
일종 포차 끝판,2
포차 끝판 왕,2
끝판 왕 홍대,2
왕 홍대 점,2
홍대 점 경우,2
점 경우 일반,2
경우 일반 음식점,2
일반 음식점 영업,2
음식점 영업 중,2
영업 중 것,2
중 것 주말,2
것 주말 밤,2
주말 밤 오후,2
밤 오후 시,2
오후 시 이후,4
시 이후 손님,2
이후 손님 마스크,2
마스크 착용 춤,2
착용 춤 위험,2
춤 위험 것,2
위험 것 판단,2
것 판단 일반,2
판단 일반 음식점,2
일반 음식점 춤,2
음식점 춤 행위,2
춤 행위 자체,2
행위 자체 불법,2
자체 불법 사항,2
불법 사항 인식,2
사항 인식 직원,2
인식 직원 행위,2
직원 행위 독려,2
행위 독려 방조,2
독려 방조 내부,2
방조 내부 종업원,2
내부 종업원 반복,2
종업원 반복 마스크,2
반복 마스크 착용,2
방역 수칙 유흥,2
수칙 유흥 주점,2
유흥 주점 설치,2
주점 설치 가능,2
설치 가능 빔,2
가능 빔 프로젝터,2
빔 프로젝터 우주,2
프로젝터 우주 볼,2
우주 볼 등,4
볼 등 특수,4
등 특수 조명,4
특수 조명 설치,4
조명 설치 운영,2
설치 운영 국민,2
운영 국민 안전,2
안전 건강 염려,2
건강 염려 금요일,2
염려 금요일 토요일,2
금요일 토요일 오후,2
토요일 오후 시,2
시 이후 현장,2
이후 현장 조사,2
현장 조사 실시,2
조사 실시 위반,2
실시 위반 사항,2
위반 사항 행정,2
사항 행정 처분,2
행정 처분 증거,2
처분 증거 자료,2
증거 자료 빔,2
자료 빔 프로젝트,2
빔 프로젝트 상영,2
프로젝트 상영 첨부,2
상영 첨부 파일,2
첨부 파일 층,2
파일 층 손님,2
층 손님 내부,2
손님 내부 추,2
내부 추 장면,2
추 장면 우주,2
장면 우주 볼,2
조명 설치 사진,2
설치 사진 첨부,2
마스크 착용 방역,3
착용 방역 수칙,2
발열 체크 코로나,4
속 시민 피해,17
시민 피해 안산시,17
피해 안산시 상생,17
코로나 전염 가능,2
코로나19 시점 지속,2
해당 주소지 층,2
주소지 층 코로나,2
층 코로나 취약,2
코로나 취약 노인,5
취약 노인 명,3
노인 명 가량,2
명 가량 폐쇄,2
가량 폐쇄 공간,2
대보 아파트 호,2
일 박 일,3
정부 방역 지침,2
일 명 일,9
명 일 명,9
코로나 규칙 위반,3
밀폐 공간 마스크,5
공간 마스크 착용,4
코로나19 체육 시설,2
명 아파트 주민,2
학생 기숙사 인,2
기숙사 인 실,2
기찻길 옆 도로,2
지하 도로 주변,2
명부 작성 등,3
단속 설치 요청,2
얼마 전 진성,2
전 진성 인력,2
진성 인력 사무실,2
인력 사무실 일,2
사무실 일 옥상,2
일 옥상 슬라브,2
옥상 슬라브 일,2
슬라브 일 인부,2
일 인부 명,2
인부 명 게,2
명 게 코로나,2
게 코로나 때문,2
때문 마스크 건설,2
마스크 건설 현장,2
건설 현장 특성,2
현장 특성 안전모,2
특성 안전모 착용,2
안전모 착용 현장,2
착용 현장 타인,2
현장 타인 걸,2
타인 걸 감염,2
걸 감염 우려,2
감염 우려 안전모,2
우려 안전모 고압,2
안전모 고압 살균,2
고압 살균 거,2
살균 거 끈,2
거 끈 내피,2
끈 내피 지급,2
내피 지급 인부,2
지급 인부 교체,2
인부 교체 수,2
교체 수 살균,2
수 살균 소독,2
살균 소독 안전모,2
소독 안전모 소독,2
안전모 소독 비치,2
소독 비치 공문,2
비치 공문 부산,2
공문 부산 아시,2
부산 아시 아드,2
아시 아드 지점,2
아드 지점 물,2
지점 물 반출,2
물 반출 일,2
반출 일 갑,2
일 갑 헬스,2
갑 헬스 관리자,2
헬스 관리자 인부,2
관리자 인부 반말,2
인부 반말 신경질,2
반말 신경질 욕설,2
신경질 욕설 집기,2
욕설 집기 등,2
집기 등 관리자,2
등 관리자 갑,2
관리자 갑 일,2
갑 일 전,2
일 전 인부,2
전 인부 집기,2
인부 집기 휘,2
집기 휘 삽,2
휘 삽 통신,2
삽 통신 닥,2
통신 닥 트,2
닥 트 재단,2
트 재단 철판,2
재단 철판 상업,2
철판 상업 빠,2
상업 빠 래트,2
빠 래트 무게,2
래트 무게 나,2
무게 나 흉기,2
나 흉기 수,2
흉기 수 관리자,2
수 관리자 정신,2
관리자 정신 치료,2
정신 치료 여름,2
치료 여름 푼,2
여름 푼 벌,2
푼 벌 인부,2
벌 인부 인생,2
인부 인생 거,2
인생 거 요즘,2
거 요즘 사람,2
물비누 디 스펜서,2
코로나 감염 수,2
코로나 관련 제안,3
안녕 코로나 관련,2
바이러스 감염 도서관,2
감염 도서관 책,2
도서관 책 수,2
책 수 생각,2
확산 감염 수,2
코로나 종식 것,2
건강 보험 가입,2
상담 사 분,2
코로나 단계 사회,2
사회 거리 안전,2
거리 안전 수칙,2
안전 수칙 무시,2
코로나 시기 이건,2
최소한 정보 공유,2
환자 보호자 코로나19,2
보호자 코로나19 검사,2
병실 출입 환자,2
출입 환자 수발,2
환자 수발 식사,2
수발 식사 수발,2
위험 다중 밀집,2
골프 연습 분,3
저희 집 층,2
집 층 주인집,2
층 주인집 부부,2
주인집 부부 코로나,2
부부 코로나 양성,2
코로나 양성 확진,2
양성 확진 성남,2
확진 성남 의료,2
성남 의료 원,2
의료 원 이송,2
소음 소음 코로나,2
소음 코로나 환자,2
코로나 환자 집서,2
환자 집서 발생,2
집서 발생 걸,2
발생 걸 걱정,2
걸 걱정 주택가,2
걱정 주택가 실내,2
주택가 실내 축구장,2
실내 축구장 이거,2
축구장 이거 문제,2
마스크 미착용 교회,2
미착용 교회 입장,2
상인 오일장 시민,14
오일장 시민 안전,14
안 주변 운영,7
주변 운영 중,7
운영 중 상,7
중 상 인회,7
시설 다중 이용,3
직원 왜 명,2
왜 명 인원,2
명 인원 미팅,2
인원 미팅 직원,2
미팅 직원 외,2
직원 외 발열,2
외 발열 체크,2
체크 코로나 관련,2
코로나 관련 세계,2
관련 세계 비상,2
세계 비상 무성의,2
비상 무성의 대응,2
코로나 끝 것,2
양천구 탁구장 코로나,2
일 명 예상,2
거리 두기 열,2
행복 약국 문,2
약국 문 앞,2
문 앞 하수구,2
앞 하수구 냄새,2
하수구 냄새 코로나,2
냄새 코로나 시간,2
시간 환기 문,2
환기 문 열,2
문 열 때,2
예산 부족 설치,2
채용 비리 의심,2
광주 광역시 코로나,2
마스크 요구 수,2
감염 전파 위험,2
코로나 조심 시기,2
어른 이기심 나,20
이기심 나 내,20
나 내 가족,20
내 가족 어린이,20
가족 어린이 노약자,20
어린이 노약자 임산부,20
노약자 임산부 등,20
임산부 등 지금,20
등 지금 고생,20
지금 고생 코로나,20
고생 코로나 의료,20
코로나 의료 진분,20
의료 진분 희생,20
진분 희생 감사,19
희생 감사 기억,19
월 일 인력,3
일 인력 사무소,3
인력 사무소 부산,3
사무소 부산 철도,3
부산 철도 시설,3
철도 시설 관리,3
시설 관리 반,3
관리 반 펜스,3
반 펜스 설치,3
펜스 설치 작업,3
설치 작업 업자,3
작업 업자 인부,3
업자 인부 만,3
인부 만 작업,3
만 작업 기둥,3
작업 기둥 바닥,3
기둥 바닥 공,3
바닥 공 통신,3
공 통신 배관,3
통신 배관 게,3
배관 게 신호,3
게 신호 통신,3
신호 통신 흰색,3
통신 흰색 기둥,3
흰색 기둥 철도,3
기둥 철도 시설,3
철도 시설 분,3
시설 분 신호수,3
분 신호수 분,3
신호수 분 안전,3
분 안전 관리,3
안전 관리 분,3
관리 분 대동,3
분 대동 일,3
대동 일 게,3
일 게 보통,3
게 보통 감독,3
보통 감독 사람,3
감독 사람 신호,3
사람 신호 케이블,3
신호 케이블 열차,3
케이블 열차 운행,3
열차 운행 시간,3
운행 시간 사고,3
시간 사고 건지,3
사고 건지 오후,3
건지 오후 케이블,3
오후 케이블 관로,3
케이블 관로 때문,3
관로 때문 위치,3
때문 위치 선정,3
위치 선정 문제,3
선정 문제 전화,3
문제 전화 사람,3
전화 사람 전기,3
사람 전기 사람,3
전기 사람 관로,3
사람 관로 거,3
관로 거 장비,3
거 장비 케이블,3
장비 케이블 표시,3
케이블 표시 시트,3
표시 시트 지,3
시트 지 옆,3
지 옆 자리,3
옆 자리 작업,3
자리 작업 신호,3
작업 신호 대형,3
신호 대형 사고,3
대형 사고 엉망,3
사고 엉망 거,3
엉망 거 봄,3
거 봄 월,3
봄 월 일,3
일 번 버스,3
번 버스 신세계,3
버스 신세계 센텀,3
신세계 센텀 시티,3
센텀 시티 정류장,3
시티 정류장 모,3
정류장 모 하우스,3
모 하우스 일,3
하우스 일 용적,3
일 용적 천정,3
용적 천정 층,3
천정 층 층높이,3
층 층높이 정도,3
층높이 정도 데,3
정도 데 층,3
데 층 작업,3
층 작업 현장,3
작업 현장 내부,3
현장 내부 문,3
내부 문 낭,3
문 낭 허당,3
낭 허당 번,3
허당 번 문,3
번 문 휀,3
문 휀 밖,3
휀 밖 밖,3
밖 밖 계단,3
밖 계단 줄,3
계단 줄 번,3
줄 번 조립식,3
번 조립식 하우스,3
조립식 하우스 문,3
하우스 문 모델,3
문 모델 하우스,3
모델 하우스 단지,3
하우스 단지 개,3
단지 개 동,3
개 동 조립식,3
동 조립식 모델,3
조립식 모델 하우스,3
모델 하우스 전국,3
하우스 전국 위험,3
전국 위험 출구,3
위험 출구 안전,3
출구 안전 조치,3
안전 조치 확인,3
조치 확인 부산,3
확인 부산 진구,3
부산 진구 호천,3
진구 호천 문화,3
호천 문화 플레,3
문화 플레 폼,3
플레 폼 동내,3
폼 동내 코로나,3
동내 코로나 행사,3
코로나 행사 노인,3
행사 노인 벤치,3
노인 벤치 마스크,3
벤치 마스크 박수,3
마스크 박수 작두,3
박수 작두 계단,3
작두 계단 굿,3
계단 굿 트로트,3
굿 트로트 작두,3
트로트 작두 그거,3
작두 그거 차,3
그거 차 밖,3
차 밖 차도,3
밖 차도 행사,3
차도 행사 사람,3
행사 사람 구경,3
사람 구경 차량,3
구경 차량 구경,3
차량 구경 주차,3
구경 주차 차량,3
주차 차량 교통,3
차량 교통 혼잡,3
교통 혼잡 언덕,3
혼잡 언덕 내,3
언덕 내 행사,3
내 행사 소음,3
행사 소음 어제,3
소음 어제 구청,3
어제 구청 영화,3
구청 영화 상영,3
영화 상영 신고,3
상영 신고 밤,3
신고 밤 시,3
밤 시 계,3
시 계 파티,3
지침 생활 속,2
코로나 명 발생,2
서울 송파구 번,2
송파구 번 접촉자,2
행사 주최 측,2
관련 발열 체크,3
오시리 마트 앞,2
특별 단속 주말,2
단속 주말 오후,2
주말 오후 시간,2
오후 시간 불시,2
시간 불시 단속,2
불시 단속 코로나,2
단속 코로나 데,2
코로나 데 사진,2
데 사진 단속,2
사진 단속 차량,2
단속 차량 얘기,2
차량 얘기 사람,2
때문 자영업 행안,2
자영업 행안 지침,2
행안 지침 앞,2
지침 앞 공영주,2
앞 공영주 차장,2
공영주 차장 공영,2
차장 공영 주차장,2
공영 주차장 주변,2
주차장 주변 불법주차,2
주변 불법주차 거,2
관리 실 직원,3
실 직원 마스크,3
마스크 착용 근무,2
때문 시기 이거,2
시기 이거 거,2
이거 거 신고,2
친구 가게 코로나,2
가게 코로나 이때,2
코로나 이때 코로나,2
이때 코로나 피해자,2
코로나 피해자 신고,2
코로나 사태 수업,2
사태 수업 진행,2
수업 진행 학과,2
진행 학과 실습,2
학과 실습 때문,2
실습 때문 수,2
때문 수 상황,2
수 상황 이해,2
상황 이해 모두,2
이해 모두 참여,2
모두 참여 하규,2
계절 학기 시작,2
학기 시작 후,2
시작 후 교수,2
후 교수 병결,2
교수 병결 처리,2
병결 처리 몸,2
처리 몸 관리,2
몸 관리 말,2
관리 말 수업,2
수업 진행 병결,2
진행 병결 처리,2
병결 처리 출석,2
처리 출석 점수,2
출석 점수 학생,2
점수 학생 몸,2
학생 몸 수업,2
몸 수업 전염,2
수업 전염 걱정,2
전염 걱정 때,2
걱정 때 학교,2
때 학교 병결,2
학교 병결 신청,2
병결 신청 것,2
신청 것 학생,2
것 학생 권리,2
학생 권리 코로나,2
권리 코로나 때문,2
코로나 때문 모두,2
때문 모두 불안,2
모두 불안 수업,2
불안 수업 상황,2
수업 상황 교수,2
상황 교수 직권,2
교수 직권 남용,2
직권 남용 인하,2
남용 인하 학생,2
인하 학생 피해,2
학생 피해 점,2
피해 점 졸업,2
점 졸업 압두,2
졸업 압두 취업,2
압두 취업 준비,2
취업 준비 생인,2
준비 생인 학생,2
생인 학생 감염,2
학생 감염 영향,2
노점 노조 간,7
노조 간 관계,7
간 관계 속,7
제 월 말,4
월 말 월,4
말 월 말,4
월 말 보완,4
말 보완 걸로,4
보완 걸로 확인,4
걸로 확인 놀이시설,4
확인 놀이시설 법,4
놀이시설 법 개월,4
법 개월 번,4
개월 번 점검,4
번 점검 코로나,4
점검 코로나 이후,4
코로나 이후 점검,4
이후 점검 의문,4
점검 의문 정보,4
의문 정보 공개,4
정보 공개 요청,4
공개 요청 고민,4
요청 고민 시설,4
고민 시설 보완,4
시설 보완 안전신문고,4
보완 안전신문고 시설,4
안전신문고 시설 보완,4
시설 보완 테마파크,4
보완 테마파크 내,4
테마파크 내 놀이시설,4
내 놀이시설 안전,4
놀이시설 안전 폐쇄,4
안전 폐쇄 건,4
폐쇄 건 월,4
건 월 사진,4
월 사진 후,4
사진 후 보완,4
후 보완 놀이시설,4
보완 놀이시설 내,4
놀이시설 내 사진,4
내 사진 테마파크,4
사진 테마파크 방문,4
테마파크 방문 방문객,4
방문 방문객 소수,4
방문객 소수 최선,4
소수 최선 사진,4
최선 사진 장,4
사진 장 밖,4
장 밖 건,4
밖 건 계획,4
건 계획 양해,4
계획 양해 부탁,4
독서 까페 독서실,2
까페 독서실 편법,2
독서실 편법 운영,2
편법 운영 스터디,2
운영 스터디 카페,2
스터디 카페 학원,2
카페 학원 법,2
학원 법 적용,2
법 적용 때문,2
적용 때문 학생,2
때문 학생 안전,2
학생 안전 시설,2
안전 시설 환경,2
시설 환경 안전,2
환경 안전 유흥업소,2
안전 유흥업소 밀집,2
유흥업소 밀집 곳,2
밀집 곳 성업,2
곳 성업 중,2
성업 중 심야,2
중 심야 시간,2
심야 시간 운영,2
시간 운영 범죄,2
운영 범죄 밤늦,2
범죄 밤늦 귀가,2
밤늦 귀가 뿐,2
귀가 뿐 시험,2
뿐 시험 기간,2
시험 기간 남여,2
기간 남여 학생,2
남여 학생 구분,2
학생 구분 밀집,2
구분 밀집 실내,2
밀집 실내 환경,2
실내 환경 코로나19,2
환경 코로나19 방역,2
코로나19 방역 거리,2
마스크 미착용 실내,2
미착용 실내 외,2
실내 외 소독,2
외 소독 등등,2
실내 방역 학생,2
방역 학생 간,2
학생 간 거리,2
간 거리 두기,2
착용 등 코로나19,3
코로나19 방역 준수,2
방역 준수 여부,2
마스크 미착용 밀접,2
불법체류 만남 장소,2
코로나 자가격리 자가,2
자가격리 자가 자택,2
자가 자택 내,2
자택 내 격리,2
내 격리 중,2
격리 중 상태,2
외부 반출 것,2
반출 것 자가격리,2
것 자가격리 중,2
자가격리 중 문제,2
오 산화 등기소,2
산화 등기소 코로나,2
등기소 코로나 관련,2
코로나 관련 발열,2
발열 체크 출입자,3
체크 출입자 관리,2
여기 코로나 안전,2
코로나 안전 곳,2
마스크 손 소독,2
마 장관 단속,2
명 수십 명,2
미용사 마스크 착용,2
코로나 직접 해,2
직접 해 사항,2
해 사항 위,2
사항 위 항목,2
위 항목 체크,2
항목 체크 지자체,2
체크 지자체 관리,2
지자체 관리 행정,2
관리 행정 전부,2
행정 전부 상위,2
전부 상위 부서,2
상위 부서 판단,2
부서 판단 글,2
판단 글 작성,2
저 런던 인천,2
런던 인천 공항,2
공항 입국 정오,2
입국 정오 격리,2
정오 격리 해제,2
격리 해제 해,2
해제 해 외입,2
국자 코로나 위기,2
위기 상황 극복,2
상황 극복 국민,2
극복 국민 정부,2
국민 정부 부처,2
정부 부처 공무원,2
부처 공무원 합심,2
공무원 합심 필요,2
합심 필요 것,2
것 일 공무원,2
일 공무원 정확,2
공무원 정확 지침,2
정확 지침 국민,2
지침 국민 안내,2
국민 안내 국민,2
안내 국민 이,2
국민 이 준수,2
이 준수 지침,2
준수 지침 안내,2
지침 안내 담당,2
안내 담당 공무원,2
담당 공무원 기본,2
공무원 기본 메뉴얼,4
기본 메뉴얼 숙지,4
메뉴얼 숙지 저,2
숙지 저 기장,2
저 기장 군청,2
기장 군청 소속,2
군청 소속 자가격리,2
소속 자가격리 담당,2
자가격리 담당 공무원,2
담당 공무원 신,2
공무원 신 씨,2
신 씨 제게,2
씨 제게 안내,2
제게 안내 하루,2
안내 하루 시간,2
하루 시간 이후,2
시간 이후 격리,2
이후 격리 해제,2
격리 해제 뻔,2
해제 뻔 월,2
뻔 월 이후,2
월 이후 자가격리,2
이후 자가격리 무단이탈,2
자가격리 무단이탈 관련,2
무단이탈 관련 법률,2
관련 법률 최고형,2
법률 최고형 년,2
최고형 년 이하,2
년 이하 징역,2
이하 징역 천만,2
징역 천만 원,2
천만 원 이상,2
원 이상 벌금,2
이상 벌금 상향,2
벌금 상향 조정,2
상향 조정 자가격리,2
조정 자가격리 장소,2
자가격리 장소 이탈,2
장소 이탈 것,2
이탈 것 물론,2
것 물론 일,2
물론 일 기간,2
일 기간 것,2
기간 것 중요,2
것 중요 이야기,2
중요 이야기 공무원,2
이야기 공무원 실수,2
공무원 실수 하루,2
실수 하루 누가,2
하루 누가 책임,4
누가 책임 마찬가지,2
책임 마찬가지 하루,2
마찬가지 하루 누가,2
공무원 자가격리 모니터링,2
자가격리 모니터링 날,2
모니터링 날 자가격리,2
날 자가격리 안전,2
자가격리 안전 보호,2
안전 보호 앱,2
보호 앱 것,2
앱 것 담당,2
것 담당 업무,2
담당 업무 코로나,2
업무 코로나 대응,2
코로나 대응 공무원,2
대응 공무원 기본,2
공무원 기본 전달,2
기본 전달 숙지,2
전달 숙지 내용,2
숙지 내용 앱,2
내용 앱 시행,2
앱 시행 지,2
시행 지 메뉴얼,2
지 메뉴얼 걸까요,2
메뉴얼 걸까요 자가격리,2
걸까요 자가격리 해제,2
자가격리 해제 관련,2
해제 관련 유선,2
관련 유선 가지,2
유선 가지 확인,2
가지 확인 저,2
확인 저 공무원,2
저 공무원 폭언,2
공무원 폭언 부산시,2
폭언 부산시 내,2
부산시 내 보건소,2
내 보건소 의사,2
보건소 의사 재직,2
의사 재직 중,2
재직 중 아버지,2
중 아버지 확인,2
아버지 확인 당초,2
확인 당초 박,2
당초 박 일,2
박 일 박,2
박 일 전달,2
일 전달 신,2
전달 신 씨,2
신 씨 시간,2
씨 시간 질병관리본부,2
시간 질병관리본부 말,2
질병관리본부 말 혼란,2
말 혼란 확인,2
혼란 확인 요청,2
확인 요청 제,2
요청 제 인천,2
제 인천 공항,2
인천 공항 질병관리본부,2
공항 질병관리본부 안내문,2
질병관리본부 안내문 사진,2
안내문 사진 전달,2
사진 전달 이후,2
전달 이후 전화,2
이후 전화 저,2
전화 저 아래,2
저 아래 내용,2
말 내 말,2
내 말 자가격리,2
말 자가격리 말,2
자가격리 말 유난,2
말 유난 우리,2
유난 우리 체계,2
우리 체계 하,2
체계 하 보건소,2
하 보건소 본인,2
보건소 본인 전화,2
본인 전화 확인,2
전화 확인 어이,2
확인 어이 후,2
어이 후 제,2
후 제 말,2
제 말 끝,2
말 끝 나지,2
끝 나지 결국,2
나지 결국 관할,2
결국 관할 부서,2
관할 부서 담당자,2
부서 담당자 신,2
담당자 신 씨,2
신 씨 대신,2
씨 대신 제,2
대신 제 보건소,2
제 보건소 전화,2
보건소 전화 확인,2
전화 확인 제,2
확인 제 말,2
제 말 결론,2
말 결론 위,2
결론 위 폭언,2
위 폭언 저,2
폭언 저 사과,2
저 사과 마디,2
사과 마디 제,2
마디 제 메시지,2
제 메시지 무시,2
메시지 무시 중,2
무시 중 방역,2
중 방역 세계,2
방역 세계 관심,2
세계 관심 요즘,2
관심 요즘 일손,2
요즘 일손 이유,2
일손 이유 부서,2
이유 부서 배치,2
부서 배치 공무원,2
배치 공무원 기본,2
메뉴얼 숙지 문제,2
숙지 문제 개선,2
문제 개선 생각,2
개선 생각 친절,2
생각 친절 문제,2
친절 문제 지침,2
문제 지침 업데이트,2
지침 업데이트 점,2
업데이트 점 공무원,2
점 공무원 이,2
공무원 이 잘못,2
이 잘못 결국,2
잘못 결국 국민,2
결국 국민 손해,2
국민 손해 코로나,2
손해 코로나 감염,2
감염 확산 관련,2
확산 관련 직접,2
관련 직접 신고,2
직접 신고 내용,2
신고 내용 코로나,2
내용 코로나 방역,2
코로나 방역 체계,2
방역 체계 구축,2
체계 구축 필요,2
구축 필요 내용,2
필요 내용 생각,2
내용 생각 신문고,2
충북 청주시 서원,2
청주시 서원 구,2
서울시 강서구 곰달래로,2
강서구 곰달래로 길,2
곰달래로 길 화곡,2
길 화곡 동,2
화곡 동 주민,6
주민 센터 대다수,4
센터 대다수 직원,4
대다수 직원 코로나19,2
직원 코로나19 신고,2
사진 동영상 첨부,2
동영상 첨부 앞전,2
첨부 앞전 주민,2
앞전 주민 센터,2
주민 센터 남자,2
센터 남자 직원,2
남자 직원 업무,2
직원 업무 시간,2
업무 시간 외,2
시간 외 시도,2
외 시도 때,2
시도 때 삼,2
때 삼 삼,2
오 오 마스크,2
오 마스크 턱,2
마스크 턱 착용,4
턱 착용 채,4
착용 채 남,2
채 남 집,2
남 집 주차장,2
집 주차장 골목,2
주차장 골목 담벼락,2
골목 담벼락 등,2
담벼락 등 담배,2
등 담배 일,2
담배 일 간접흡연,2
일 간접흡연 때문,2
간접흡연 때문 피해,2
때문 피해 흡연자,2
피해 흡연자 코로나,2
흡연자 코로나 로,2
코로나 로 고위험,2
로 고위험 군,2
고위험 군 포함,2
군 포함 등,2
포함 등 위험,2
등 위험 흡연실,2
위험 흡연실 등,2
흡연실 등 조치,2
등 조치 민원,2
조치 민원 다산,2
민원 다산 콜,2
다산 콜 강서구,2
콜 강서구 청,2
강서구 청 홈페이지,2
청 홈페이지 민원,2
홈페이지 민원 접수,2
민원 접수 적,2
접수 적 흡연,2
적 흡연 장면,2
흡연 장면 사진,2
장면 사진 첨부,2
사진 첨부 익명,2
첨부 익명 접수,2
익명 접수 민원인,2
접수 민원인 특정,2
민원인 특정 해당,2
특정 해당 사진,2
사진 속 흡연,2
속 흡연 직원,2
흡연 직원 상급자,2
직원 상급자 민원인,2
상급자 민원인 사진,2
민원인 사진 동영상,2
사진 동영상 겁,2
동영상 겁 주민,2
겁 주민 센터,2
센터 옆 내,2
옆 내 커피,2
내 커피 커피숍,2
커피 커피숍 등,2
커피숍 등 상급자,2
등 상급자 공무원,2
상급자 공무원 직원,2
공무원 직원 위험,2
직원 위험 방역,2
수칙 확인 눈,2
확인 눈 아침,2
눈 아침 주,2
아침 주 일,2
주 일 하루,2
일 하루 확인,2
하루 확인 바,2
확인 바 환기,2
바 환기 밀폐,2
환기 밀폐 커피숍,2
밀폐 커피숍 성인,2
커피숍 성인 명,2
성인 명 정도,2
명 정도 정도,2
정도 정도 마스크,2
정도 마스크 턱,2
착용 채 침방울,2
채 침방울 신체,2
침방울 신체 접촉,2
접촉 등 월,2
등 월 일,2
일 금요일 직원,2
금요일 직원 중,2
직원 중 명,2
중 명 생일,2
명 생일 축하,2
생일 축하 행위,2
축하 행위 등,2
행위 등 일회,2
등 일회 행위,2
일회 행위 매일,2
행위 매일 출근,2
매일 출근 퇴근,2
출근 퇴근 시,2
퇴근 시 일,2
시 일 행동,2
일 행동 참,2
행동 참 사회,2
참 사회 거리,2
사회 거리 어수선,2
거리 어수선 때,2
어수선 때 행동,2
때 행동 등,2
행동 등 화곡,2
등 화곡 동,2
주민 센터 직원,2
센터 직원 행동,2
직원 행동 여긴,2
행동 여긴 청정,2
여긴 청정 지역,2
청정 지역 코로나19,2
지역 코로나19 종식,2
코로나19 종식 지역,2
종식 지역 걸로,2
지역 걸로 착각,2
걸로 착각 정도,2
착각 정도 동네,2
정도 동네 교회,2
동네 교회 주민,2
교회 주민 피해,2
주민 피해 화곡,2
피해 화곡 동,2
대다수 직원 방역,2
직원 방역 수칙,2
코로나 환자 걱정,2
직원 대부분 나이층,2
대부분 나이층 층,2
나이층 층 때문,2
층 때문 코드,2
때문 코드 의무,2
코드 의무 이익,2
의무 이익 코드,2
이익 코드 적,2
코드 적 코로나,2
적 코로나 사태,2
코로나 사태 행동,2
사태 행동 생각,2
안녕 국민 안전,2
국민 안전 쳘,2
안전 쳘 주야,2
쳘 주야 감사,2
주야 감사 질병,2
감사 질병 코로나19,2
질병 코로나19 전파,2
코로나19 전파 예방,2
전파 예방 다중,2
이용 시설 음식점,2
시설 음식점 위생,2
음식점 위생 생활,2
위생 생활 수칙,2
생활 수칙 요즘,2
수칙 요즘 건물,2
요즘 건물 공용,2
건물 공용 화장실,4
공용 화장실 모습,2
화장실 모습 건물,2
모습 건물 음식점,2
건물 음식점 카페,2
음식점 카페 종사자,2
카페 종사자 앞치마,2
종사자 앞치마 위생복,2
앞치마 위생복 착용,2
위생복 착용 공용,2
착용 공용 화장실,2
공용 화장실 흡연,2
화장실 흡연 코너,2
흡연 코너 담배,2
동서 종합 터미널,2
종합 터미널 층,2
터미널 층 층,2
층 층 공용,2
층 공용 화장실,2
공용 화장실 앞치마,2
화장실 앞치마 채,2
앞치마 채 화장실,2
채 화장실 이용,2
화장실 이용 걸,2
이용 걸 때,2
걸 때 목격,2
때 목격 평택시,2
목격 평택시 맥도날드,2
평택시 맥도날드 소사,2
맥도날드 소사 벌점,2
소사 벌점 건물,2
벌점 건물 건물,2
건물 건물 커피,2
건물 커피 맥도날드,2
커피 맥도날드 외,2
맥도날드 외 식당,2
외 식당 직원,2
식당 직원 사람,2
직원 사람 위생복,2
사람 위생복 착용,2
위생복 착용 채,2
착용 채 건물,2
채 건물 공용화,2
건물 공용화 장실,2
공용화 장실 이용,2
장실 이용 평택,2
이용 평택 인근,2
평택 인근 용이동,2
인근 용이동 음식점,2
용이동 음식점 뒷골목,2
음식점 뒷골목 위생복,2
뒷골목 위생복 앞치마,2
위생복 앞치마 착용,6
앞치마 착용 채,2
착용 채 흡연,2
채 흡연 외,2
흡연 외 건물,2
외 건물 공용,2
공용 화장실 음식점,2
화장실 음식점 카페,2
음식점 카페 화장실,2
카페 화장실 이용,2
화장실 이용 목격,2
이용 목격 위생복,2
목격 위생복 앞치마,2
앞치마 착용 화장실,4
착용 화장실 용무,2
화장실 용무 장면,2
용무 장면 이것,2
장면 이것 개인,2
이것 개인 말,2
개인 말 것,2
말 것 상황,2
것 상황 확산,2
상황 확산 방지,2
확산 방지 집단,2
방지 집단 방지,2
집단 방지 종교,2
방지 종교 시설,2
종교 시설 다중,2
이용 시설 등,2
시설 등 운영,2
등 운영 중지,2
운영 중지 출입,2
중지 출입 전자,2
출입 전자 명부,2
전자 명부 작성,2
작성 등 정부,2
등 정부 차원,2
정부 차원 행정명령,2
차원 행정명령 대응,2
행정명령 대응 생각,2
대응 생각 이,2
생각 이 음식점,2
이 음식점 카,2
음식점 카 패,2
카 패 등,2
패 등 다중,2
이용 시설 근무자,2
시설 근무자 위생복,2
근무자 위생복 앞치마,2
착용 화장실 이용,2
화장실 이용 흡연,2
이용 흡연 금지,2
흡연 금지 행정명령,2
금지 행정명령 화장실,2
행정명령 화장실 각종,2
화장실 각종 세균,2
각종 세균 곳,2
세균 곳 코로나,2
곳 코로나 바이러스,2
코로나 바이러스 외,2
바이러스 외 노로바이러스,2
외 노로바이러스 포도상,2
노로바이러스 포도상 구균,2
포도상 구균 등,2
구균 등 확산,2
등 확산 방지,2
방지 노력 국민,2
노력 국민 자신,2
국민 자신 생활,2
자신 생활 실천,2
생활 실천 강화,2
실천 강화 요즘,2
강화 요즘 부분,2
요즘 부분 시정,2
부분 시정 협조,2
화성 시청 뒤,2
시청 뒤 봉산,2
뒤 봉산 둘레길,2
봉산 둘레길 일,2
둘레길 일 말씀,2
일 말씀 코로나,2
말씀 코로나 사람,2
코로나 사람 정비,2
사람 정비 길,2
정비 길 때문,2
길 때문 사람,2
때문 사람 불편,2
내리막길 등 다리,2
등 다리 필요,2
다리 필요 잡목,2
필요 잡목 모기,2
잡목 모기 해충,2
모기 해충 둘레길,2
해충 둘레길 확장,2
둘레길 확장 평탄,2
확장 평탄 작업,2
평탄 작업 봉산,2
작업 봉산 대,2
봉산 대 잡목,2
대 잡목 제거,2
잡목 제거 등,2
제거 등 지역,2
등 지역 둘레길,2
지역 둘레길 일,2
둘레길 일 등산,2
일 등산 시민,2
등산 시민 불편,2
시민 불편 사용,2
불편 사용 봉산,2
사용 봉산 둘레길,2
평일 아침 오후,2
피닝 헬스 장,2
마스크 미착용 발열,2
미착용 발열 체크,2
불법 종이 전단지,2
코로나 정부 국민,2
정부 국민 시간,2
국민 시간 동안,2
시간 동안 고생,2
동안 고생 고생,2
고생 고생 시절,2
고생 시절 공연,2
시절 공연 텐데,2
공연 텐데 위험,2
텐데 위험 모험,2
위험 모험 걱정,2
모험 걱정 서울,2
걱정 서울 미스터,2
서울 미스터 트롯,2
미스터 트롯 공연,2
트롯 공연 연기,2
공연 연기 마당,2
연기 마당 형평,2
마당 형평 공연,2
형평 공연 연기,2
학부모 차 뻔,2
차 뻔 스쿨,2
뻔 스쿨 존,2
스쿨 존 규정,2
존 규정 속도,2
규정 속도 사람,2
속도 사람 이거,2
사람 이거 학교,2
이거 학교 관리,2
학교 관리 것,2
관리 것 학교,2
것 학교 안,2
학교 안 주변,2
안 주변 신경,2
주변 신경 것,2
신경 것 학교,2
것 학교 진입로,2
학교 진입로 골목,2
진입로 골목 밑,2
골목 밑 대로변,2
밑 대로변 거기,2
대로변 거기 골목,2
거기 골목 게,2
골목 게 애,2
게 애 학교,2
애 학교 코앞,2
학교 코앞 차,2
코앞 차 학생,2
차 학생 대원,2
학생 대원 외고,2
대원 외고 학생,2
외고 학생 학교,2
학생 학교 주변,2
학교 주변 거주자,2
주변 거주자 아침,2
거주자 아침 저녁,2
아침 저녁 차,2
저녁 차 학부모,2
차 학부모 차,2
학부모 차 때문,2
차 때문 초등,2
때문 초등 학교,2
학교 옆 골목,2
옆 골목 스쿨,2
골목 스쿨 존,2
스쿨 존 차량,2
존 차량 속도,2
차량 속도 위반,2
속도 위반 강화,2
위반 강화 골목,2
강화 골목 여기,2
골목 여기 거주,2
여기 거주 코로나,2
거주 코로나 거,2
공간 마스크 미착용,2
코로나19 확산 염려,2
사태 이전 해당,3
이전 해당 구역,3
해당 구역 통학,3
구역 통학 차량,3
통학 차량 주정차,3
층 코로나 환자,2
마스크 턱 코,2
턱 코 입,2
코 입 노출,2
입 노출 버스,2
노출 버스 통화,2
버스 통화 주위,2
통화 주위 사람,2
주위 사람 코로나,2
사람 코로나 불안,2
코로나 불안 불편,2
서대문 예일 어린이집,2
일 어른 명,2
어른 명 아이,2
명 아이 명,2
아이 명 명,2
상태 원장 강요,2
