안녕,91
신종,84
코로나,3526
바이러스,434
문제,231
중국,34
관광,5
필수,24
코스,2
북촌,2
한옥,2
마을,32
문고리,3
사진,164
전체,52
중국인,18
방문,129
규제,16
불안,205
입국,34
금지,157
나라,75
간,64
일,635
확진자,442
관광지,6
건,127
주민,209
위험,471
보호,32
우한,20
발,38
국내,19
확산,391
가운데,53
보건복지부,10
실효,3
조치,354
때,334
대중교통,28
열차,7
버스,151
용시,14
기침,22
예절,2
안내,64
방송,29
전파,112
감염,424
우려,121
이번,69
발생,272
관련,217
항공,7
취소,64
시,326
수수료,6
기사,68
상태,152
외국인,64
부모,40
아이,246
수업,166
연기,79
보강,2
요청,152
병원,111
정책,24
개인,107
사유,8
결석,4
등록,15
대기,22
데,211
말,300
처,14
우리,96
생각,441
교육청,27
학원,94
등,470
운영,197
협조,16
유치원,25
어린이,76
집,195
원,99
폐렴,6
일산,8
명지,2
격리,54
강남,12
대,53
활보,6
것,1064
뉴스,55
시민,533
마트,40
쇼핑몰,7
직원,208
마스크,822
착용,333
상대,21
사람,812
지역,331
최소한,21
거,304
안전,499
의식,34
부족,33
겁니까,27
건강,93
고려,28
인권,5
모두,61
권고,65
불법,134
숙박업,4
세대,12
신고,376
세계,60
바이러,3
스로,3
비상,28
아파트,171
사용,193
명,419
동,55
호,25
부탁,237
전염병,14
손,161
가능,105
보건,31
당국,28
주의경,1
격상,9
불안감,28
해소,10
안산시,36
단원구,1
청안,1
도시,35
공사,145
무방비,20
방치,46
대통령,11
안산시장,2
발언,10
역행,2
행정,92
병시,3
그,50
책임,52
공무원,101
단원,1
구청장,4
안산,5
사장,31
등교,137
자녀,8
초등,59
학교,428
가이드,3
정부,126
얘기,18
철저,23
선행,1
대처,51
괴리,1
방지,134
강화,24
검토,20
횡행,1
이때,43
저,162
부서,19
회식,18
최근,166
국민,213
위기,38
상황,508
년,98
월,293
오전,38
부근,14
한국,45
시간,302
포루,1
투,3
갈,1
공항,20
한국인,10
부부,3
검,5
색대,1
아시아인,1
이유로,2
보균자,12
취급,6
검색,6
동안,67
지원,23
담당,31
연맹,5
행사,141
때문,494
팀,9
대표자,3
해당,123
참석,39
평택시,3
진행,194
표시,16
일정,25
변경,18
성북,2
서울,75
요양,7
모친,1
입원,8
식사,65
수저,10
젓가락,1
포함,33
위생,87
신경,54
지참,4
걱정,160
시정,65
수,852
바이,1
세상,27
한데,2
다음,45
달,62
중고,12
체육,67
대회,73
당장,24
태권,1
제주,24
평화기,1
강행,55
하나,87
직업,6
프로,9
외,45
잠정,12
체육부,1
시기,184
자식,5
운동,202
선수,21
마음,56
염려,31
분,273
긴장감,1
미사,6
퀸,2
즈,1
파크,19
차,186
오피스텔,8
앞,184
보도,48
블럭,5
훼손,3
위,77
쓰레기,55
단투,2
보행,34
지자체,43
하남,2
이전,27
계도,11
뒤,39
정리,11
듯,68
지,20
달째,5
개,61
배설물,7
동네,58
여기저기,13
얼마,33
전,148
입구,44
설치,124
커텐,1
거실,1
쥐,8
걸,61
사이,47
시국,173
청결,16
환경,49
이분,9
필요,166
목줄,2
벌금,21
게,183
내용,68
소문,3
저희,137
서브웨이,8
근로자,36
계약,13
사항,82
노동,8
사업자,7
제공,23
사업장,12
안,105
외부,44
손님,60
폭언,8
폭행,5
질병,30
산업,15
재해,3
의무,44
대한민국,30
감염증,13
유행,33
중,363
소독,164
경고,21
수원,18
안양,5
자매,1
번,229
안양시,2
거주,46
잠복,3
곳곳,15
노출,106
의사소통,1
특성,32
주문,6
스터,1
마이,1
징,3
빵,6
야채,2
의사,18
제조,4
곳,302
특정,23
다수,62
불특정,4
비말,40
침,50
호흡기,13
눈,34
코,58
입,87
점막,3
전염,73
경우,111
자체,42
예방,218
가맹점,2
본사,5
감정,2
해,17
이유,65
가게,25
일지,3
매일,6
럽,1
보장,23
선택,9
누구,41
교육,125
본점,1
시행,75
손소,18
독제,18
배치,20
요구,69
기본,49
인간,9
실태,8
고발,19
내,247
유학,2
스포츠,11
시설,243
서경,5
포,1
렉스,1
의심,42
방역,355
교민,4
천안시,3
임시,20
반대,14
아산,10
신정,1
호수,12
경찰,48
재개,6
발원,2
근접,4
위치,74
신정호,2
주변,328
음식점,44
까페,6
밀집,52
주말,88
인원,53
수용,4
이미지,8
인적,3
광주,102
자매결연,1
무안,1
이송,3
명분,2
호구,1
무시,45
디시,1
인사이드,1
사이트,10
가짜,10
캡쳐,4
온라인,55
트위터,2
차별,2
혐오,4
무분별,11
공포감,3
조성,18
뿐,74
사태,217
난리,42
하루,102
대책,66
도착,9
즉시,1
검증,14
수입,6
전문가,10
김명배,2
도청,1
자료,8
투숙객,8
호텔,34
인,36
전화,75
생과,3
연결,9
심경순,2
주무관,3
통화,16
이름,12
정보,52
법,48
저촉,1
위급,3
동선,60
파악,26
질문,4
답변,80
측,82
이,189
전달,26
기만,3
신속,27
처리,133
미세먼지,23
공기,27
화두,1
일급,1
발암,2
물질,6
매연,4
독가스,1
실,34
확신,11
살인,2
행위,86
전기,7
계획,20
이해,66
학생,358
위협,104
안전신고,6
유감,6
군산,6
졸업식,2
대학교,70
개학,76
연락,41
이후,82
생활,146
이상,144
얼굴,14
안경,3
친구,29
숨,15
지장,24
활동,89
방해,22
나,101
단체,92
날,99
전점,1
대비,26
비상상황,3
압구정,3
초,41
봉은,1
삼릉초,1
학부모,36
휴교,7
이야길,1
중학교,15
가정,29
외출,39
자제,80
길,114
어딜,2
화장실,56
행신역,1
민원,161
마라톤,12
추진,13
최우선,7
국가,70
비상사태,12
시점,101
주최,14
전국,184
수원시,7
각종,32
유지,36
휴업,7
외식업,1
인지,23
영업,133
자발,8
영육,1
노인,71
외식,9
업체,82
돌잔치,12
환갑,1
잔치,3
육아,2
감,1
염시,1
자생력,1
초래,14
차례,15
모습,63
예약,16
권장,8
전남,16
마을금고,1
선거,13
투표,4
인산인해,2
질서,6
현수막,42
긴장,9
지금,79
규모,42
서면,9
평가,5
위원,4
사전,20
의문,34
의아,1
참가,11
공유,19
해결,58
시군,4
담장,3
실무,1
중심,4
구성,7
강제,27
건지,72
납득,4
환자,129
대구,98
사실,53
확인,194
일부,47
대학,22
도움,38
이곳,78
수십,33
수백,12
공공장소,6
수성구,1
청,23
관리,208
헛점,1
샘플,1
다중,32
이용,215
흡연,49
현재,36
대유행,9
사각지대,8
판단,41
개선,32
추세,23
수도,85
육박,3
시합,29
협회,9
공지,31
군요,3
서각,1
정기,9
총회,29
토,6
금일,12
선포,1
극복,29
협의,3
체,8
가동,15
수준,18
비재,2
세정제,6
자치,4
불감증,12
제기,28
인천시,4
연수구,6
현대,9
아울렛,2
어린이집,45
원조,1
연수,15
구,18
만,78
매장,31
나중,8
애기,19
구내,4
기준,19
제,123
자택,8
근처,50
걸로,56
길음,1
뉴타운,1
압,11
한살림,1
문,107
일대,9
뜻,7
광운,1
초등학교,3
성북구,3
보건소,32
접촉,96
사립,2
휴교령,2
확대,14
요즈음,10
악취,12
조심,117
위약금,9
보증,1
송도,7
안하무인,3
태도,15
요코하마,1
배,24
뷔페,14
장,125
엄마,11
터무니,1
속앓이,1
악덕,3
주의,21
해제,18
페이스북,3
글,89
증상,27
피부,7
질환,6
영상,20
동영상,16
게시,7
페이지,4
접수,30
커뮤니티,4
규정,15
위반,88
스크린,6
샷,4
첨부,43
허위,7
발표,13
가지,37
부암동,1
아트,2
코리아,5
화장품,1
사후,1
면세점,2
동물,3
실험,6
상관,11
간병인,3
면역력,15
일반,50
엘리베이터,7
서치,1
신림동,2
주,98
공임,1
임대,5
독재,2
실에,1
재구,1
묵묵부답,2
지하,42
주차장,48
액,1
폭시,1
작업,57
각동,1
양산시,3
재기,1
이학원,2
원장,20
이듭,9
홍보,34
애,28
부분,58
공연,34
알콜,9
정도,123
행동,63
지침,96
제한,33
무증상,30
에어로졸,4
차량,113
부제,6
여부,23
질의,5
환경부,6
문서,4
저감,1
공공,38
공용,25
운행,15
의료,43
감시,12
업무,69
수행,3
기관,65
기관장,2
적용,10
대상,29
제외,16
화망,1
파룬궁,1
소속,12
션,6
윈,5
예술단,1
코로나19,1223
속,239
동원,10
비판,2
신문고,16
줄,100
쇼핑,4
오프라인,15
소비자,2
가격,11
물건,19
노동자,10
일자리,15
대형,35
근무,65
유통,5
택배,8
회사,38
기업,18
노동력,1
여기,73
어디,57
가요,9
재래,1
시장,225
대부분,54
마당,31
이젠,4
대신,13
성행,4
재벌,1
극소수,1
물류,5
힘,24
능력,4
육체,3
설자리,1
점,67
고민,13
인간미,1
운전,13
자신,29
스마트폰,2
컴퓨터,4
사회,297
지휘,2
세력,2
영향,20
행복,13
바램,7
희망,12
재활용품,2
주택가,13
복판,4
이걸,3
중요,46
안건,1
계속,48
서식지,1
인터넷,19
신문,2
연일,12
요즘,86
비누,14
비취,2
해외,30
팬,14
관람,6
콘서트,22
청정,17
경로,16
국제,6
난린데,3
하합,1
민국,4
범죄,12
건가요,38
거동,1
이동,43
출동,10
재난,54
아침,84
노고,43
감사,174
대구경북,9
인접,5
왕래,11
창녕군,7
터,48
확보,25
구체,6
방법,48
예방책,2
실행,8
창녕,3
아프리카,3
티비,6
김세화,2
접촉자,20
송출,2
포항,2
거짓,5
후,160
사망자,2
노점,79
폐지,7
촉구,7
대중,9
스타쉽,4
일본,7
사인회,4
이것,28
복지,29
돈,31
우선시,5
불명예,2
존재,10
이현세,1
태니,1
보안관,4
마예,1
민생,1
특급,3
장관,10
표창,1
부상,2
시계,1
만물,1
끝,42
회,41
회원,50
기본법,1
일만,1
간접,3
학대,2
방사,1
회복,6
지사인,1
미경,1
제보,35
전철,3
밀폐,70
공간,145
광진,1
구청,80
기하급수,4
증가,49
비닐,2
비정규직,2
확진,74
지방,24
울산,6
감염자,63
가족,85
참여,23
여파,18
실습,14
현장,113
예정,29
대량,5
엉망,11
계산,6
센터,73
계양,1
분배,3
복무,4
요원,25
국방,1
몫,1
대학생,7
인파,10
거번,1
강의,88
불철주야,23
노력,68
여수,12
신천지,72
교회,173
화장동,1
무선,1
집회,59
횟수,3
신도,10
수차례,13
여수시,5
관내,11
청주,9
시온,2
모임,116
폐쇄,93
교주,1
이만희,1
형,7
청도,2
대남,3
장례식,1
진원지,2
임원,1
마찬가지,17
이단,1
어제,7
부산,53
교통,22
상부,2
지시,9
시험,130
박원순,5
결정,16
장애,12
자진,4
일반인,6
그때,21
소,18
외양간,9
식,37
휴관,14
검진,5
권유,7
음악회,1
카페,58
이게,65
바,75
경북,14
경남,5
양산,9
창궐,16
제재,26
공권력,1
제어,3
전광훈,1
구미,9
서생면,1
동영,1
타워,13
계단,27
교사,32
반면,10
선생,33
담당자,18
말씀,43
이용자,25
아동,15
문자,61
본인,108
신뢰,5
입장,72
기분,13
돌,4
영아,1
실질,5
현실,25
강구,2
봉화읍,1
봉화,3
고등학교,23
영주,1
교류,3
절반,3
가량,16
기숙사,41
정황,4
방향,22
논의,8
공부,18
저번,20
일요일,24
휴강,3
고용,17
노동부,15
정상,35
지원금,20
환불,19
겁니다,27
거주지,4
분포,1
오늘,30
휴강일,1
당부,7
공영,5
이틀,14
불법주차,37
단속,197
근원지,4
무리,13
교육열,1
방학,11
전교,1
자습,3
대전,67
광역,6
단위,10
자사,2
만큼,44
전역,3
성고,1
교직원,9
눈치,4
COVID19,17
무의식,9
호흡,18
공중,16
천배,4
나노,5
크기,12
재수,8
죽음,8
특징,7
소리,78
냄새,43
무의,1
카메라,25
대국민,7
백,16
소용,12
수칙,155
업,4
마이크,10
성능,3
휴대,14
손바닥,15
부위,4
상시,8
누적,6
전염원,5
담배,56
값,3
소량,4
용기,10
기,14
바퀴,6
립,6
출구,29
소스,1
특별,12
중단,39
작성,39
계약서,2
가중,5
기한,4
손해,6
최소,20
감행,6
부담,5
사망,7
두려움,16
느낌,7
기업체,2
행보,1
처음,22
여객선,2
항공기,2
안일,21
지경,8
화,33
학년,43
재학,20
분당,3
서울대,1
내원,2
천지,4
성남시,5
군데,21
밥,14
물,52
교육부,21
통학,26
교실,17
조,24
릴,1
밖,76
이겁니다,1
자기,33
아들,6
구민,11
쪽,69
메르스,5
업종,13
대구시,13
신호,27
실시,64
소독차,2
자,28
여행자,2
코르,1
조기,9
진단,10
예고,3
안내문,12
부착,13
시일,22
일과,2
수성,5
양성,9
통행권,1
수납,1
확률,9
실외,12
놀이시설,14
성인,10
관람자,3
방문자,21
귄,1
추가,27
인력,24
채용,8
신고인,1
공개,32
선의,1
피해자,10
서암,2
진입로,6
출근,51
유아,6
차지,5
하향,1
속도,16
인근,36
공장,6
트럭,7
리임,1
스쿨,12
존,14
야간,23
가로등,15
과속,14
턱,32
사고,66
선수촌,1
복귀,2
삼,24
공고,9
속초,5
여행,36
맛집,2
한성,3
칼국수,1
옆,83
테이블,29
종업원,14
식기,1
무언가,6
광경,1
해물,1
식당,77
장시간,13
편,17
음식물,13
정지,16
처분,13
점검,58
의,9
욕,5
러스,3
치읓,3
발음,4
티읕,3
파열음,2
침방울,10
토출,4
미터,19
형태,10
폐로,2
수초,2
이내,7
ㅈ,4
인식,20
뭡니까,5
바닥,19
차바퀴,2
건물,114
벽,8
포인트,2
경제,41
소비,9
실천,38
이제,7
현행,2
살인범,2
경주시장,1
낙영,1
부천,32
숙소,6
지령,5
클럽,40
운동부,4
제도,8
유성,4
확정,2
월요일,14
시청,96
점심,24
당신,7
철,4
밥통,1
정신머리,1
고생,238
인사,13
상권,12
인천,53
미추홀,2
국,1
정공,1
체육관,17
대관,2
농구,6
비상시국,4
작년,16
면,10
경주,6
맘,9
유포,6
예,7
워킹,1
전업주부,1
관심,21
범위,4
분란,1
대응,53
수고,83
일원,3
최대,9
자가격리,112
부안,2
군청,15
고의,3
큰일,8
관청,6
관리자,16
관계,110
근무자,10
방과,4
과정,16
강사,6
앱,12
개발,16
금요일,16
고요,2
수목원,1
충격,8
정원,4
판매점,1
구경,10
거기,35
판매,71
제품,29
설명,12
액체,1
롤러,1
관광객,16
뭍,4
손가락,2
텐데,48
내국,1
해운대역,1
국군,1
남녀노소,7
불문,3
예방수칙,11
출근길,1
경찰관,9
거부,17
보이즈,2
사,27
크래커,1
엔터,1
테,9
인먼,1
아이돌,4
동남아,6
등지,1
립니,2
원법,1
예배,76
방식,19
롯데,5
백화점,20
영등포,5
성동구,3
그것,27
보충,1
세금,12
충주,2
치과,3
심각,4
단계,40
체온,34
체크,119
원활,4
상담,14
데스크,7
누가,33
누군가,11
잘못,11
어르신,33
사업체,3
조사,40
어불성설,1
의견,24
기승,5
유저,1
방,42
유도,13
이벤트,5
갤러리,1
오픈,27
장소,87
지제,1
절,5
교인,20
유예,1
기간,68
향후,6
교단,5
이외,10
발견,7
통고,1
확증,1
기술,5
지도,36
중지,31
도원,2
동구,19
방어동,1
센타,9
국비,1
보조,2
실제,13
광역시,25
활개,2
요인,9
호미,2
가래,7
순,3
습,4
재고,3
건설,36
인부,24
현상,6
취약,47
불법체류,5
감독,19
외국,11
실정,37
시내,22
증대,3
지점,8
진정,19
경기도,22
주소,13
마지막,13
칸,4
발병,17
천,27
지교,1
명단,15
교도,2
온천,3
신자,3
검사,159
봉쇄,42
급증,19
십,21
평소,20
매진,5
수출,1
생산,1
공급,8
통제,29
예상,17
행사장,4
층,123
공연장,2
적극,22
안전신문고,25
오락실,6
도박,2
사진관,1
청소년,22
출입,86
수천만,1
수억,1
이보호,3
구역,26
니,6
해코지,2
유흥,16
여긴,11
공원,110
파출소,4
사건,13
입김,2
분출,3
압력,1
로졸,1
실내,55
회의실,6
스튜디오,6
강당,7
밀착,8
미착용,110
폭탄,1
극,3
초미립자,1
차후,2
출입문,7
노원,3
문의,20
감기,15
진료,12
되풀이,3
접촉도,1
전후,5
할머니,5
전도,1
공포,12
본분,1
몸살,14
만약,30
지인,17
한마디,4
송현,1
조금,10
열,61
인후통,1
생강차,2
배숙,2
등등,14
몸,19
기관지,3
효과,29
황상동,1
연수동,3
순간,14
등원,14
연수역,1
교원,3
트릴,1
기회,6
전염성,5
전통,3
장사,30
오후,53
제출,11
목욕탕,2
피신,5
비치,15
그간,6
진동,11
건너편,5
건축,21
사방,4
재,5
파괴,4
필리핀,1
클락,5
대한항공,1
웹투어,1
대우,5
확실시,1
항공권,2
창,5
항공사,2
여행사,3
여,3
전화기,1
장당,1
톡,2
의지,8
이거,20
저거,1
미만,3
금액,7
처지,1
현금,5
계좌,2
번호,18
이건,32
도둑,4
현명,4
응원,4
베트남,6
조롱,1
작업장,1
발생지,1
불편,70
라온,2
숙박업소,1
광안리,2
나름,2
직업훈련,1
운동장,30
쇠,12
의정부,13
직동,1
구장,11
곤제,1
치원,1
소병,1
합천,1
창원,2
공직자,4
대구역,1
지하철역,2
광장,7
무료,11
급식,14
티,3
브,3
지하철,12
구간,19
드론,1
활용,14
정찰,1
비누통,2
건대입구역,1
역,14
시내버스,6
상인,141
불쾌감,3
술집,16
만행,5
지양,8
산내,2
베드,2
민,6
족구,9
족,3
택시,27
음식,46
술,36
주차,91
트윗,1
자영업,19
자분,12
피해,232
속출,5
철거,78
소음,98
판넬,1
측정기,1
집안,11
지진,2
울림,2
정신,33
종일,19
상업,5
주거지,5
량,3
부당,7
차원,40
시골,5
종교,52
부적,1
무얼,1
제빵,2
겁,9
앙지,1
차단,46
출입국,9
무엇,16
출국,5
않,9
시진핑,2
방한,1
목표,1
출입구,5
역적,1
상역,1
착각,4
단대오거리역,1
저건,4
김해시,5
알림,1
자차,4
신세계백화점,3
김해,11
아르바이트,5
접마,1
원룸,5
기대,8
올,3
병동,6
어려움,21
석면,6
해체,4
해파,1
필터,6
이동식,1
읍,1
압기,1
보유,4
원생,3
준비,29
자격,5
와중,26
이원화,2
이론,2
인정,11
율,1
박주영,1
축구장,9
낮,23
코로나선,3
진료소,11
의논,1
혈관,1
도장,3
둘,9
런지,1
앞사람,2
기계,10
뒷사람,1
통보,14
취업,8
전환점,1
당황,2
결과,52
전라,1
충청도,2
자리,42
차서,1
결국,10
주사,3
토익,1
낭비,9
업소,35
버,4
젖,3
호전,2
그곳,15
동양인,1
시선,2
마인드,4
근로,3
약간,2
경보,1
최고,4
면접,3
컨벤션,2
줄서기,3
행렬,1
이마트,2
우체국,1
농협,4
대란,5
우정사업본부,1
고수,1
채,64
입주,13
예정자,2
불,13
뻔,15
테르,1
바움,1
폭리,3
판매자,1
관계자,26
재택근무,5
불가,21
장로교회,1
홈페이지,19
글자,2
북초,2
영재,2
오,20
웨이팡,1
합숙,5
훈련,2
스타,23
그램,10
입학식,2
집단,122
간염,7
고통,26
고문,3
유증상자,5
잠복기,10
마포구,4
성산,1
벽화,3
신천,2
기도,7
주행,7
촬영,18
단수,2
우선,11
시각,2
며칠,16
보안,9
경산,1
땜,30
지급,19
꼴,5
지정,24
배부,5
남문,1
영동,1
진명,1
주단,3
여자,16
요한,1
지파,1
그분,5
한라건설,1
새벽,18
남,15
귓속,2
체온계,4
병,12
테니스,3
남편,3
결론,6
평생,13
흥원,12
권,2
감지,5
공고문,2
일자,10
대체,11
과목,6
독려,8
반영,7
학점,7
행제,1
전면,7
병상,1
관력,1
부속,1
공사장,8
인도,57
가례,2
길가,4
소식,10
병실,6
호루라기,1
가레,1
축구,38
야외,26
분위기,10
당직실,1
우편,4
우편물,1
비일비재,1
실망,6
격무,1
여러분,21
일거리,4
기여,5
봉사,12
댓글,5
피드,1
언제,14
비앤비,2
플랫폼,1
공식,7
정식,6
합법,4
숙박,13
인가,1
시도,15
드,4
추정,9
맥주병,2
연합뉴스,1
차근호,1
기자,5
기장군,8
가구,6
지옥,1
효목,1
지난주,5
통장,1
오빠,1
달성군,3
배포,8
차이,3
배분,4
효목동,1
각자,2
복,9
무지,2
대로,5
천안,13
연가,5
식구,5
지역상,6
존립,4
관공서,2
편리,2
등기,1
서울시,25
지역민,1
치료제,5
이나,2
본부,9
일전,7
산,16
산속,2
웅덩이,1
생전,1
물체,1
동행,2
내요,8
기이,1
물속,1
하얀색,1
색,6
파충류,1
생물학,1
의뢰,3
멧돼지,3
짐,14
돌다리,1
일체,1
설,4
명회,4
민설,2
계시판,1
사업,12
공청회,2
종식,55
신중,1
감삼동,2
번지,16
배종열,2
진황,3
부자,1
국유지,8
적치,16
계고,1
도로,110
점유,11
횡포,4
방범,3
면도,1
이기심,21
과태료,16
부과,16
응급실,6
위하,1
분야,1
화요일,5
행인,10
호객,5
건가,8
주기,3
순찰,11
영통구,2
망포,2
소재,17
생명,19
샘,8
판정,21
법회,1
용인시,2
수지,2
허가,33
과,37
고기,4
동천,2
건축물,3
필요시,2
공정,2
헬,2
로마켓,1
마켓,5
평일,24
신청,22
제주도,9
설문,5
여성,25
문화,17
집합,63
처사,8
건의,15
감염원,6
제지,12
지랄,1
유의,7
호소,14
마카오,2
국적,6
소지자,3
출발,7
마카,1
오국,1
미화,1
달러,1
지불,8
자비,1
외교부,4
성서동,1
난니니,1
그룹,6
배관,9
후반,1
순식간,5
토론,3
뭔가,4
논란,3
경제난,2
추가경정예산,1
중소기업,3
상공,4
긴급,20
경영,1
안정,15
자금,3
억,12
올해,19
사상,3
전라북도,2
만경,1
소규모,13
오리,3
농가,1
올인,2
아웃,3
법안,3
통지,2
조류,4
독감,7
마리,5
도계,1
주간,14
휴지기,1
농림부,1
도,22
농장,2
적,31
양,6
친환경,1
미슐랭,1
셰,1
프레스토,1
체인점,1
납품,2
시작,53
품질,1
자부심,1
마케팅,3
박차,1
청천벽력,1
싯,2
도달,1
삶,5
거리,397
두기,244
실시간,2
일방,55
취지,9
문구,14
조장,9
하대동,1
유동,8
인구,13
정서,2
증폭,1
제일,1
청동,1
광교,5
세류,1
고색,1
호매실,1
탑동,2
가루,3
날림,2
덮개,2
물품,2
고정,4
재물,2
국민신문고,6
국토방위,1
병마,1
명령,39
지도자,7
안위,5
북한,4
핑계,17
사절,1
계고장,1
관할,18
날짜,8
녹화,3
처벌,41
도서관,18
학습,12
관,11
방침,18
하급자,1
여론,2
상급자,5
매점매석,1
판매처,2
전단지,10
창원시,2
성산구,1
가음동,1
꿈,3
퍼트,2
엘,3
리베이트,2
통로,13
바랄,1
게요,1
짜증,14
소모품,1
천억,1
예산,18
암,4
이자,2
증질,1
일상,21
제거,12
독성,2
약국,9
구입,9
에탄올,2
보급,3
제안,33
세월,1
김상일,1
행동수칙,7
번복,3
몰상식,6
극치,2
동시,15
혼란,19
왜곡,1
마디,4
약,11
천인공노,1
자행,7
정작,10
재앙,8
연속,8
반복,14
행정부,1
핵심,4
발본색원,1
일벌백계,1
청원,5
표현,8
개인위생,6
가리개,3
사무실,28
서점,2
일상생활,2
각질,1
손등,2
오염,12
본질,1
주머니,1
협력,3
비용,13
효율,8
권고문,2
대화,27
강령,2
변종,6
근원,1
목숨,3
배려,21
성형외과,1
짓,14
와의,2
싸움,2
주택,21
무단,15
바람,36
상가,36
쓰래,3
기장,4
청소,30
배출,6
담벼락,11
이야기,30
공채,1
지난해,4
타시,1
거주자,13
인원수,2
청구,10
즈음,4
성내천,1
송파구,8
초록,2
울타리,2
득,1
상,74
점명,2
에드,2
온,1
발송,9
상품,19
공시,1
지연,1
이익,93
온과,1
묵인,1
동조,1
제제,10
군,16
타이어,5
공기압,1
계기판,1
카센터,1
정비,12
휠,4
파손,15
교체,11
마모,1
퇴치,12
발원지,1
노점상,40
횡단,35
통행,30
주정차,44
우회전,4
저녁,67
일안,1
이겁니까,1
해시,2
마다,7
전주시,8
성주군,4
과로,2
휴게,2
수면,4
부여,9
비상시,2
복수,2
순환,5
시스템,13
혁신,7
전부,14
탓,8
화원,7
장날,4
딸,3
성악,1
레슨,10
잠식,4
서구,7
초과,3
서로,6
타인,10
최대한,11
스트레스,24
토요일,27
측정,21
비,7
가속,1
건조,1
심리,8
절약,1
다소,1
문성,2
전원,11
리더스,1
아래,27
기록,13
변명,4
실레,1
송,8
죄,2
문제지,2
머그,1
컵,9
콜,4
다리,11
전자,18
상황판,1
태풍,4
북상,2
주민하,1
천로,1
진입,19
가슴,4
솥뚜껑,1
청장,5
모,7
양성자,1
수천,5
통,20
치료,24
도민,8
뭔가요,5
방안,10
먹이통,1
박스,6
고양이,3
근거,6
음주운전,4
만일,3
롯데슈퍼,1
범서,2
금천구청역,1
안양천,3
처서,1
장난,4
달서구,3
이곡동,1
월요,1
현제,3
파이,2
장본,1
꺼,12
평택,4
다행,13
기운,3
자동차,12
지문,2
수강,7
신체,17
유일,5
중랑천,4
고향,2
친척,2
유,15
탑,12
마리나,3
기억,26
안심,12
커피,20
커피포트,1
티백,1
리조트,1
밑,11
프런트,1
지배인,1
피드백,1
청화,1
게시판,3
신호등,9
점멸,2
의미,12
횡단보도,16
위축,4
행정력,3
캡,1
개교,3
졸업,6
사우디아라비아,1
휴가,4
음성,26
비행기,4
사우디,3
곤란,4
공표,1
장단,1
답,9
외교,6
부측,1
때메,2
환화,1
모래,3
소주병,1
조각,4
보석,1
놀이,7
랍,4
보완,19
나위,1
철봉,1
자국,3
차선,9
좌회전,5
운전자,10
추돌,1
언급,5
안전봉,2
고속도,1
플라스틱,5
발전,6
퇴행,1
배수,5
겨울철,1
오염물,1
투자,4
언론,6
플레이,2
비난,3
현지,1
탑승,19
상상,5
휴일,7
완전,12
골목길,4
물금,1
영화관,6
태화강,1
자전거,31
강변,8
센트럴,8
하이츠,1
앞도,1
선바위,1
라이,1
딩,2
굴,1
하수,1
처리장,1
사이클,1
모양새,1
무게,4
인대,3
손상,4
골절,2
천만다행,2
당시,11
그날,13
도보,8
흡연실,7
근무지,4
원고,2
정신과,1
자질,1
언행,3
절차,11
어데로,1
삽,3
디,3
약사,4
지성,1
게이트볼,1
휴장,1
수상,2
박근혜,1
석방,1
주제,3
장산,2
교육비,2
공,18
은평구,2
오지랖,1
무전기,2
지식,3
컨설팅,1
남자,19
구단,3
스탭,2
리그,8
야구,8
개막,1
전망,1
청취,2
선수단,1
감소,7
사례,22
팬데,24
믹,28
쿠,1
구매,11
복사,2
고객,34
우롱,2
쿠팡,5
은평,3
서부,1
활체,1
육,7
재활,1
그쪽,2
잠재,3
건데,8
민간인,2
추후,8
신도림동,1
명칭,2
단어,1
세,17
강병원,1
밀접,24
국회의사당,1
검체,1
이력,4
배양,1
진흥,1
이득,2
카드,22
이체,1
대부,3
명함,3
풍년,2
특수,9
복구,4
개인전,1
보호구,1
외지인,5
강화대교,2
초지,1
대교,9
고령자,7
방진,5
노릇,1
수급,3
발발,2
이상황,2
사기,2
업자,9
힐,5
스테이트,3
중앙역,1
원래,5
예정일,2
일등,2
억제,2
역량,1
집중,12
현대건설,1
시공사,2
수분,4
양자,4
전가,3
은행,3
부동산,9
작업자,5
제발,8
구제,2
임,3
소수,8
중대,2
교문,3
전수,5
역학,9
노래방,46
당구장,7
룸,17
유해,8
나이,16
중학생,6
포켓볼,2
법규,6
편의점,17
허용,14
탈선,4
선도,3
북구,21
금호,3
교제,2
교,5
동일인,1
이쪽,7
내일,5
저쪽,3
행,2
잔,5
요일,4
문수,2
궁장,4
중구,4
누,3
안암,2
벅스,9
입주자,4
표동,1
대표,13
회장,8
해임,1
회의,24
입주민,29
방청,1
묵살,3
가관,4
우리나라,5
비오,1
의원,6
법흥,1
인도교,1
용상,1
좌측,3
우측,5
빗물,5
고임,2
상당,5
용상동,1
만세,2
다래,1
도로포장,1
보수,9
요망,7
도색,1
효능,2
반납,3
화서,1
블루밍,1
숲,4
태국,3
출장,9
화서동,1
홍익,3
직장,24
입니다,3
길바닥,1
안전장치,2
막,12
선별,8
양천구,10
상식,13
운영비,1
막무가내,7
지난번,8
줌,2
하남시,1
타,2
강서구,9
배달,23
안암동,1
완료,8
정확,26
팔,6
당,5
카운터,4
베이커리,1
진열대,3
봉곡동,2
은혜,4
심리치료,1
전생,1
단결성,1
와동,2
구성원,1
구로구,4
콜센터,10
정규직,1
그게,8
팁,1
시다,1
소똥,3
밭주인,1
말다툼,1
거름,1
밭,3
땅,6
창문,53
현기증,2
배송,4
서비스,15
최선,16
구로,5
분주,1
뭣,1
스스로,1
힙,1
청정제,1
방관,5
친족,1
수모,1
민족,1
음압,2
구급차,2
직면,1
동호인,9
강남구,9
니다,10
난국,2
공무,5
원분,5
화이팅,4
교통사고,7
어머니,10
동참,20
맹위,3
다이소,2
반자동,1
버튼,4
구조,10
클릭,1
자동,5
개폐식,1
설비,2
자동문,1
장갑,7
까지,6
양심,2
가책,1
박살,1
꼬라지,1
오바이트,1
지도층,1
치열,1
처절,1
습관,2
변기,1
핸드폰,12
마우스,2
키보드,2
개방,15
알기,1
자율,6
용허,1
나무,13
동사무소,2
주위,15
집사람,1
데미지,1
구상권,4
경찰청,5
종료,21
한시,5
조희연,1
교육감,1
반발,2
전제,2
개념,9
노,5
완산구,2
화산,3
냥,2
팝,1
개입,2
복도,10
세균,8
시흥시,6
정왕동,1
시흥,1
혼혈,1
치하,1
몰지각,4
물거품,3
정왕,2
체험,10
지병,5
환우,3
전위,1
영업장,12
즙,1
돈벌이,3
수단,6
수도권,3
다가,1
만전,3
고가,2
기기,5
과대,3
광고,17
현혹,2
탈루,2
남여,3
노소,1
소아,1
연관,3
지속,53
권역,1
중화산동,1
명문,1
횟집,1
신촌,7
함성,1
행정지도,1
계,9
실현,1
시책,1
우천,2
요소,27
찬송가,5
미연,3
철제,1
축조,1
전주,8
만류,1
일신,1
메디,2
세라,1
선물,1
고집,3
목적,14
블,5
수영장,12
캠페인,10
이윤,3
추구,55
치명,2
작용,1
최악,5
블루,2
경찰서,9
운운,1
피싱,3
사범,1
박멸,3
기원,8
조선,4
봉착,1
해결책,2
특허,18
허브,1
오류동,2
양지,1
펜스,4
아랑곳,4
저게,3
데시벨,1
날씨,27
골,1
요새,6
어딘지,1
사료,16
급속,4
솔선,1
고위험,17
둔화,1
수학,2
지트,1
반,31
간대,2
강의실,19
간격,24
행안,4
부,11
수주,2
학부,1
다자간,1
대면,39
전이,1
강요,13
부처,7
교무,1
희생자,1
폐건전지,1
형광,1
도구,2
양방향,2
금정,1
신데,1
미안,3
팻말,2
쇼,2
임대료,3
정상영,1
종이,7
제목,4
중년,2
남성,7
왼쪽,5
길목,2
사거리,12
모퉁이,13
오르막,1
화단,4
글로리아,1
수요일,8
주일,26
못,3
세뇌,1
비눗물,2
전용차,1
갑,14
끼어들기,4
듬,2
영업용,3
임산부,22
코로나도,1
양평군,2
양평,5
골프장,8
원천,4
우환,1
산책,33
등산객,3
장애인,2
등산,12
개월,37
치매,1
우울증,2
유발,14
개별,4
드림,2
포도원,1
홈피,2
엘레,8
베,8
이터,7
공통,1
강제성,2
성남,5
강력,4
조처,6
안점,2
완주군,3
그땐,1
정류장,21
정차,6
안전사고,12
사스,4
극단,5
손잡이,9
메뉴얼,12
다면,4
채택,3
다저,1
주인,15
뭘,7
소방법,1
딱지,2
고처,2
예외,23
저분,2
특혜,1
고충,4
책,11
북,3
드라이브,3
스루,1
도입,2
현관,1
도서,2
계층,5
소외,3
조리사,3
리원,2
정규,11
생계,6
급여,3
명목,2
둥,4
압두,3
요리,2
동작,5
영문,1
한글,2
단순,5
번역,1
실수,6
주재,1
위상,1
줄기,1
산책로,8
강원랜드,1
개장,8
규칙,9
별표,1
분기,1
해년,2
전환,9
노도,1
에로,1
전월,1
진전,2
소급,1
집체,2
허락,7
사무소,15
추첨,3
공영주,4
차장,4
정읍,17
우강,2
종합,10
일력,2
일용직,7
자자,1
소장,10
강달수,1
반장,4
김대원,2
파일,12
파이프,2
공설,1
고물상,2
집게,3
목격,38
행각,1
이탈,6
알코올,2
중독자,1
폭력,1
일용,1
주식회사,1
회피,4
조취,12
펌프,1
카,3
기술자,1
수도관,1
표지판,19
굴삭기,1
영화,13
기물,1
홰,1
음주,14
정읍시,2
예전,9
철근,1
용접,1
에쿠스,1
검정,2
블랙박스,2
남구,6
옥동,3
미,26
뤼,1
지면,1
초등학생,13
가방,5
영어,9
별,1
원이,1
협박,4
니자,1
단지,27
악화,2
픽업,2
위험부담,2
강조,8
소지,8
웅천,4
골드,1
클래스,2
테라스,32
야산,3
기초,3
초반,3
발파,1
비산,3
먼지,25
대책위,2
대립,1
한도,1
택지,1
신축,2
균열,2
누수,1
직접,9
보상,10
하소연,2
지구,10
국면,2
소홀,8
보광,1
투쟁,1
수년,2
천막,2
빌딩,14
배달원,1
저빌,1
어수선,4
개강,19
과도,1
장면,9
원료,2
분사,1
형식,13
분무기,2
인증,13
주소지,5
뷰,2
차도,10
양쪽,7
기구,18
테이프,3
애견,3
경매장,7
국무총리,5
대통,1
녕,1
하치,1
칠곡,2
경매,1
농민,1
수산,1
경황,2
아오,1
자연재해,2
유선,6
공문,12
일환,2
부나,1
보험,9
공단,7
재택,3
행정명령,10
성건동,2
메일,1
수조,1
서교동,1
삼거리,2
포차,9
상상마당,2
빠,4
노래,27
특이,2
야성,1
마포,1
젊은이,8
적자,1
아이파크,2
시티,11
충주시,2
분류,6
금지명령,7
지산동,1
평화,4
대저,1
세이브존,2
셋,5
익산,1
영신,1
병원균,2
방비,2
번방,7
텔레,3
고합,1
타계,1
미성년자,1
살,9
영,3
계정,3
위장,2
접근,2
신상,3
성,5
노예,1
작취,1
제작,4
가공,2
공략,1
음란물,4
나체,1
금전,2
벌,8
자위,1
생후,1
갓난아기,1
삽입,1
성적,3
판타지,1
성영,1
가해자,4
욕설,3
성희롱,1
플,6
탈퇴,2
추적,8
느,4
문제점,6
국회의원,4
분노,10
희생,21
막말,1
방송국,4
목소리,8
입학,2
감안,5
동서,4
독서실,10
총무,2
경각심,17
이용객,7
충이,1
스터디,9
전등,1
소등,1
자유,11
매체,1
놀림,1
혼자,7
오류,2
다솔,2
예정지,4
부지,6
어른,39
전선,3
직장인,6
모자,5
판,10
영리,2
이기,12
석계,1
광산,3
퇴근,17
잠,14
동료,11
수다,5
미착,7
승차,2
휴무,5
수거,3
헬스,76
열화상,3
태,2
역사,5
기차,3
잡담,4
경상남도,2
명곡,2
블레스,2
하늘,7
리,8
오이도,2
마비,3
활성,13
신규,12
모집,3
내부,23
안전거리,11
전시,5
엄,1
춤,8
볼일,1
출퇴근,11
송탄,7
출장소,1
유입,13
김포,5
국내선,3
환승,2
발열,66
보름,1
억기,1
익명,7
보로,2
용산구,8
비밀,2
명과,2
참조,4
트래픽,1
연계,5
별도,5
블로그,4
관심사,1
가운,7
바깥,9
세브,2
란스,2
목포,4
종사자,12
거리낌,2
스타벅,2
스카페,1
감염병,11
투기,9
장기간,5
사회재난,1
각,1
의료진,21
주방,12
홀,8
서빙,6
조리,12
당진시,1
각지,14
오일장,148
감연,1
보유자,2
입시,8
일수,3
학급,1
백신,5
여수로,1
매너,2
창인,1
소각,1
번호판,6
오토바이,19
단방,1
폐차,1
견인,1
이놈,1
발가락,1
이대로,4
유흥주,5
준수,21
유흥업소,8
프린터,2
뢰,1
종로,5
권영진,2
정세균,1
의자,8
어린아이,12
중앙,24
데크,1
수리,3
포만,1
매장이,2
백자동,1
아기,9
와이프,4
경기장,7
튀김,5
방문객,9
설탕,1
간장,1
척,5
불의,1
농구장,8
전북,6
소운,1
동장,1
동생,1
소요산,1
건국대,1
교수,28
보식,2
교수진,1
질것,1
노란색,1
동그라미,1
벚꽃,7
축제,8
대명사,1
진해,1
제정신,2
저부,1
영국,2
성년자,1
스허,1
운,4
급,2
식시,2
참관,2
배식,6
남짓,3
전파자,7
뻥,1
대문,2
학부형,1
우송,3
자격증,4
동차,1
종,3
면허,3
필기,3
현황,5
무증,17
상자,18
반응,3
교통공단,1
시험장,3
최종,2
필독,1
조정,6
실기,6
치사율,1
수성동,1
촌,1
팬터,1
부루,2
칼라,2
설계,1
시공,2
발짝,1
경기,28
공감,2
을,3
배차,3
손실,2
기강,1
승객,20
상반기,4
가스,5
하반기,1
동의,4
인프라,3
화재,15
누락,3
분할,1
와이드,2
스탠드,2
프랑스,1
유럽,5
고소동,1
인기,2
실동,1
명랑,1
핫도그,1
가래침,3
보성,1
기능사,1
상황실,2
불통,2
군북,1
복합,3
봉,9
막대기,1
화물차,4
콘테,2
이너,2
회전,1
동종,2
업계,1
출현,1
매출,7
타격,4
부사,1
점심때,3
철수,1
무의미,2
기게,1
작인,1
피,4
업게,1
당한,1
한창,8
합정역,1
위차,1
발레,3
땀,8
육안,1
부천시,7
원미,1
진달래,1
밴드,4
리더,1
억지,2
네이버,9
힐링,2
시설물,12
의정부역,1
선,12
지하상가,1
천변,4
동로,1
컵라면,1
분경,9
고등학생,9
별거,2
대박,1
콜로,1
배제,1
소월,1
아트홀,2
기존,14
편의,4
침산동,1
한솔,1
요양원,4
놀이터,17
배기구,2
배기,2
얘,1
판국,5
복불복,1
주장,2
잔부,1
옆집,1
공유지,1
큰개,1
개똥,2
이웃,10
엘지,2
장내,5
안전교육,4
미명,2
수정,7
오희,1
유출,4
당사,3
주체,2
소방,2
축소,6
거절,8
노동청,1
종결,4
폐지안,1
쌍용,1
수상스키,1
컨테이너,2
스키,1
래들,1
지구대,2
인전,1
삼성,6
헝가리,3
조건,6
외주,1
뒷전,2
가혹,1
종로구,3
대학로,1
후보,5
소개,3
음료,16
실망감,1
표,14
길시,1
게스트,1
하우스,17
련,3
파기,2
분진,6
터파,2
발바닥,1
시멘트,2
낙하,2
진주,1
시한폭탄,1
위선,1
댄스,14
배드민턴,29
토스,1
이태원,33
만석,7
웨이팅,1
좌석,7
레스토랑,2
안쪽,11
환,3
풍위,1
식품,10
창출,12
출원,4
학동,1
길거리,17
북내,1
금연,8
푼,3
울주군,2
시태,1
데이,1
사우,1
여니,1
사죄,1
과일,2
판매대,1
아버지,5
자원,5
부산시,6
사상구,1
백양대로,1
신화,1
빌라,14
벤치,12
비염,1
환기,57
조끼,1
심판,2
서장,1
주야,5
신호위,5
장구,1
위험천만,3
교외,2
빵집,6
대방,2
블랜드,1
정문,10
호등,1
차오,1
행단,3
승용차,2
깜박이,5
직진,5
차인,1
대갑,1
유모차,4
처이,1
신랑,5
고다,1
작동,9
센텀,7
베이,2
건너,1
다일,1
호건,1
기고,1
사러가,1
대담,1
출산,3
얌체,4
어린애,1
난폭,1
땐,5
욕해,1
화가,1
기미,1
미얀마,1
법체,2
류자,2
신분,4
파티,15
제고,2
아이디어,9
바디,1
녹스,1
필라테스,1
한남,1
위주,4
샵,8
보류,1
리버티,1
주세요,1
파주시,1
금촌동,1
고리,10
감리,2
캐나다,3
엄중,3
신고자,6
원자재,2
미국,8
이슈,6
미실,2
오산,4
정면,2
산천,3
교위,2
미흡,5
망태,1
모기,22
유충,4
날파리,1
역시,2
위쪽,1
선형,1
가로,2
하천,8
양옆,3
메디컬,2
날벌레,2
오산천,1
방제,4
극성,6
두통,4
파리,3
떼,5
출몰,3
병균,1
영양사,1
교장,2
교감,2
동석,1
아웅,2
대안,5
벨,1
아카데미,2
재신,1
고건,4
월급,2
하대원동,2
안나,2
노숙,6
오줌,2
기부금,1
연말,1
불우,1
성금,1
의혹,1
아크릴,2
텐트,4
우수,2
자재,4
팻,1
트,9
등하,7
교등,1
하원,4
보호구역,10
도지사,2
산외면,1
송경석,1
미행,4
산외,3
자가용,2
칠보,1
행량,4
도망,1
시골집,1
가난,1
밤중,2
수사,4
움직임,2
망,3
밤,43
휴대폰,7
해킹,5
알뜰,1
폰,2
한진,1
설정,3
공격자,1
비밀번호,1
메시지,4
신용,1
도용,3
초기,10
뒷집,3
목사,6
보복,3
한군데,1
청문,2
포위,1
시반경,1
반려,1
봄,8
만끽,1
고모,3
저수지,1
둘레,6
엊그제,1
둘레길,12
고모리,1
전등불,1
레저,1
북쪽,1
중간,6
감전,1
포천시,2
수시,2
교황청,1
성당,5
합동,3
고해성사,1
틀,2
집결,2
천주교,1
뿌리,1
자국민,3
엽기,1
포교,1
수법,1
밤낮,3
추모식,1
뮤지컬,3
앙상블,1
컨셉,1
프로그램,5
분수,2
규암,1
성결,1
일시,8
포항시,3
이동로,1
과외,2
교습,1
고강,5
습소,1
교습소,1
직격탄,2
하중도,2
꽃밭,1
하중,1
마을버스,2
혜,2
침범,3
보행자,13
권리,14
대상자,10
비교,4
단합,1
화합,1
탁상행정,5
주한,1
미군,1
물리,5
대외,1
수습,1
미래,3
통합,1
선거인,1
스피커,4
과다,6
음량,1
정치,1
유세,2
개금,1
변화,3
원두막,1
사각지붕,1
정자,6
바둑,1
안내판,1
주의사항,3
실사,1
터미널,8
오공,1
근린공원,2
엿,1
엉,1
고자,1
스위치,2
탄천,1
청년,7
준전시,1
낙성대,1
가스통,2
상습범,1
월세,4
대출,1
관악,2
구만,2
근절,4
여력,1
전처,1
태릉입구역,2
피트,4
니스,9
아레나,2
안지,3
웅,4
씨,22
대장,5
상암,1
프리즘,1
출연진,1
전방,2
전반,3
패,7
쇄,3
경관,2
코스트코,1
모란,1
어의,1
관련자,4
당근,2
유상운,5
듯이,8
운송업,2
토막,2
여의도,5
한국전력,1
한쪽,6
벗,1
꽃축제,1
옛날,4
저기,3
노원역,1
와우,2
은,1
지웅,3
은파,1
꽃놀이,2
미관,14
봉동읍,1
근방,2
봉동,6
읍장,2
극정,2
대대,2
테니스장,11
라이트,4
골목,27
재생,1
도로는,1
진척,2
왜관,1
신협,1
역전,2
덕수궁,4
검표,4
오랜만,3
바코드,1
아저씨,4
반말,9
공짜,3
상항,1
문화재청,1
주거,6
침입,3
누군지,3
공동,4
현관문,3
지난달,2
동쪽,2
희망자,1
금화,2
자연,3
휴양림,1
마로니에,1
진심,7
감만,2
선박,3
마무리,11
외출자,1
대전광역시,4
유성구,2
전민동,1
공신,1
제약,2
이권,3
약품,1
무능,2
제약사,1
푸르지오,4
결핍,1
재정,2
의료비,1
생활비,1
상품권,2
닌텐도,1
전날,4
밤새,3
우선권,1
번호표,1
그거,6
짓거리,4
마트라,1
동대문구,1
장안동,5
신흥,1
폐차장,1
장안,6
동부간선도로,1
전용길,1
저해,4
조짐,4
엄무,1
귀가,5
마련,14
대공원,1
연장,6
대개,1
일손,3
행선지,1
푯말,1
정돈,2
벨트,3
루프,1
머리,18
지붕,3
채플,2
기독교,3
정당,1
선관위,1
공익,6
침해,14
정파,1
산면,2
파산,2
면책,2
자학,1
파,2
책자,1
소상,2
공인,3
전농,1
답십리,1
창고,4
발리,4
연예인,2
가희,2
옷차림,2
귀국,5
이사,3
상기,6
더미,2
조한,1
불씨,2
연료,1
봄철,1
건조기,1
폴란드인,1
일탈,1
순응,1
국외,1
추방,1
식품위생,1
재료,3
닭,1
손질,2
언사,1
단기,3
체류,3
단속기,2
마사지,7
타임,3
세일,2
가본,1
대동,5
재개발,2
조합,21
대의원,4
뭐,23
벌레,20
온천천,1
광,5
오토,1
미션,1
대형차,1
구석,4
분과,2
무단이탈,9
연극,1
선언,2
소극장,3
오디션,2
통과,5
대본,2
리딩,1
분석,2
합격자,1
운집,3
동봉,1
증거,7
링크,4
언론사,2
투서,1
진술,1
법률,6
의거,4
지요,4
댄스파티,3
국회,2
내야,1
분도,2
챌린저,1
비닐장갑,1
장기,13
일간,1
성숙,3
긍정,1
자세,4
의료인,2
귀하,2
애로,1
조항,2
사무,3
벽보,1
난로,1
폭,8
그림,3
두류,3
성당못,3
햇살,4
오랫만,4
겸,5
먹이,3
유유자적,3
옥,4
아무,19
구명,3
한편,6
섬,4
댁,1
놈,1
로,4
메서,1
여깁니다,1
해남군,1
군민,6
공모전,1
부각,2
교훈,1
순경,1
패키지,2
네일,3
지통,2
보,1
사정,7
딜레이,1
시술,4
처신,2
인말,1
당일,3
속눈썹,1
문신,1
업장,4
사업주,3
약속,2
형사,3
고소,1
연락처,7
배우자,1
허은영,1
공백,1
화이트칼라,1
동등,1
검단,1
대성,1
베르,1
미계,1
약분,1
프래,1
까짓것,1
홍,3
여정,1
접수대,1
조회,13
역인,1
요금,1
정구청,1
점령,3
청차,1
동래,1
고함,2
강,5
럭,2
오천,1
고교,3
교시,15
아무것,4
영광,1
드럼,1
들노래,1
산로,3
대인,2
무모,2
도통,1
심장,3
대처방법,1
관공,1
서임,1
감수,5
투표장,1
해운대,3
주요,4
금성면,3
탑리역,1
상수도,2
안동,1
악영향,2
모녀,2
매원,1
초교,1
엘리,2
웨이,6
이동주,1
찌,4
행태,5
우범,2
온상지,2
런던,3
김충열,1
박영순,2
대금,2
정신병자,1
계약자,1
사기죄,1
페기,1
도합,1
월산,1
부영,1
중앙선,2
휀,4
스가,2
상주,5
정오,3
완주,1
지정석,1
거립니다,1
재채기,3
바보,4
코미디,2
결혼식장,2
간식,4
걸까요,16
담임,3
홍성인,1
장삿속,1
눈병,1
의류,1
절대,4
경고문,2
비웃,1
기리,1
식이,3
시야,3
야기,5
원인,11
켐,1
페인,1
일선,5
모범,14
포천,9
앞차,1
뒤차,1
티맵,1
비게,1
화면,2
터치,4
생성,1
수정구,1
쓰레기봉투,3
새끼,2
칼부림,1
시발,1
한가,1
역점,2
일회용,2
탁자,1
인삼,1
막걸리,4
한잔,2
시음,1
맛,2
물그릇,1
색도,1
흔적,4
온도,5
직간접,1
태조,1
야동,1
관리인,6
보행로,1
수변로,1
보육,8
신청자,2
번화가,1
강원,3
속초시,1
청대,1
산길,1
인명,5
일종,3
묘사,1
스콜,1
연명,3
향서,1
건강보험공단,1
광명,3
지사,1
그건,3
봉통,1
한림,4
개동,1
용와,2
인조잔디,4
머,4
피시방,13
차게,1
계산대,1
칠보산,1
주택지,1
증평군,3
좌구산,1
펜션,6
모니터링,5
경,5
귀,8
녹음,1
인상착의,2
어깨,4
장발,1
앞머리,1
가르마,1
스타일,1
라인,7
동일,8
제빙기,2
개포,1
체계,10
신거,2
연습,21
노부모,1
청담동,2
포크,2
레인,3
정신병,2
포기,5
안전모,12
복장,4
따윈,2
저들,2
엄벌,3
히,4
버스정류장,9
가건물,2
왕복,6
대로변,5
건널목,6
위화감,5
린,2
겉,4
후문,21
면회,10
산후조리원,2
마스터키,2
신생,2
아실,2
객차,1
코인,9
무인,5
먹거리,1
차주,3
주대,1
추천,2
대다수,12
사랑,10
샤워,10
도중,6
소관,5
범인,4
사명감,2
세무사,1
응시,2
법원,2
메,1
이혼,1
서류,5
장이,1
흡연자,12
학여울역,1
로비,3
전력,2
경재,2
박지연,2
직무,6
유기,9
고창군,1
부회장,3
최광희,1
무허가,3
고창,1
려,1
긴급회의,2
경쟁,1
카터,3
태화산,3
옹벽,4
사다리,6
직각,3
옹,4
벽면,4
비상근무,1
세야,1
부평,2
느지,1
한국노총,1
농성,1
예의,1
떼쟁이,1
빠름,1
텀,1
괴로움,1
빛,7
공공시설,8
사육,1
원주,2
기제,1
맞은편,4
컨디션,2
월광,1
수변,3
둑,1
그동안,9
무렵,3
발자취,1
등산로,5
돌뿌리,1
수십만,1
구독자,1
유튜브,1
크리에이터,1
여동생,1
자취,2
상무,1
감성,3
주점,22
장터,10
포지,1
금강,2
월드건설,2
단종,2
싱,2
폴,1
집단생활,1
구리시,1
유관,1
부실,1
기약,1
원격,3
도우미,12
동명,1
철판,3
뚜,1
앞전,4
수압,1
사업소,2
부전,3
전경,2
보림,2
극장,3
할매,2
국밥,3
빈대떡,2
주류,4
술판,4
부전역,1
콧물,2
훌,1
에스컬레이터,1
항체,2
군수,4
출마,2
총선,1
군정,1
진구,4
저소득층,3
쿠폰,1
화폐,1
청사,5
이바구,1
벌이,1
사각,3
지대,3
시절,4
신신,1
정육점,1
관통,1
폭주족,4
레이싱,1
범일,2
강아지,1
분무,1
중독,1
등판,1
구정,2
인내,1
해운,1
우동,1
미끼,1
고대,2
바늘,2
바이탈,1
휘트,5
렌,1
키,4
교도소,1
심사원,1
가온,1
페인트,3
예수교,1
장로회,1
개신교,1
천지인,1
다방면,1
요세,1
역할,3
탈지,1
투척,1
과학,9
음악,10
피닝,4
버스정류소,3
밤샘,1
설득,2
버너,1
이불,2
페지,1
기거,1
첨,1
판결,1
노량진,2
가,5
노원구,2
성서,1
학우,1
만남,4
과반수,4
재량,7
싱가포르,1
교전,2
계양구,2
가함,1
공공건물,2
관찰,2
해룡,1
사이버,14
학기,18
매뉴얼,3
분리,2
동아리,1
여학생,3
휴계실,1
잠실,2
환승객,1
통학생,7
셔틀버스,2
통계,1
비율,2
거짓말,1
내과,1
송우리,1
응방,1
증명,4
중화,1
동문,2
산악회,1
중랑구,3
양원역,1
사물,2
강시,2
허점,3
공강,1
승전,1
물론,13
질,4
학식,3
한정,2
여름,23
에어컨,19
구축,3
중간고사,4
과제물,1
등록금,3
원창동,2
신현,2
주유소,7
콘크리트,3
부스러기,1
레미콘,1
돌덩이,2
지형,2
공업,5
삼정,1
담배꽁초,3
잡초,2
위례,1
신안,1
인스,1
빌,2
휴먼,4
링,2
침체,7
게임,17
방문기,2
록지,2
문어,1
둔지,1
아름,1
탑교,1
판교,2
방면,6
교촌,1
치킨,1
꼬리,4
물기,2
선경,3
매송,1
너,8
시대,15
북천,1
알,3
천교,2
소형,2
트레일러,1
혼잡시,1
충북,3
청주시,7
내덕,1
농고,1
핀수영,1
투어,3
범람,2
베스트,3
김포시,3
꽃,3
출고,4
테슬라,3
오월,1
야구장,3
족발,1
상호,5
비전,1
연경,1
프라자,7
항의,9
트레이너,6
비아,1
하수구,5
비양,2
대합실,1
여행객,4
일차,1
공평,2
여행지,2
양호,2
매표소,3
매표,1
애초,6
천년호,1
도현,1
운항,1
이행,5
커피숍,7
이하,8
거진,1
용객,2
보문산,1
점주,1
승강장,4
수도세,1
면제,2
의향,1
사이비,2
공해,5
설교,2
위생모,2
고조,2
나사,2
어린이날,2
샌드,3
위지,2
롱,2
실장,3
카멜리아,2
밀라노,2
골프,18
림,6
동두천,1
모순,2
출력,1
관분,2
책상,9
직렬,1
원한,1
수험,2
직,3
악조건,1
부업,2
고장,2
불만,7
세한,2
테크,1
단주,1
향남읍,1
펜데,1
재산,6
용인,6
관평동,2
동화,1
셈,2
에일린,1
뜰,1
앞쪽,3
중부,1
소방서,5
갈퀴,2
풀,9
화초,1
구별,1
개체,1
제초,1
대원,4
포획,2
견,5
특허청,4
질청,1
찬우,1
유도부,2
반강,2
코치,5
너희,2
오창,1
각리,2
성안,2
노선,1
걸음걸이,1
농기계,1
선진국,1
후진국,1
옥구,1
운서동,1
내비,1
헌법,1
평등,1
폭염,1
중가,1
남악,5
세영,2
리첼,2
오룡,4
옥암동,3
중흥,2
오트,1
그란데,1
더테,1
라스,1
악초,1
오룡초,2
근화,1
리젠,1
시빌,1
학군,2
시아,1
펠리시티,1
엘가,1
크락,1
도로공사,2
분산,3
서행,2
후회,2
국내외,4
산정,2
상습,5
악질,1
포터,1
남원시,2
격벽,1
보호막,5
내면,1
조합장,2
려고,1
보디빌딩,2
수영복,1
참고,11
향간,1
징조,1
한화,1
오벨리스크,1
바깥출입,1
휴게소,3
지니,1
강풍,1
산불,3
인재,1
난무,1
실직자,1
구졸,1
국토,3
교통부,4
구리,3
윤서,1
객수,1
보이,1
평택역,2
성매매,11
집결지,1
속칭,1
쌈,1
순찰차,1
정체,2
급구,2
소방차,1
지체,1
이맘때,1
엔,2
타운,2
필,1
완화,5
복리,1
증진,1
진분,24
연휴,1
당직,1
잔디,3
금정구,2
함안,1
친정,1
찬거리,1
뇌,3
수술,2
흉,1
선종,1
절재,1
이모,2
그걸,6
대답,4
관여,2
트라이얼,1
성명,2
코너,12
아이스크림,1
남장,1
일행,4
태종,1
미스,2
초시,2
미온,1
장기전,1
채육,1
할인,3
송천동,1
지프,1
안골,1
휘트니,1
박선우,1
중반,1
시경,5
대전역,2
승합,1
승무,1
친절,5
침착,1
안인,1
노약,2
승시,3
착석,3
조깅,2
황금,4
회룡,2
매트,1
물놀,5
예매,1
시위대,1
시위,4
해산,1
술자리,2
기점,4
장곡동,1
생태,1
나들이,2
눈살,3
룰,6
실용화,1
성교,1
팔곡,1
주공,4
뒷길,2
곡초,2
외곽,1
직선,3
커브,2
급정거,1
안내자,1
수신호,1
수기,9
하려,1
양이,1
화분,1
농작물,1
똥,2
배설,1
기생충,1
덩치,1
소름,1
처치,2
흙,5
미용실,4
문방구,1
중성,2
진득,1
탁트인,2
트랙,4
인라인,7
머스탱,1
구서동,1
구서,1
맨투맨,1
통유리,1
문세,1
주력,1
흥덕구,1
오송읍,1
만수리,1
환호,1
통영,2
속인,3
굿,7
거리제,1
출연,3
퍼포먼스,1
현안,1
유념,2
양해,7
부합,1
불국사,1
아래쪽,1
정국,4
불법주정차,6
이법,1
꼬치,3
개당,1
타액,4
미생물,7
리코,1
박,13
균,3
헤리,1
페스,2
결핵균,1
어묵,1
측면,1
릴레,1
라식,1
건투,1
빕,1
파주,1
머스크,1
민원인,13
고개,1
신사동,1
칸타,1
잔적,1
아피프,1
해명,1
좌판,1
라도,1
속거리,5
합기도,2
코로나다,1
삼익,1
점장,1
위생법,3
전전,1
리자,7
이랑,1
펠리스,1
육하원칙,1
팰리스,1
보고,1
잇,5
연령,2
구비,1
현직,1
공릉동,1
세븐,2
적립,3
자판,1
서,3
올발,1
우주,6
테마,4
사천,1
점수,6
연연,1
미봉,1
사시,1
혼잡,6
루타,1
양천,12
향교,1
재단,4
장마,4
카네이션,1
범창,1
배달부,2
살판,2
자중,1
한계,7
치평,2
어젯밤,1
치평동,1
파장,1
역병,1
쪽지,1
웹,1
등록증,2
소재지,1
역삼,1
숫자,4
열람,1
구제제,1
의구심,2
승강기,5
강물,1
췌장암,1
해양,2
휴양,1
해상,1
케이블카,1
방사선,1
의상,1
옷,6
피부병,1
동안구,1
낙,6
베이스,1
상의,1
교거,1
조교,4
여사,1
다양,4
무용지물,3
대응책,3
미열,5
분후,1
난,3
가고,1
타지,4
몇몇,2
간호인,2
간호사,6
이일로,1
습기,1
쯤,4
상승,2
차단기,2
으,1
간호학,14
총장,2
기숙사생,5
외박,1
하교,11
의심증,1
교내,6
과장,4
스티커,6
입실,3
아이러니,2
앞뒤,1
뒷문,1
첫날,3
학,3
채팅,1
교함,1
박람회,1
폭발,3
동거,1
좌우,3
양광,1
발목,2
접,2
서지,1
탑승객,1
부축,1
운동화,1
이튿날,1
정형,2
파스,2
통증,1
무릎,1
정형외과,1
물리치료,2
제통,1
전시회,1
가수,4
방탄소년단,1
배관도,1
설계도,2
중수,2
저수조,1
탈출,1
외화,1
획득,1
생활안전,2
근래,6
해전,2
십니다,1
영암군,2
원광,1
인용,1
출석,6
해열제,3
복용,1
음료수,4
분명,1
목,5
월래,1
심사숙고,1
차질,3
목포시,1
삼호읍,1
통행로,13
재털이,1
눈쌀,1
닐,1
방독면,1
흙먼지,3
콜라,1
텍,2
매니아,1
겨,1
쓰레기장,2
사설,4
유용,7
앞니,1
상실,3
광동,1
야근,1
퇴근길,1
옥외,5
불화,3
사투,2
서곶로,1
공동체,1
무산,1
참담,1
규탄,1
국악,2
국립,4
토요,2
명품,1
한참,4
가장,1
누군가의,1
폴리,1
캠퍼스,1
피곤,2
별일,1
홍대,3
결제,4
신원,3
동반자,1
추궁,1
자문,1
랑시,1
대청,1
개천,2
날개,1
유리,2
선녀,2
나방,1
다사읍,2
이승철,1
헬스클럽,6
경악,5
런닝,3
머신,3
웨이트,1
따위,3
분통,3
미관상,4
고덕,2
반도체,1
틈,3
남일,1
덤,1
테미,1
출입금,2
하비,1
터널,1
불량,3
번식,1
거미줄,2
오물,1
도원동,1
대곡,1
바위,5
구조식,1
관장,6
지한,1
안일한,1
등한시,2
나이트클럽,1
송내,1
북부역,1
대명,1
크로스,4
핏,4
거츠,1
란,1
송내역,1
강원도,5
중앙동,1
잠원동,2
뉴코아,1
반원,2
아크,2
리버,3
신반포,1
구립,1
화질,1
서초,1
잇츠,1
금영,1
호서,1
전문,8
호관,1
교량,1
배수관,1
포스트,6
확,1
상당수,1
상점,2
고려인,1
관해,1
외국어,2
반사,3
반사경,3
신설,4
담,1
시찰,2
경험,4
야구팬,1
응급상황,3
충남,1
진행형,1
강릉,4
취미,4
노령,1
여념,1
예식장,8
결혼,3
태반,1
무마,1
향상,1
공가,2
이이,1
홍천,5
비발디,1
본의,1
질병관리본부,11
휴식,7
훗날,2
악의,1
차감,1
낯,3
해주,1
심사,5
심사관,1
밀,2
그린웨이,1
섭취,6
음용,3
양구군,20
개최,37
정중앙,1
양구,7
유소년,5
관중,1
초중,3
저학년,1
모텔,2
코칭,2
스텝,1
덕아웃,1
동반,7
상업시설,1
도모,3
모인,1
광부,2
중재,3
종고,3
선정,7
사이드,1
테러,1
유촌동,1
광역버스,2
옥련동,3
펑크,1
허접,1
끈,5
스판,1
다요,1
선학,2
외입,6
국자,7
대기소,1
안전망,3
골머리,1
개찰구,3
양정,7
흠,7
에프엠,1
고로,1
대포,1
권지섭,4
최영민,4
인양,1
거이,1
매국,1
밥집,1
노숙자,1
뭔지,1
유증,4
코앞,4
무법자,1
범칙금,1
내게,1
승인,7
조지,1
제출안,1
임의,3
본격,4
부재,1
소멸,2
인회,61
진단서,2
발급,4
본,2
속보,1
뉘앙스,1
형질,1
타입,2
괴질,1
건덕지,1
부정,2
일관,1
정,5
운지,1
불경기,4
칼,4
바닷속,1
구조물,1
모서리,2
이마,1
긴박,1
향,2
필름,1
피맛골,1
교자,1
닭고기,1
버섯전골,1
버섯,2
종류,3
양파,1
대접,5
김치,2
뚜껑,1
스텐,1
폐기물,8
자야,1
운작,1
매상,3
하이트,1
도기,1
미준,6
수후,1
일명,1
아가씨,3
엽장,1
엽,1
기념,4
간석오거리역,1
보관소,4
화이,1
전파력,2
지안,1
폭죽,4
금지령,3
뮤,1
빔,5
힙합,1
스테이지,1
디제이,2
덴,4
관고,1
닭발,2
부산역,3
특구,2
창촌,2
통닭,2
판다,1
아주머니,5
총각,1
퇴출,1
징계,3
바래,1
비축,2
용품,3
혈세,3
전쟁,2
적국,2
지탄,1
매국노,1
잰,1
총탄,1
자산,4
사퇴,1
송충이,4
치내,1
잎,2
초토,1
영진,3
펜,3
시회,2
기말고사,12
학사,7
기행,1
기말,2
포착,1
개업,1
테이크,1
가까이,5
그루,2
고정못,1
모집인,3
격주,14
교로,4
입사,1
퇴소,1
한자,1
전국구,2
교통비,1
피로,2
하락,2
입소,5
야자,1
모교,1
편안,3
잉,1
간증,1
보편,2
스포츠센터,1
시중,1
내재,1
겨울,3
본론,3
각고,1
광야,1
인라인스케이트,1
별천지,3
화성시,2
토지,1
용산,4
출시,1
남양주,2
확장,5
상행,1
하행,1
학로,8
차로,1
완,1
봉초,2
땡볕,2
녹색,5
햇볕,3
깃발,1
무장,1
챙,1
물통,2
배정,3
더위,4
백중,1
성복,1
목재,1
빌리지,1
치,1
선풍기,7
홍보물,2
기흥구,4
서브,2
마린,2
안함,1
보리암,2
구획,2
양주,2
땅파기,2
나날,2
분재,1
베란다,3
비제이,1
김,1
제나,1
포장,5
실의,1
렌트,1
한우,1
전문점,1
방명록,4
셀프,2
지혜,2
등굣길,1
봉사자,1
도쿄,3
올림픽,3
성황리,3
용지,2
성가,1
직결,1
출입자,11
체열,1
접대부,3
업주,8
우울,7
살림살이,1
전라남도,2
잡,2
노무자,1
시립,1
대수,1
중순,3
대세,1
스케이트,1
보드,2
동호회,15
푸드,3
코트,1
걸레,1
곤지,2
지상,3
덩어리,1
주유,2
체형,1
피부색,1
결여,1
어처구니,3
들,3
빋,1
소모임,11
등온,1
의도,2
뭘까요,1
저곳,1
미술,1
전시관,1
구매자,1
탁송,1
조언,1
명부,27
플리,1
리틀,1
야구단,2
점거,1
야영,3
답사,1
유치,1
유치원생,2
엉덩이,1
사래,1
엽소,1
리라,1
지목,3
실상,2
형평,4
원칙,8
미발,1
괴현상,1
듀,1
타과,2
교양,1
매,3
커버,1
해수,1
역장,1
킹,3
플래카드,3
남천,1
합계,1
영구,2
이메일,1
회신,3
국제공항,3
민감,1
매미,1
애벌레,3
매미나방,3
방영,2
몰,2
모모스,2
마찰,2
동양,2
신세계,5
봉변,2
워크,6
유연근,1
무제,1
덕양구,3
증,5
심,3
운전기사,2
감축,2
평,6
관철,5
단부,4
목수,4
걸이,2
덤프,2
갇,2
신호수,6
장비,11
현자,2
계서,2
주지,3
계성,4
각성,2
수개월,3
성업,4
일산동,1
조선족,3
잣대,1
해충,7
개척,1
덕분,2
부평구,1
실갱이,1
정구,1
장운동,1
설로,1
동성로,1
성행위,1
부스,2
무빙,1
조명,8
레이,1
져,1
스모그,1
불법행위,1
잠두봉,1
미끄럼틀,1
난간,2
투명판,1
잠시,2
콧바람,1
큰아이,1
알바로,1
발부,3
남부,3
드메,1
소시민,1
리모,1
델,1
텃밭,1
무관용,1
법칙,1
금,5
한뜻,1
천불,1
금주,1
모양,1
수당,2
특강,1
수료,2
취성,1
진행자,3
캠핑장,5
캠핑,1
가무,2
개수대,1
영종,4
웨스트,4
클라우드,2
버터플라이,4
호실,2
원상,2
형성,2
기부,10
체납,7
기피,2
마구잡이,3
박해승,2
기본소득,2
본청,3
대민,3
창구,4
박승해,1
중동,1
안중,1
이동하,1
푸,2
실과,1
갈등,2
채납,2
권진,1
활어차,3
프로토콜,3
아이이,1
릉,2
직산,1
막심,1
팬더,1
한강,5
르네,1
쌍,1
성과,4
옥상,4
노후,1
실외기,1
나마,4
골든,4
튤립,1
비상계단,1
방출,1
심야,4
하루살이,2
깔따구,1
불빛,1
경향,2
위안,2
굉음,1
화도읍,1
곰팡이,5
불허,2
목요일,3
부활,1
불안전,1
믈,1
제천,1
잔해,2
탈의실,1
대형선,1
풍기,1
원위치,1
도심,1
연못,5
원당,1
접근성,1
빨간색,1
진드기,1
병행,3
태랑,1
혼잡도,1
대두,1
말똥,1
형틀,2
거푸집,2
안전벨트,2
안전관,2
시스,2
탬,2
삽지,2
자본,2
자본주의,2
선부동,1
서명,3
증빙,1
청직,2
직업인,1
허무,1
승무원,1
보문사,1
물레방아,1
총력,4
비속어,1
산적,1
태안해안,1
청포,1
해수욕장,7
현시점,1
교생,2
청량,1
정산,1
장치,1
닝,1
나이트,1
총괄,2
단,2
출처,2
공주,1
요식,1
고양,1
좌석버스,1
감영,4
잠실대교,1
남단,1
취,5
왈가불가,1
가전제품,2
ㄴ,2
우역,1
퇴거,1
주황색,2
공터,1
홀짝,1
시남,1
말싸움,1
몸싸움,1
축구공,1
앞치마,12
금자,1
샹,1
저녁때,1
라시,1
공직,1
혹파리,1
교중,1
중장비,1
단장,3
술병,2
취사,8
정문위,2
잡음,2
탁구장,20
기와,2
산인,2
선례,3
롯데마트,2
입점,2
아메리칸,1
응대,6
묵동,1
중축,9
참사,1
축,1
기계실,1
축물,1
연상,1
기획,2
홍미,1
아산시,1
석수,1
뫼,1
탁구,9
방배,3
동자,1
이경남,1
준,1
큰소리,3
공도,1
몰탈,1
기망,1
난금,1
배상,1
노량진로,2
노들,4
이격,1
안방,2
사생활,6
건축법,1
가림막,7
최초,5
투명,4
동작구,4
상위,4
대광,1
거치대,1
납땜,1
플루,1
성군,1
탑리,3
구행,1
주최자,1
산세,3
초대,2
경인,3
과제,2
여대,3
여의도역,1
포장마차,6
코드,23
영업시간,1
금번,2
체육회,3
가파,2
주말농장,1
뜸,1
주가,2
시간표,6
학과,6
주먹구구식,1
직업소개소,1
채취,1
미니스,1
바퀴벌레,2
골치,1
영역,3
변,4
여가,3
선용,2
이기주의,1
푸대,1
고깃집,1
종이컵,1
순천,2
소견,2
발행,1
모로,1
소녀,1
화장,1
향수,1
오피,1
백주,1
대낮,2
공론,1
갱년기,1
에어,7
콘,5
해머,1
미상,2
군인,1
수립,5
침묵,1
전철역,1
입자,1
천식,2
갠,1
관지,1
자판기,1
매개체,5
식수,1
수질,1
천하태평,1
련관,1
존중,1
옥션,1
흉물,2
닭갈비,1
가위,1
본보기,1
버드,3
먹자골목,1
후안무치,1
련지,1
지적,2
실업자,1
일본인,1
경주시,2
아차,1
국고,1
마니,2
군포,4
의왕,2
수치,1
대여,5
주안,1
동부,1
센트,3
체조,9
아,1
사안,3
상생,98
대여점,1
제의,1
포스터,3
잎사귀,1
생계비,2
민원실,3
불친절,2
내라,2
이따위,2
토박이,1
관점,1
방충망,1
부성,1
원흥동,1
구산역,1
코오롱,3
모델,8
경품,2
목록,5
미작,2
노년층,4
객,2
폭주,2
난치성,1
소화전,4
황색,1
대꾸,2
청교,1
제사상,1
짜장면,2
트로트,7
노래자랑,1
무속,1
파라솔,1
박수,4
역역,1
망자,1
위로,3
관광버스,1
순회공연,1
야회,1
무언지,1
장식,1
타이머,1
명성,2
부산대교,1
정거장,6
판매량,2
카테고리,2
거래,2
제시,4
보정,1
군포시,1
슬로건,1
광정,1
퇴계,1
나뭇가지,2
거정,1
먼저,1
항균,2
이소아,2
앤,2
진망,2
입증,5
만족,1
체력,3
숨소리,1
노심초사,3
공황,1
한계점,1
시험대,1
실험동물,1
요번,2
금토,2
비밀리,2
예배일,1
동해,1
독해,1
작문,1
정진웅,2
세종,5
서대전,1
으로,1
합리,2
불참,3
연면적,1
증축,2
위법,4
인터뷰,1
요행,1
능소화,1
발상,3
선동,1
교차로,2
한국어,1
수명,1
문경,1
산위,1
제니스,1
세대수,1
세대원,1
물놀이,4
수경,2
적다,1
물놀이터,2
여지,2
가시,2
발상지,1
낙인,1
눈앞,2
아바니,2
안자,2
제주시,5
씨티,2
잠입,2
방송사,3
쇼크,2
속리,2
삼가,1
연회장,1
광교산,1
산객,2
계단참,1
종신,1
맞벌이,1
퇴장,1
받침,1
합심,3
이동경,2
종착지,1
불감,1
레일,1
랜덤,1
당첨,1
관곡,1
미니,2
몇일,2
에티켓,1
개인주의,1
허태정,1
호소문,1
이중고,1
대림산업,1
독,1
안주,1
남산,1
동우회,1
고양시,3
동산동,1
창릉,1
길옆,1
예초,3
대전관,1
복자,1
태만,3
방조,4
아리수,1
장하,1
세분,2
장탄,1
다비치,1
바게트,1
신호기,3
주시,1
교통량,2
이용중,2
조카,1
걸음,2
휠체어,1
전동기,1
법동,3
다단계,3
의료기,2
참석자,13
기재,1
증가세,57
노조,55
유착,31
산모,1
산부인과,1
반경,2
가주,1
차고,1
서울숲,1
체환,1
엄단,1
트렉,1
볼링장,1
악몽,1
중고생,1
대여료,1
환지,1
실패,1
시골길,1
종시,1
살충,2
안천,1
고춧가루,4
그릇,5
얼룩,4
접시,1
설거지,3
리치,4
슬기,1
마두동,1
키즈,2
개소,2
세삼,1
계몽,1
방울,1
인포,1
휴지통,1
수건,2
구름,4
용강,2
마포아트센터,2
덤프트럭,6
승합차,2
넓이,2
이어폰,1
크레인,1
기능,2
광주시,4
시유지,2
통감,3
양수,2
수내,1
한식,4
부페,7
요출,1
장충,2
장운영,1
계절,4
시동,3
저층,1
기음,2
흉기,3
부정행위,2
단행,1
효도,2
권선동,1
내의,1
서호,1
팔달,1
인도주의,1
침례교회,2
치부,5
안주머니,1
비상구,3
사물함,4
회색,2
벽돌,1
민폐,2
삭제,7
잔소리,1
상투,1
노이로제,1
스팸,1
맨손,1
내외,2
물병,2
정수기,2
냉장고,1
보관,2
결혼식,3
수통,1
워,3
추락,2
사업가,1
연천,1
전망대,3
항,1
강화군,1
중증,1
유난,3
역류,1
환기구,1
댐퍼,1
후드,2
금이빨,2
관리법,1
소극,1
실추,1
가분,1
치안,2
현동,2
우산,5
토사,4
유실,2
예보,1
우면산,1
산사태,1
상금,2
주전,1
윤리,1
밤잠,3
스톱,1
레포츠,2
벌금형,11
징역,5
무기,2
하동,1
구슬땀,1
총리,3
기름,1
옥련,2
사지,4
사멸,7
최장,2
명소,2
밤바다,1
해변,4
이순신,3
부두,3
돌산,1
러시아,1
각국,1
입항,1
적재,1
수척,1
정박,1
체액,2
여서,1
상반,1
초상권,1
신월,2
시영,7
윤효,1
자씨,1
신발,1
처방,1
어께,1
구실,1
광범위,3
송림,1
조합원,29
손발,1
양치,3
거즈,1
콧속,1
세척,2
의학,1
문손잡이,1
수저통,4
서랍,1
예방법,2
쉼터,8
시물,4
방대,2
잭,2
자석,2
데어,2
ㅅ,4
시제,2
댓,2
롤,2
경상북도,1
의성군,1
제로,1
허리,2
의성,1
고군,1
분투,1
작태,2
강동구,2
둔촌동,4
재건축,9
동의서,6
징구,5
일당,3
성과급,2
킥복싱,2
마스트,2
간호조무사,1
열도,1
문진,3
표도,1
철도,11
온천장역,1
동래역,1
역무원,2
문화예술,1
진흥회,1
요제,1
풍남문,1
오륙,2
스카이,2
고압,5
전형,1
풍광,1
인물사진,1
조차,2
혼,2
선양,1
김민주,3
위반자,1
걸리,1
행세,1
혐의,1
튜버,1
맥락,1
구로디지털단지역,1
직전,1
석천,1
안마,2
맥주,1
자만,1
왕,6
제자리,1
주취,1
광주광역시,17
금탑,2
철물,2
용산동,2
화정동,2
여객,1
이수,1
ㅂ,2
륵,2
현행범,1
채포,1
이중삼,1
인허가,1
술손,1
당연,1
합창단,1
오케스트라,1
성가대,2
세종시,2
실인,1
컴,1
내부자,1
제보자,1
집부,1
안전도,1
고지,3
주심,1
고군분투,1
강동,1
단군,1
가비,3
결의,1
가가호호,2
악착,1
혈안,1
국무,1
짝,2
방임,1
방역망,1
호별,1
토록,1
양간,1
고치,1
수포,1
이은수,1
수행평가,2
합류,3
강압,3
화개,1
볼링,1
불교,1
한동안,2
검자,1
핫,1
유성온천역,1
저상버스,1
관평,1
송강,1
가득,2
하지,1
방호,2
복착,1
확지,1
회수,1
광흥창역,1
갯,1
삼진,1
요불,1
유턴,1
효,1
승,2
중마,1
지소,1
최적,1
챙피,1
브라인,1
대변,1
불평,1
나올,1
혹한,1
포항제철,1
고,9
내년,1
사용료,6
십시일반,1
집행부,1
야구부,1
겨냥,1
공휴일,2
후속,1
소변,1
직급,2
판명,1
구분,4
상사,1
사용자,3
블루투스,1
스캐닝,1
직관,2
드레,3
모형항공기,1
장려,1
부여군,3
유수지,2
즐거움,1
근교,1
판촉,1
결재,6
패이,2
점원,1
단말기,1
조제,2
사찰,1
약수터,1
바가지,1
회진,1
김연자,1
급속도,2
면역,3
장점,1
역이용,1
순차,2
영양,1
공격,3
장년층,1
가을,1
보존,1
사상자,1
집계,1
추측,1
하,5
기보,1
라디오,1
화물,1
성의,2
간호,1
사복,1
무더위,3
스탠드업,1
드링크,1
미장원,1
공덕,1
동효,1
창목,1
소공원,1
늦,1
소란,2
앞집,1
효창,1
산구,1
공덕동,1
여건,1
자정,3
경증,1
조선업,1
거제,1
조선소,1
병원선,5
발주,3
선제,1
공기업,1
한전,2
전압,1
하청,1
허탈감,1
특단,1
파라,1
마운트,1
카카오톡,1
차간,1
나기,1
대비책,1
요함,1
미원,1
바베큐,1
이레,1
원지,1
탈,3
부산광역시,3
농업기술센터,6
성분,6
소독약,5
미디어,3
톱,3
pw,3
중등학교,1
예수,6
곡소리,2
유니,1
웰,1
단식,1
지사장,2
동거인,1
숙식,1
본과,1
성모병원,3
재설,1
세입자,1
심신,2
대처법,1
피톤치드,1
연구,2
인류,2
리스트,5
아짐,1
동기,1
장례,1
조문,1
접대,2
알리,1
산림,1
민간,1
대지,1
본관,3
기겁,2
비명,1
조퇴,1
노래기,9
정유,1
생선,1
남공,1
종목,1
생략,1
환급,5
달성,1
지방세,1
압류,2
납부,5
연습장,4
타석,3
락스,1
다량,1
일괄,1
짝수,1
유로,1
패널,1
막지,1
진짜,1
한숨,1
상회,1
오기,1
전용,2
코코,1
설사,1
지실,1
규,1
치약,1
이태,1
원역,1
벼룩시장,1
초긴장,1
수십조,1
포자,1
무작위,2
기타,9
불능,1
살장,1
피자,1
햄버거,1
인스턴트,1
식중독,3
사우나,2
수령,2
타이틀,1
이동형,1
수능,1
혜택,1
반년,1
불황,1
고난,1
시련,1
입력,1
증지,1
참,5
보호자,6
배재,1
화상,1
수인,1
급진,2
시발점,1
핑,1
구두,1
용자,2
노약자,23
솔선수범,1
에너지,2
절감,1
슬리퍼,1
무더기,1
임시방편,1
최선책,1
소방본부,2
주관,2
고속,1
시외버스,1
모바일,1
플로,1
사하구,1
구평동,1
스틸,1
사하이,1
투통,1
부룩,1
화학,1
규명,1
왕성,1
보통,4
알바,1
매니큐어,1
인조,1
손톱,1
희석,1
시작점,1
당구,2
인언,1
이웃집,1
왕십리역,2
물비누,4
청하,1
메리,1
사원,1
취식,3
환풍기,5
방파,1
면연,1
개판,1
고성방가,2
세실,1
버케,1
살맛,2
기하,2
급수,2
초월,2
죽곡,1
애양,1
사유지,3
하이파이브,1
필기구,1
다님,1
공포심,1
토킹,1
근본,1
로구,1
꽁초,3
직군,1
지부,1
충청,1
호남,1
언어,3
활사,1
도변,1
투숙,1
강릉시,1
연당,1
당우,1
양양,1
서피,2
서핑,2
기복,1
분위,1
만연,1
선고,3
백만,1
일곡,11
진자,1
인생,9
각화동,1
성림,1
원주시,1
치악,1
다관,1
시체,1
소유물,1
재탕,1
콘센트,1
아크리,1
교복,1
수선,1
토일,2
관악구,3
믿음,2
대소변,1
흐름,1
간청,1
걸요,1
령,1
방심,2
엉망진창,4
경수,1
민락,1
동변,1
전적,1
헨스,1
정지명령,1
유명,2
유투,1
채널,1
칠월,2
케이,1
슈퍼,2
매치,1
한식당,1
그늘막,3
전세기,1
자책감,1
먼바다,1
우럭,1
출조,1
브레이크,1
부안군,1
산발,2
고령,4
취하,4
테스트,6
돋보기,1
기술학,1
전공,1
라리아,4
지카,4
뎅기열,4
흡혈,2
메커니즘,1
논문,1
염두,2
홀리,1
스피릿,1
관람객,2
체통,1
가로수,2
젼,1
의정부동,1
설마,1
신곡,1
항목,3
녀석,1
수사대,1
예배당,1
아심,1
각서,1
청수,1
수수방관,1
후위,1
반시,2
제요,1
가미스,1
찜,2
동성애자,1
모니터,2
포커,3
카지노,2
파이널,1
나인,1
라스베가스,1
참가자,2
박장,1
교환,3
코엑스,2
라빌,2
웨딩,2
민가,1
주중,2
이날,1
노지,1
공회전,1
복음,1
비젼,1
불시,10
오래,1
정권,1
불신,2
달리기,2
반찬,3
인습,1
응급,1
애요,1
악수,2
포옹,2
극도,2
구호,4
헌팅,6
스퀘어,2
별관,2
양치질,2
매점,4
서영,18
에,1
마사,1
지타이,1
채류,2
종사,4
암암리,2
장항선,1
옹심,1
한샘,1
정육,1
축산물,2
판매원,1
핸드,1
드라이어,1
경복,7
증언,2
쉬쉬,1
북부,1
감독관,2
간과,1
오보,1
바탕,1
분말,2
일거양득,1
고시,1
소원,1
남발,3
스프,1
무화,1
고서,1
딸아이,2
풍경,3
참관인,1
동승,1
껀,1
서영대,9
광림,1
수도원,1
에스더,1
구원,1
성회,1
종교인,1
찬양,2
영업자,1
여럿,4
학습지,1
강제집행,1
외지,2
소유,8
뷔,1
삼모,1
프라임,2
대용량,1
운암동,3
동천동,1
레이스,1
형국,2
담사,1
우회,1
유명무실,1
프론트,1
체육복,2
아시,4
아드,4
반출,6
반팔,2
반바지,2
신경질,4
내피,4
시커,2
멋,2
사무직,2
빗자루,2
코팅,2
범죄자,2
취조,2
쌍욕,2
방지책,1
매스컴,1
중개사,1
천만,4
드립,1
요식업,1
초량,1
안내소,2
김영환,1
매춘,2
자랑,4
연세,4
구직,1
얼마간,1
부인,1
주의보,1
구속,1
웃장,1
들문,1
폐,1
예방방법,1
자초,1
저지,2
시외,1
일사병,1
군대,1
횡,1
대리,1
공화국,1
에이스,1
평촌,1
스토리,1
미지급,1
부원동,2
타이,4
고용자,2
가락,5
송파,4
박물관,2
전무,1
핼,1
수반,1
경의,1
온욕,2
성실,2
신약,1
소집,1
동대문,1
통운,4
순회,1
돌고래,2
모요,1
화투,2
교행,1
대보,6
코주부,1
정림동,1
점포,3
만두,1
돕니다,1
토버,1
호프집,1
집기,5
래원,1
유종호,2
운도,2
얌,1
김밥,2
스마일,1
꽈배기,1
후니,1
도림천,1
사단,2
법인,7
게시물,2
와룡,2
사수동,2
다이어트,3
예신,2
전신,3
관리사,1
둔갑,2
계산법,1
큰돈,1
체인,1
간섭,1
음막,2
인성,1
자카르타,2
홍명식,1
서초동,1
신동아,1
안목,1
경포,1
해변가,1
어이,3
도가락,1
오랫동안,1
재원,1
다목,3
수익,3
분비,3
에스,2
영등포구,5
장소라,1
텐데요,3
호원,3
객간,2
바다,1
주상,1
절리,1
군사,2
기지,2
조형물,1
북원,1
터리,1
동상,2
미취학,1
여름철,4
성수기,1
관광단,1
지에,1
동탄,1
책임자,2
영태,1
통일로,2
부락,1
통일,2
로변,1
영태리,1
진출,1
문산,1
수련,2
구국,1
자가,3
마,6
시크,1
가평,2
산휴,1
수련장,1
축구단,1
허탈,1
정은경,1
문체,2
사희,1
무로,1
재제,1
카트,3
매개,1
논현동,4
럭키,1
체육공원,2
질레,1
김영,2
편입,2
플러스,1
월화,1
수금,1
예술,2
촬영기,1
안짝,1
앙재,1
난안,1
세부,1
에서,1
고척,1
가보세요,1
공공재,1
고온,1
교통안전공단,1
신탄진,2
검사소,1
어필,1
고학년,3
누굴,4
욕심,3
부지기수,1
강곡,1
민용식,1
신입,2
생존,2
희생양,1
식장,1
봉투,1
혼신,2
해안,2
종강,4
황용경,1
함박,1
러시아어,1
뒷모습,1
빅,1
지녁,1
검역소,1
용무,3
충당,1
중임,3
반야월,1
엔지니어링,1
워크숍,2
고사,1
연쇄,1
유초,3
룹,2
텐테,2
양군,1
이관,1
요경,1
춘자,1
토끼,1
재학생,1
태성,2
신관,2
천장,3
콩,1
음악실,1
부가세,1
랭,1
분반,1
반당,1
강황,1
소담동,1
접속,1
일부분,1
캠,1
폐인,1
한구석,1
남사면,1
남사,2
면장,2
칭찬,1
부임,1
전입,1
온지,1
야박,1
동넨데,1
애길,1
인천대,4
아라뱃길,4
목요,1
찬성표,1
스난,1
세계인,2
해외여행,1
국익,1
뒷자리,3
인걸,1
포레,2
남측,2
사당,1
경사,1
구획선,1
결손,1
수제,1
가람,3
조직,2
각각,1
예람,1
비드,1
연구소,1
닷컴,1
부서장,1
하나님,1
이만저만,1
금요,1
기도회,2
스케이트장,1
양일,1
신호동,1
송정,1
문경읍,1
대치동,1
코원,1
구내식당,1
방어,1
사내,1
장도,1
가락동,1
외과,1
치료실,1
커튼,1
천정,4
임발,1
산하,2
전라도,3
사대부,1
정현철,1
경고장,1
기편,1
월주,1
차비,1
이기자,1
파장동,1
삼복더위,1
방호복,2
험,1
사감,2
부주의,1
기말시험,1
최저,2
청량리역,1
파렴치,1
쉘,2
수착,1
여름날,1
열수,1
과태,1
세미나,1
암묵,1
사생,1
동요,2
동아,1
청솔,1
내지,1
돌담,1
내문,2
프리미어,1
예식,1
광천동,1
각화,1
아델리,1
움,1
경계,1
고성,2
인물,1
바깥쪽,1
성전,1
간판,1
유리병,1
테이핑,1
북치,1
성도,2
식탁,1
투입,1
계룡,3
일문,1
임도,1
고갯마루,1
빈도,1
이정표,2
스,2
포월,2
프리,2
계약금,4
약관,1
여유,1
미지불,1
불찰,1
고지문,1
최하점,1
식당가,1
윗분,1
비자,1
당혹,1
메세지,1
할아버지,2
승기천,1
동막,2
춘교,1
보안등,2
표기,2
밀실,1
광판,1
축적,1
발광,1
성질,2
정전,1
센서,1
어둠,1
상대방,1
무단출입,1
저치,1
영종도,1
을왕,1
강경,1
긋,1
탠,2
턱걸이,2
해택,2
목동,2
원형,1
소파,1
쇼파,1
가치,1
용도,2
면적,1
야생고양이,1
진해구,1
농업,1
축산,2
끝판,2
프로젝터,2
볼,4
프로젝트,2
상영,6
추,2
재발,3
서대문,3
산동,1
웨일,1
급식소,1
시그,1
키친,1
삿대,1
입건,1
서의,1
신분증,1
대조,1
적발,1
고스톱,1
잡단,1
강습,1
창작,2
교육자,1
지역구,1
교육장,2
화학물질,3
안전원,1
무감각,1
원거리,1
부론,1
샌가,1
지하도,1
기찻길,2
이길로,1
암웨이,1
잡풀,1
높이,1
리뷰,1
진압,1
캐치볼,1
위원장,1
진성,2
슬라브,2
살균,6
휘,2
통신,8
닥,2
래트,2
농림,1
농촌,1
흥청,1
민간단체,1
사다,1
위크,1
스펜서,2
타령,1
정정,1
국판,1
뉴딜,1
련만,1
목도,2
지주,1
신진대사,1
방뇨,1
대현,2
관입,1
영상물,1
대현동,1
실체,1
한눈,1
요거,1
절미,1
직위,1
청와대,1
엄습,1
나머지,1
광산구,2
민주,1
노총,1
계명,1
세운버스,1
달서,1
대곡역,1
진천역,1
월배,2
아마추어,1
집합체,1
원동력,1
저걸,1
나지,3
유무,1
연합,1
정요한,1
주도,2
확성기,1
위배,2
추어탕,2
약봉지,1
감기약,1
의문점,1
가입,5
보험료,2
재입국,2
경과,2
보조금,1
여월동,1
제노,1
피크,1
내역,1
매니저,1
구리역,1
휴가철,2
후유증,2
기반,1
성공,1
방재,1
선전,2
호선,1
역명,1
보라매,1
난민,1
합석,1
옆자리,1
편법,3
수발,4
간병,1
접촉면,1
내수,1
울주,1
온양,1
찬송,2
골프공,1
자수,1
봉고,1
교대,1
서귀포,1
주인집,2
집서,2
구일역,2
수요,3
소아과,1
합창,1
세병,1
덕진구,1
보령시,4
친정집,1
보령,1
백관,1
소실,1
생리,1
혈,1
곰팡,1
취사도구,1
가열,1
과자,1
단언,1
통지서,1
야영장,1
동백,1
윗선,1
완벽,1
검출,1
대전시,1
경영자,1
안성면,1
수락,1
계선,1
오롯,2
왕숙천,1
유료,1
수레,1
등록제,1
용의,1
양곡,1
균수,2
살균제,1
왜,2
미팅,2
무성의,2
변형,1
견해,1
강천,1
여주,1
꼬깔,1
나대,1
손우,1
불발,1
이바지,1
석,6
전국서,1
장담,2
트롯,3
휴지,1
환장,1
악용,3
비리,2
인천광역시,2
적임자,1
지원자,1
위원회,3
정실,2
진정서,1
결번,1
중산,1
내기,1
경명,1
응시자,1
탈락,1
장서,1
공문서,1
위조,1
직권,3
남용,3
학년도,1
제조업,1
중심가,1
둔산동,1
멈,1
신창동,1
만덕,1
노상,1
독립,1
안철수,1
배진교,1
정의당,1
원내대표,1
내빈,1
회관,2
생중,1
망치,1
쇳소리,1
다모,1
토리,1
조은,1
면대,1
주저,1
연단,2
신장,1
필착,1
게첩,1
하력,1
작정,1
신명동,1
성토,3
사토장,1
부구,1
화체,1
육과,1
지지부진,1
원성,1
또래,1
호기심,2
동과,1
대덕구,2
플랜,2
방판,1
쏘,1
개정안,1
전자파,2
돌발성,1
난청,1
전정,1
신경염,1
수일,1
칩거,1
통신사,1
무효화,1
기둥,6
흰색,3
케이블,9
관로,6
시트,3
용적,3
층높이,3
낭,3
허당,3
조립식,6
호천,3
플레,4
폼,3
동내,3
작두,6
언덕,3
브리핑,2
예능,1
요차,1
발대식,1
문평동,1
문평,3
어리,1
명찰,1
서강,1
시용,1
주부,1
찜질방,4
광진구,1
휴게실,3
도림동,1
논현,1
고잔동,1
부패,1
거머,1
리식,1
거머리,1
학살,1
산업체,1
온열,1
질식사,1
저것,1
정치인,1
의무화,1
ㄱ,1
큐,2
시즌,1
밀도,1
관리원,1
황,1
오시리,2
우정,1
셰르,1
사잇길,1
실비,1
원비,1
일방통행,1
아반떼,1
촉,1
입대,1
접견,1
복지부,1
동운,1
동월,1
곡동,1
신가,1
신창,1
광주광역시장,1
고손,1
술잔,1
키스,1
뻘,1
문지,1
존경,1
존엄성,1
규약,1
일천,1
사점,1
나우,1
진,1
일쑤,1
쉬,1
회유,1
경범죄,1
하규,2
병결,6
인하,4
생인,2
두석,1
매하,1
인명부,1
기록부,2
양측,1
팝콘,1
명륜역,1
원차,1
막내딸,1
초가,1
교차,1
자다,1
원산지,1
수돗물,2
생수,1
참인,1
천시,1
성호,1
하수도,1
저장,1
갈현,1
광신,4
차량운행,2
식물,1
군산시,1
영장,1
게이트,4
수인선,2
강북구,1
도봉,1
지하층,1
구찌,1
무가,1
무도,1
권한,1
탈법,1
테마파크,8
아진,2
운수,1
하차,1
상담원,1
프리다이빙,1
독서,2
밤늦,2
잡화점,1
화투판,1
잔허,1
집해,1
나주시,1
산화,2
등기소,2
평상시,1
도봉구,1
챔피온,1
입출고,1
코웨이,1
코밑,1
턱밑,1
사용량,1
전기세,1
한보라,1
작성자,1
닉네임,1
열심,1
남동,1
인더스파크,1
전송,2
감시관,3
파견,3
발뺌,1
진통,1
남동구,1
여사장,1
검문,3
사행,1
낚시인,1
검색창,1
지여,1
실버,1
그릴,1
녹지,1
상존,1
감시망,1
사조,1
참치,1
암점,1
임내,1
청진,1
막창,1
구이,2
소고기,1
폐수,1
세면대,1
다방,4
마약,3
퇴폐,1
인형,1
기린,1
카레,1
이싱,1
아빠,1
급브레이크,2
급가속,1
탐지,1
멱살,1
치아,1
증인,1
해공,1
갈단,1
전과자,1
평균,1
애월,1
비바람,1
금불,1
대림동,1
동포,2
돈내기,1
마장,3
미용사,2
미용,1
대림역,1
성경,3
바깥세상,1
제자,1
숙지,6
신,6
제게,2
최고형,2
상향,2
재직,2
당초,2
사과,2
업데이트,2
그라인더,1
성찬,1
서원,2
직대,1
문도,1
곰달래로,2
화곡,6
간접흡연,2
다산,2
생일,2
축하,2
일회,2
복대,1
매직,1
스타덤,1
에덴,1
장부,1
신시가지,1
동호,2
주야간,1
탕,1
나이층,2
쇠망치,1
미약,1
쳘,2
위생복,10
맥도날드,4
소사,2
벌점,2
공용화,2
장실,2
용이동,2
뒷골목,2
노로바이러스,2
포도상,2
구균,2
화성,2
봉산,6
나무뿌리,2
협상,1
내리막길,2
잡목,4
평탄,2
이면지,1
힐튼,1
락,2
운동복,1
프레스,1
타이밍,1
가장동,1
원자,2
청장년,1
영위,1
메가,1
밸리,1
변한후,1
포럼,1
해법,2
잠금장치,1
피로감,1
초입,1
뺑,1
온상,1
감지기,1
기차역,1
은계,1
원평,1
가배,2
공상,2
원평동,1
장악,1
풍구,1
고층,1
모험,2
미스터,2
풋볼,1
은근,1
스컴,1
삼산동,1
평창,1
서쪽,1
통행인,1
강철,1
교오,1
상행위,1
이용업,1
반박,1
광분,1
후진,1
선원,1
외고,2
독립운동,1
상처,1
능동,1
자국인,1
게재,1
유흥가,2
무,1
유흥업,1
통이,1
배수로,1
하인,1
서정리,1
서정,1
리천,1
비상벨,1
아줌마,1
미확인,1
밥그릇,1
열람실,2
계시,1
녹,1
지과,1
오실,1
가좌동,1
무개,1
나려,1
도룡,1
일동,1
홍천군,1
늦장,1
장래,1
포트,1
포장도로,1
문화관광부,2
침투,1
성신,1
입장권,1
험이,1
도시리,1
관객,1
서민,1
금융,1
러닝,1
크루,1
지하실,1
평방,1
아내,1
샤,1
브로드웨이,1
객석,1
이면,1
로상,1
진로,1
조속,1
우즈,2
벡,2
예일,2
적응,2
대상포진,1
장마철,1
두산,1
건설업,1
차집,1
빙자,1
노골,1
역체,1
불법성,2
매매,2
증미,1
칠,1
봉자,1
부엉이,1
일곱,1
컨트롤,1
심정,1
