SPG,http://www.spg.co.kr/,http://youngtech.dothome.co.kr/?p=198,파나소닉 서보모터 ,산업 자동화 장비용 모터,{제조} 기술 기반의 {기업} ? {기계} 분야에서 {부품} 형태로 {Offline} ? {제조/공급} 합니다
KOWORKWITHUS,http://kowork.co.kr,http://kowork.co.kr,코워크 ,외국인 구인구직 추천 매칭 플랫폼,{소셜네트워크} 기술 기반의 {기업} ? {채용} 분야에서 {웹사이트} 형태로 {Online} ? {중개} 합니다
KR8OS,https://golucidity.com/,https://golucidity.com/,루시디티 ,블록체인 기술을 활용한 광고 데이터 분석 플랫폼,{블록체인} 기술 기반의 {광고마케팅} ? {마케팅분석} 분야에서 {웹사이트} 형태로 {Online} ? {지원} 합니다
Kreditdata,http://kreditdata.com/,https://itunes.apple.com/kr/app/kredit-job-%ED%81%AC%EB%A0%88%EB%94%A7%EC%9E%A1-%EA%B5%AD%EB%AF%BC%EC%97%B0%EA%B8%88%EA%B8%B0%EB%B0%98-%EC%97%B0%EB%B4%89%EC%A0%95%EB%B3%B4/id1147528573?mt=8,크레딧잡 ,기업 평균 연봉 정보 서비스,{빅데이터/분석} 기술 기반의 {기업} ? {채용} 분야에서 {모바일앱} 형태로 {Online} ? {연구/분석} 합니다
Kreditdata,http://kreditdata.com/,,,,
KRGGROUP,http://www.krggroup.co.kr,http://mubang.co.kr,무방 ,보증금 없이 원룸 구할 수 있는 임차인보증서비스,{검색} 기술 기반의 {부동산} ? {원룸/빌라} 분야에서 {웹사이트} 형태로 {O2O} ? {중개} 합니다
KRGGROUP,http://www.krggroup.co.kr,,,,
KROSSPICTURES,http://www.krosspictures.com/,,영화/드라마 제작 ,영화/드라마 제작,{이미지/영상제작} 기술 기반의 {콘텐츠} ? {영화/드라마} 분야에서 {콘텐츠} 형태로 {Offline} ? {제조/공급} 합니다
KryptosBiotechnologies,https://www.kryptosbio.com/,,유전체 분석 장비 ,단일세포 유전체 분석 장비,{연구개발} 기술 기반의 {바이오/의료} ? {데이터분석} 분야에서 {하드웨어} 형태로 {Offline} ? {제조/공급} 합니다
KSnPick,http://www.myonepick.com/,http://www.myonepick.com/,원픽 ,연예인 지망생과 제작사를 연결하는 캐스팅플랫폼,{검색} 기술 기반의 {엔터테인먼트} ? {연예인} 분야에서 {웹사이트} 형태로 {Online} ? {중개} 합니다
KSnPick,http://www.myonepick.com/,,,,
KSTMobility,http://www.macaront.com/,https://itunes.apple.com/kr/app/%EB%A7%88%EC%B9%B4%EB%A1%B1%ED%83%9D%EC%8B%9C-%EB%8B%AC%EC%BD%A4%ED%95%9C-%EC%9D%B4%EB%8F%99%EC%9D%98-%EC%8B%9C%EC%9E%91/id1457803958?mt=8&ign-mpt=uo%3D4,마카롱택시 ,혁신형 택시 브랜드 마카롱택시,{빅데이터/분석} 기술 기반의 {자동차} ? {택시/카풀} 분야에서 {모바일앱} 형태로 {O2O} ? {중개} 합니다
KSTMobility,http://www.macaront.com/,,,,
Kukudocs,http://www.kukudocs.com/main/,http://www.kukudocs.com/main/,쿠쿠닥스 ,웹 클라우드 오피스 서비스,{클라우드} 기술 기반의 {기업} ? {문서} 분야에서 {웹사이트} 형태로 {Online} ? {지원} 합니다
Kukudocs,http://www.kukudocs.com/main/,,,,
Kurvv,https://kurvv.ai/,https://kurvv.ai/,커브 ,개발자가 아니여도 쓸 수 있는 머신 러닝 서비스 ,{인공지능} 기술 기반의 {기업} ? {기술지원} 분야에서 {웹사이트} 형태로 {Online} ? {구독/멤버십} 합니다
Kweather,http://www.kweather.co.kr/main/main.html,https://itunes.apple.com/kr/app/%EC%BC%80%EC%9D%B4%EC%9B%A8%EB%8D%94-%EB%82%A0%EC%94%A8/id372326740?mt=8,케이웨더 ,날씨 앱,{클라우드} 기술 기반의 {생활} ? {기상정보} 분야에서 {모바일앱} 형태로 {Online} ? {지원} 합니다
Kweather,http://www.kweather.co.kr/main/main.html,,,,
Lablup,http://www.lablup.com/,https://www.codeonweb.com/,코드온웹 ,온라인 코딩교육 플랫폼,{클라우드} 기술 기반의 {교육} ? {프로그램개발} 분야에서 {웹사이트} 형태로 {Online} ? {지원} 합니다
Lablup,http://www.lablup.com/,,,,
LabSD,,,휴대형 안저카메라 ,저소득국가 안질환 진단용 휴대형 안저카메라,{사물인터넷/센서} 기술 기반의 {바이오/의료} ? {안과} 분야에서 {하드웨어} 형태로 {Offline} ? {지원} 합니다
LabSD,,,,,
LabSpinner,http://www.labspinner.com,www.labspinner.com,100% 자동화 엑소좀 분리기기 ,렙온어칩을 활용한 순도 높은 엑소좀의 효율적인 분리기술을 바탕으로 액체생검을 위한 100% 자동 엑소좀 분리기기,{연구개발} 기술 기반의 {바이오/의료} ? {연구/실험} 분야에서 {하드웨어} 형태로 {Offline} ? {제조/공급} 합니다
Laftel,http://www.laftel.net/,https://itunes.apple.com/kr/app/%EB%9D%BC%ED%94%84%ED%85%94-%EC%95%A0%EB%8B%88-%EC%8A%A4%ED%8A%B8%EB%A6%AC%EB%B0%8D-%EC%95%A0%EB%8B%88%EB%A9%94%EC%9D%B4%EC%85%98-%EC%B6%94%EC%B2%9C/id1169440095?mt=8,라프텔 ,웹툰/만화/애니 전문 개인화 추천 앱,{이미지/영상처리} 기술 기반의 {콘텐츠} ? {애니메이션/웹툰} 분야에서 {모바일앱} 형태로 {Offline} ? {추천} 합니다
Laftel,http://www.laftel.net/,,,,
Lambda256,https://www.luniverse.io/,https://www.luniverse.io/,루니버스 ,DApp 개발·운영을 위한 블록체인 토탈 솔루션,{블록체인} 기술 기반의 {블록체인} ? {기술지원} 분야에서 {API/SDK} 형태로 {Online} ? {지원} 합니다
Lambda256,https://www.luniverse.io/,,밀크 ,블록체인기반 여행·여가분야 마일리지 포인트 서비스,{블록체인} 기술 기반의 {여행} ? {쿠폰/멤버십} 분야에서 {API/SDK} 형태로 {Online} ? {지원} 합니다
Lambda256,https://www.luniverse.io/,,,,
Langdy,https://langdy.net,https://langdy.net,랭디 ,인플루언서 컨텐츠 독점 온라인 1:1 외국어 학습 서비스,{음악/영상스트리밍} 기술 기반의 {교육} ? {외국어교육} 분야에서 {웹사이트} 형태로 {Online} ? {지원} 합니다
Laonbud,http://www.laonbud.com/,,라온에이드 ,누구나 쉽게 딥러닝을 활용할 수 있는 서비스,{인공지능} 기술 기반의 {기업} ? {기술지원} 분야에서 {API/SDK} 형태로 {Online} ? {지원} 합니다
Laonbud,http://www.laonbud.com/,,,,
LASEInnovation,http://laseinnovation.com/,,초미세 레이저입자 ,레이저 입자 기술 기반 나노-마이크론 크기의 차세대 발광 입자 개발,{광학} 기술 기반의 {바이오/의료} ? {연구/실험} 분야에서 {하드웨어} 형태로 {Offline} ? {제조/공급} 합니다
LATESTK,https://www.latestk.com,https://kineps.io,키냅스 ,셀러들을 위한 해외 상품 DB 스크래핑 기반 상품 소싱/관리 솔루션,{검색} 기술 기반의 {패션} ? {해외쇼핑} 분야에서 {웹사이트} 형태로 {Online} ? {지원} 합니다
LATESTK,https://www.latestk.com,,,,
launchpack,http://launchpack.co.kr/,http://launchpack.co.kr/,런치팩 ,개발자 없이 웹/앱 플랫폼 서비스를 만들 수 있는 솔루션,{클라우드} 기술 기반의 {기업} ? {프로그램개발} 분야에서 {웹사이트} 형태로 {Online} ? {지원} 합니다
launchpack,http://launchpack.co.kr/,,,,
LBASE,http://www.l-base.co.kr/,,CAGE 타깃 신약 ,항암제 내성 극복을 위한 CAGE 타깃 신약,{연구개발} 기술 기반의 {바이오/의료} ? {약품/약물} 분야에서 {상품} 형태로 {Offline} ? {제조/공급} 합니다
LBASE,http://www.l-base.co.kr/,,,,
LEADCORP,https://www.leadcorp.co.kr/,https://www.leadcorp.co.kr/product/home,자금대출 ,자금대출,{금융} ? {대부업} 분야에서 {상품} 형태로 {Online} ? {대여} 합니다
LEADCORP,https://www.leadcorp.co.kr/,,,,
LEARNINGSPOONS,https://learningspoons.com,https://learningspoons.com,러닝스푼즈 ,"직장인, 성인 실무교육 서비스",{음악/영상스트리밍} 기술 기반의 {교육} ? {직무교육} 분야에서 {웹사이트} 형태로 {Online} ? {지원} 합니다
LEARNINGSPOONS,https://learningspoons.com,,,,
Lecle,https://www.lecle.co.kr/,https://baikal.io/,바이칼 ,소스코드 오픈마켓,{전자상거래} 기술 기반의 {기업} ? {프로그램개발} 분야에서 {웹사이트} 형태로 {Online} ? {중개} 합니다
Lecle,https://www.lecle.co.kr/,,,,
LEEDEYEON,http://leedeyeon.com,https://www.leedeyeon.com/,코르크 스피커 ,공병을 활용하여 스피커의 음질을 향상시키고 소리를 증폭시키는 제품,{제조} 기술 기반의 {콘텐츠} ? {음향기기} 분야에서 {하드웨어} 형태로 {Offline} ? {제조/공급} 합니다
LEEDEYEON,http://leedeyeon.com,,,,
LegalTech,https://lbox.kr/,https://lbox.kr/,엘박스 ,판례 데이터를 가공하여 법률 사무의 지능화를 위한 클라우드 기반 정보 서비스,{빅데이터/분석} 기술 기반의 {생활} ? {법률/계약} 분야에서 {웹사이트} 형태로 {Online} ? {지원} 합니다
LegalTech,https://lbox.kr/,,,,
LegalTech-1,https://legaltech.kr/,https://legaltech.kr/vdr/,리걸테크VDR ,"기업 실사, M&A, 바이오 및 제약업계 임상시험, 라이센스 아웃 등에서 주로 활용되는 가상데이터룸 솔루션",{클라우드} 기술 기반의 {기업} ? {법률/계약} 분야에서 {소프트웨어} 형태로 {Online} ? {지원} 합니다
LegalTech-1,https://legaltech.kr/,,,,
LegoChemBiosciences,http://www.legochembio.com/,http://www.legochembio.com/goods/list.asp?category=3,전문의약품 ,전문의약품 제조,{연구개발} 기술 기반의 {바이오/의료} ? {약품/약물} 분야에서 {상품} 형태로 {Offline} ? {제조/공급} 합니다
LegoChemBiosciences,http://www.legochembio.com/,,,,
Lemonex,http://www.lemonexbio.com/,,면역항암제 ,서방형 약물전달 기술 DegradaBALL에 기반한 면역항암제,{연구개발} 기술 기반의 {바이오/의료} ? {면역치료} 분야에서 {상품} 형태로 {Offline} ? {제조/공급} 합니다
Lemonex,http://www.lemonexbio.com/,,,,
Lemonhealthcare,http://www.lemonhealthcare.com/,http://www.lemonhealthcare.com/download/,엠케어 ,"병원방문, 약국처방까지 환자가 거치는 전 과정을 스마트폰으로 편리하게 만나는 환자 중심 양방향 서비스",{클라우드} 기술 기반의 {바이오/의료} ? {인프라} 분야에서 {모바일앱} 형태로 {Online} ? {제조/공급} 합니다
Lemonhealthcare,http://www.lemonhealthcare.com/,,,,
Lendit,https://www.lendit.co.kr/loan,https://www.lendit.co.kr/loan,렌딧 ,P2P 개인 신용대출 서비스,{크라우드펀딩} 기술 기반의 {금융} ? {대부업} 분야에서 {웹사이트} 형태로 {Online} ? {중개} 합니다
Lendit,https://www.lendit.co.kr/loan,,,,
LEOCorporation,http://pacemaker.kr/,http://pacemaker.kr,페이스메이커 ,온라인 대학 입시컨설팅 서비스,{빅데이터/분석} 기술 기반의 {교육} ? {컨설팅} 분야에서 {웹사이트} 형태로 {Online} ? {지원} 합니다
LepiDyne,http://lepidyne.com/,http://www.lepidyne.com/,간암 예후 진단기기 ,간암 및 담관암 진단 키트 개발,{연구개발} 기술 기반의 {바이오/의료} ? {진단} 분야에서 {하드웨어} 형태로 {Online} ? {제조/공급} 합니다
LepigeneMD,http://lepigenemd.com,http://lepigenemd.com,엑소좀 유전자 치료제 ,유전자 조절기반 항암 치료제,{연구개발} 기술 기반의 {바이오/의료} ? {약품/약물} 분야에서 {상품} 형태로 {Offline} ? {제조/공급} 합니다
LepigeneMD,http://lepigenemd.com,,,,
LeverT,http://www.lever-t.com,,제로존 ,심리 상태를 모니터링 하고 상태에 맞게 심리상담가를 매칭하는 서비스,{인공지능} 기술 기반의 {헬스케어} ? {정신건강} 분야에서 {웹사이트} 형태로 {Online} ? {구독/멤버십} 합니다
LeverT,http://www.lever-t.com,,,,
LezhinEntertainment,https://www.lezhin.com/ko/,https://itunes.apple.com/kr/app/lejinkomigseu-lezhincomics/id664973122?mt=8,레진코믹스 ,프리미엄 웹툰과 웹소설 서비스,{이미지/영상처리} 기술 기반의 {콘텐츠} ? {애니메이션/웹툰} 분야에서 {모바일앱} 형태로 {Online} ? {지원} 합니다
LezhinEntertainment,https://www.lezhin.com/ko/,,,,
lifeceutix,https://lifeceutix.com/,,항노화신약 ,항노화신약 연구개발,{연구개발} 기술 기반의 {바이오/의료} ? {약품/약물} 분야에서 {상품} 형태로 {Offline} ? {제조/공급} 합니다
LifeSemantics,http://www.lifesemantics.kr/,https://play.google.com/store/apps/details?id=kr.lifesemantics.efilcare,에필케어 ,개인건강기록(PHR) 빅데이터를 활용한 예측 알고리즘 기반의 중증 질환 재택 관리 서비스,{빅데이터/분석} 기술 기반의 {바이오/의료} ? {진단} 분야에서 {모바일앱} 형태로 {Online} ? {지원} 합니다
LifeSemantics,http://www.lifesemantics.kr/,http://www.liferecord.kr/,라이프레코드 ,"개인건강기록(PHR) 데이터 수집, 전송, 저장, 분석, 활용에 최적화된 플랫폼",{빅데이터/분석} 기술 기반의 {바이오/의료} ? {기술지원} 분야에서 {API/SDK} 형태로 {Online} ? {지원} 합니다
LifeSemantics,http://www.lifesemantics.kr/,,,,
LIFTComma,http://liftcomma.com/,https://apps.apple.com/kr/app/styleweex/id1477025029,스타일윅스 ,패션 브랜드를 통한 대여 플랫폼,{빅데이터/분석} 기술 기반의 {패션} ? {의류} 분야에서 {모바일앱} 형태로 {O2O} ? {대여} 합니다
LIFTComma,http://liftcomma.com/,,,,
LikeLion-1,https://startup.likelion.org,,바로가기 ,온라인 코딩교육 플랫폼,{클라우드} 기술 기반의 {교육} ? {프로그램개발} 분야에서 {웹사이트} 형태로 {Online} ? {지원} 합니다
LikeLion-1,https://startup.likelion.org,,,,
LikeLion-2,https://likelion.net/,https://likelion.net/,멋쟁이 사자처럼 ,비전공자 프로그래밍 교육 서비스,{음악/영상스트리밍} 기술 기반의 {교육} ? {프로그램개발} 분야에서 {웹사이트} 형태로 {Online} ? {지원} 합니다
Likely,,https://itunes.apple.com/kr/app/id1181777511,24OURS ,"사진교환, 추억기록 모바일 서비스",{클라우드} 기술 기반의 {콘텐츠} ? {사진} 분야에서 {모바일앱} 형태로 {Online} ? {지원} 합니다
Likely,,,,,
LinearHub,https://www.roundee.io/,https://apps.apple.com/us/app/roundee-smart-video-meetings/id1477591585,라운디 ,비디오 컨퍼런스 및 기업용 비즈니스 메신저,{음악/영상스트리밍} 기술 기반의 {기업} ? {메신저} 분야에서 {모바일앱} 형태로 {Online} ? {구독/멤버십} 합니다
LinearHub,https://www.roundee.io/,,,,
LINEUP,http://line-up.me,https://line-up.me/?page_id=14,라인업 ,블록체인 기반의 이미지 중심 SNS,{블록체인} 기술 기반의 {콘텐츠} ? {소셜미디어} 분야에서 {DApp} 형태로 {Online} ? {중개} 합니다
LINEUP,http://line-up.me,,,,
LINEWALKS,https://linewalks.com/,http://trends.mediwalks.com/,메디웍스 ,의약품 데이터 분석서비스,{빅데이터/분석} 기술 기반의 {바이오/의료} ? {데이터분석} 분야에서 {웹사이트} 형태로 {Online} ? {지원} 합니다
LINEWALKS,https://linewalks.com/,,,,
Linkflow,http://www.linkflow.co.kr,http://linkflow.co.kr/,FITT360 ,VR용 넥밴드형 웨어러블 360도 카메라,{사물인터넷/센서} 기술 기반의 {전자제품} ? {이미지/영상} 분야에서 {하드웨어} 형태로 {Offline} ? {지원} 합니다
Linkflow,http://www.linkflow.co.kr,,,,
Linkhous,http://www.linkhous.com/,https://itunes.apple.com/kr/app/%ED%99%88%EB%B2%84%ED%8A%BC-%EC%9B%94%EC%84%B8%EA%B4%80%EB%A6%AC-%EB%AA%A8%EB%B0%94%EC%9D%BC-%EA%B0%84%ED%8E%B8%EC%84%9C%EB%B9%84%EC%8A%A4/id1308158912?mt=8,홈버튼 ,임대료 수납관리 자동화 서비스,{클라우드} 기술 기반의 {부동산} ? {임대관리} 분야에서 {모바일앱} 형태로 {Online} ? {지원} 합니다
Linkhous,http://www.linkhous.com/,,,,
LINKSTARTER,http://linkstarter.co,http://linkstarter.co,링크스타터 ,스타트업 구인구직 플랫폼,{검색} 기술 기반의 {기업} ? {채용} 분야에서 {웹사이트} 형태로 {Online} ? {중개} 합니다
LINKSTARTER,http://linkstarter.co,,,,
Linkup,http://link-up.co.kr,http://link-up.co.kr/proeye7,프로아이 ,제조업의 생산성 향상 및 원가절감에 도움을 주는 응용 소프트웨어,{프로그램개발} 기술 기반의 {기업} ? {품질관리} 분야에서 {소프트웨어} 형태로 {Online} ? {제조/공급} 합니다
LionRocket,https://lionrocket.ai/,,음성 합성 엔진 ,딥러닝 기반 음성 합성 기술기반 음성 엔진,{음향처리} 기술 기반의 {콘텐츠} ? {기술지원} 분야에서 {API/SDK} 형태로 {Online} ? {지원} 합니다
LionRocket,https://lionrocket.ai/,,,,
ListenSoft,http://listensoft.net/,https://play.google.com/store/apps/details?id=net.listensoft.kyaraten&hl=ko,그린티콘 ,내가 그린 캐릭터와 찍은 사진으로 날씨를 예보받는 앱,{프로그램개발} 기술 기반의 {콘텐츠} ? {이미지/영상} 분야에서 {모바일앱} 형태로 {Online} ? {지원} 합니다
ListenSoft,http://listensoft.net/,,,,
Listly,https://www.listly.io/,https://www.listly.io/,리스틀리 ,웹 스크래핑 솔루션,{프로그램개발} 기술 기반의 {기업} ? {데이터가공} 분야에서 {웹사이트} 형태로 {Online} ? {지원} 합니다
Listly,https://www.listly.io/,,,,
littlesongmusic,https://bgmfactory.com/,https://bgmfactory.com/,비지엠팩토리 ,크리에이터와 영상제작자를 위한 저작권 걱정 없는 배경음악 서비스,{음악/영상스트리밍} 기술 기반의 {콘텐츠} ? {음악퍼블리싱} 분야에서 {웹사이트} 형태로 {Online} ? {구독/멤버십} 합니다
littlesongmusic,https://bgmfactory.com/,,,,
Livemakers,http://livemakers.co.kr,,젤리브릭 ,소녀들의 로망을 반영한 3D 캐릭터 제작 서비스,{3D그래픽/애니메이션} 기술 기반의 {게임} ? {이미지/영상} 분야에서 {콘텐츠} 형태로 {Online} ? {제조/공급} 합니다
Livemakers,http://livemakers.co.kr,,,,
Livsmed,http://www.livsmed.com/,,다관절 복강경 수술 기구 ,다관절 복강경 수술 기구,{제조} 기술 기반의 {바이오/의료} ? {제품} 분야에서 {하드웨어} 형태로 {Offline} ? {제조/공급} 합니다
Livsmed,http://www.livsmed.com/,,,,
Lmeca,http://www.lmeca.co.kr/,http://www.lmeca.co.kr/front/products/ais.do,의료용 석션기 ,중증환자를 위한 인공지능 기반 의료용 석션기,{인공지능} 기술 기반의 {바이오/의료} ? {제품} 분야에서 {하드웨어} 형태로 {Offline} ? {제조/공급} 합니다
Lmeca,http://www.lmeca.co.kr/,,,,
LMFriends,http://www.lmfriends.com/,https://store.cafe24.com/ko/apps/1254/%EC%9D%B8%EA%B3%B5%EC%A7%80%EB%8A%A5-%EC%87%BC%ED%95%91%EB%AA%B0-%EB%8F%84%EC%9A%B0%EB%AF%B8---%EC%97%98%EC%97%A0%EB%B2%84%EC%8A%A4,엘엠버스 ,카페24 쇼핑몰 인공지능 상담 어시스턴트,{인공지능} 기술 기반의 {기업} ? {고객관리} 분야에서 {API/SDK} 형태로 {Online} ? {지원} 합니다
LMFriends,http://www.lmfriends.com/,,,,
LmitoTherapeutics,http://www.lmitokorea.com/about.html,,미토콘드리아 표적 치료제 ,미토콘드리아와 세포대사 연구를 통한 호흡기질환 치료제,{연구개발} 기술 기반의 {바이오/의료} ? {약품/약물} 분야에서 {상품} 형태로 {Offline} ? {제조/공급} 합니다
LmitoTherapeutics,http://www.lmitokorea.com/about.html,,,,
LNRobotics,,,심혈관 중재시술 보조로봇 ,심혈관 중재시술 보조로봇,{로봇} 기술 기반의 {바이오/의료} ? {보조기구} 분야에서 {하드웨어} 형태로 {Offline} ? {제조/공급} 합니다
LoadInternational,http://load-ing.com,https://drive.google.com/open?id=1MOKExJ8LCTcKPYrdMm5nrBsRR8X4UnAP,써클 ,스마트 수질 통합 안전시스템,{인공지능} 기술 기반의 {환경/에너지} ? {수질오염} 분야에서 {소프트웨어} 형태로 {Online} ? {지원} 합니다
LoadInternational,http://load-ing.com,,,,
LockinCompany,http://www.lockincomp.com/,http://www.lockincomp.com,리앱 ,모바일 앱 소스코드 암호화 보안솔루션,{클라우드} 기술 기반의 {보안} ? {암호화} 분야에서 {API/SDK} 형태로 {Online} ? {지원} 합니다
LockinCompany,http://www.lockincomp.com/,,,,
LOCS,http://locslab.com,,싸이킥 디거 ,인공지능을 이용하여 컨텐츠 댓글을 분석해주는 인플루언서 소통도구,{인공지능} 기술 기반의 {광고마케팅} ? {마케팅분석} 분야에서 {웹사이트} 형태로 {Online} ? {구독/멤버십} 합니다
LOCS,http://locslab.com,,,,
LOCUS,http://locus.com/,,영화 그래픽 제작 ,시각효과 콘텐츠의 기획 및 제작,{3D그래픽/애니메이션} 기술 기반의 {콘텐츠} ? {영화/드라마} 분야에서 {콘텐츠} 형태로 {Offline} ? {지원} 합니다
LOCUS,http://locus.com/,,,,
LogiBrothers,http://logibros.com/,https://codmos.io/,코드모스 ,컴퓨팅 사고력 향상을 위한 게임형 온라인 코딩 교육 솔루션,{프로그램개발} 기술 기반의 {교육} ? {프로그램개발} 분야에서 {웹사이트} 형태로 {Online} ? {지원} 합니다
LogiBrothers,http://logibros.com/,,,,
logiket,http://www.logiket.com,http://www.logiket.com,로지켓 ,물류대행에 견적 데이터를 중개하는 플랫폼,{빅데이터/분석} 기술 기반의 {물류/유통} ? {택배} 분야에서 {웹사이트} 형태로 {Online} ? {중개} 합니다
Logispot,https://www.logi-spot.com/,https://itunes.apple.com/kr/app//id1178000751?mt=8,로지스팟 ,스마트 화물운송 서비스,{클라우드} 기술 기반의 {물류/유통} ? {화물운송} 분야에서 {모바일앱} 형태로 {Online} ? {지원} 합니다
Logispot,https://www.logi-spot.com/,,,,
LOGPRESSO,http://ko.logpresso.com/,http://ko.logpresso.com/,로그프레소 ,실시간 빅데이터 분석 플랫폼,{빅데이터/분석} 기술 기반의 {기업} ? {데이터분석} 분야에서 {소프트웨어} 형태로 {Online} ? {지원} 합니다
LOGPRESSO,http://ko.logpresso.com/,,,,
LookinBody,https://lookinbody.co,https://lookinbody.co,런바디챌린지 ,온라인 다이어트 학습지,{인공지능} 기술 기반의 {헬스케어} ? {헬스/다이어트} 분야에서 {소프트웨어} 형태로 {Online} ? {지원} 합니다
LookinBody,https://lookinbody.co,,,,
LooxidLabs,http://www.looxidlabs.com,http://www.looxidlabs.com/#technology,루시 ,시선-뇌파 기반 인터페이스를 통한 사지마비 환자용 원격 의사소통 솔루션,{사물인터넷/센서} 기술 기반의 {바이오/의료} ? {신경외과} 분야에서 {하드웨어} 형태로 {Offline} ? {제조/공급} 합니다
LooxidLabs,http://www.looxidlabs.com,http://looxidlabs.com/looxidvr/,룩시드VR ,"신경과학분야 연구용 시선,뇌파 측정 VR 기기",{VR/AR} 기술 기반의 {바이오/의료} ? {신경외과} 분야에서 {하드웨어} 형태로 {Offline} ? {제조/공급} 합니다
LooxidLabs,http://www.looxidlabs.com,,,,
Lucentblock,https://www.lucentblock.com/,https://www.lucentblock.com/,루센트블록 ,블록체인 기반 부동산 수익증권 유통 플랫폼,{블록체인} 기술 기반의 {부동산} ? {금융상품} 분야에서 {웹사이트} 형태로 {O2O} ? {유통} 합니다
Lucentblock,https://www.lucentblock.com/,,,,
LuidiaGlobal,https://www.luidia.com/,http://www.penandfree.co.kr/product_lollol.html,이빔 스마트마커 ,모든 화이트보드 표면의 라이브된 노트를 캡쳐하고 실시간 공유 가능한 인터랙티브 스마트 마커,{제조} 기술 기반의 {교육} ? {교육보조} 분야에서 {하드웨어} 형태로 {Offline} ? {제조/공급} 합니다
LuidiaGlobal,https://www.luidia.com/,,,,
Lunit,http://www.lunit.io/,https://insight.lunit.io/#partnership,루닛인사이트 ,딥러닝기반 의료 영상 진단 서비스,{인공지능} 기술 기반의 {바이오/의료} ? {이미지/영상} 분야에서 {웹사이트} 형태로 {Online} ? {연구/분석} 합니다
Lunit,http://www.lunit.io/,,,,
LUXROBO,https://modi.luxrobo.com/,https://modi.luxrobo.com/,모디 ,모듈형 로보틱스 플랫폼,{사물인터넷/센서} 기술 기반의 {교육} ? {프로그램개발} 분야에서 {하드웨어} 형태로 {Offline} ? {제조/공급} 합니다
LUXROBO,https://modi.luxrobo.com/,,,,
LVIS,http://www.lviscorp.com/,,뉴로매치 ,뇌회로 개념을 활용한 딥러닝기반 뇌전증 분석 소프트웨어,{인공지능} 기술 기반의 {바이오/의료} ? {신경외과} 분야에서 {소프트웨어} 형태로 {Online} ? {연구/분석} 합니다
LynxComputingSystems,http://ilynxsys.com,,링스 사이버네틱스 ,FPGA 기반 인공지능 알고리즘 연산 엔진,{인공지능} 기술 기반의 {우주/항공} ? {전자제품} 분야에서 {하드웨어} 형태로 {Offline} ? {제조/공급} 합니다
LynxComputingSystems,http://ilynxsys.com,,,,
m2s,http://www.m2skorea.com/,https://www.vror-icare.com/,VROR ,VR 안과 검사기,{VR/AR} 기술 기반의 {바이오/의료} ? {안과} 분야에서 {소프트웨어} 형태로 {Online} ? {지원} 합니다
m2s,http://www.m2skorea.com/,,,,
MacarongFactory,https://macarong.net/,https://play.google.com/store/apps/details?id=com.nbdproject.macarong,마카롱 ,자동차 관리 차계부 앱,{빅데이터/분석} 기술 기반의 {자동차} ? {데이터기록/관리} 분야에서 {모바일앱} 형태로 {Online} ? {지원} 합니다
MacarongFactory,https://macarong.net/,,,,
Machbase,https://www.machbase.com/,https://www.machbase.com/,마크베이스 ,스마트팩토리 IoT용 시계열 DBMS,{빅데이터/분석} 기술 기반의 {기업} ? {인프라} 분야에서 {소프트웨어} 형태로 {Online} ? {지원} 합니다
Machbase,https://www.machbase.com/,,,,
macovill,http://macovill.com,,프로젝트 치타부 ,캐릭터 기반의 게임과 애니메이션 콘텐츠 제작,{3D그래픽/애니메이션} 기술 기반의 {콘텐츠} ? {애니메이션/웹툰} 분야에서 {콘텐츠} 형태로 {Online} ? {제조/공급} 합니다
macovill,http://macovill.com,,,,
Macrogen,http://www.macrogen.com/kor/,http://www.macrogen.com/ko/business/ngs_service1.php,유전체분석서비스 ,유전체를 분석하여 개인별 약물반응 예측 등 질병 진단 서비스,{빅데이터/분석} 기술 기반의 {바이오/의료} ? {진단} 분야에서 {교육/컨설팅} 형태로 {Offline} ? {연구/분석} 합니다
Macrogen,http://www.macrogen.com/kor/,,,,
Madrascheck,https://flow.team/,https://play.google.com/store/apps/details?id=com.webcash.bizplay.collabo,플로우 ,기업용 프로젝트 업무에 특화된 협업툴,{리얼타임 커뮤니케이션} 기술 기반의 {기업} ? {그룹웨어} 분야에서 {모바일앱} 형태로 {Online} ? {구독/멤버십} 합니다
Madrascheck,https://flow.team/,,,,
MagData,http://www.magdata.net,http://www.mag-ux.com/,맥유엑스 ,NPMD 기반의 IT 인프라 장애(보안/성능) 모니터링 솔루션,{빅데이터/분석} 기술 기반의 {보안} ? {모니터링} 분야에서 {소프트웨어} 형태로 {Online} ? {지원} 합니다
MagData,http://www.magdata.net,,,,
MAGNIS,,,마그넷 ,게임분야 블록체인 플랫폼,{블록체인} 기술 기반의 {게임} ? {인프라} 분야에서 {API/SDK} 형태로 {Online} ? {지원} 합니다
MAGNIS,,,,,
MAJORMAP,https://www.majormap.net/,https://www.majormap.net/,메이저맵 ,데이터기반 입시/진로서비스,{빅데이터/분석} 기술 기반의 {교육} ? {정보제공} 분야에서 {웹사이트} 형태로 {Online} ? {지원} 합니다
MakeMyMusic,http://www.makemymusic.co.kr/,http://makemymusic.co.kr/#,음반제작서비스 ,1:1 매칭 시스템을 통한 원스탑 음반제작 서비스,{음악제작} 기술 기반의 {콘텐츠} ? {음악제작} 분야에서 {교육/컨설팅} 형태로 {Online} ? {지원} 합니다
MakeMyMusic,http://www.makemymusic.co.kr/,,,,
MakesomeNoise,http://www.makesomenoise.co.kr/,https://www.inzido.co.kr/,인지도 ,인테리어 업체와 고객을 연결해주는 인테리어 O2O 플랫폼,{검색} 기술 기반의 {홈} ? {인테리어} 분야에서 {웹사이트} 형태로 {O2O} ? {중개} 합니다
MakesomeNoise,http://www.makesomenoise.co.kr/,,,,
MakeUs,http://www.makeus.com/,https://www.youtube.com/channel/UCFbK0JW_N5RKajamSf5Cbcw/featured,딩고 ,모바일 세대를 위한 인터넷 미디어 채널,{이미지/영상제작} 기술 기반의 {콘텐츠} ? {이미지/영상} 분야에서 {콘텐츠} 형태로 {Online} ? {제조/공급} 합니다
MakeUs,http://www.makeus.com/,,,,
MakinaRocks,http://makinarocks.ai/,,제조업공정 분석 AI 서비스 ,"제조 장비/공정에서 발생하는 센서 데이터를 딥러닝 기반으로 분석해, 장비 고장 및 품질 이상 예측,제조 공정 최적화 서비스 제공",{인공지능} 기술 기반의 {전자제품} ? {모니터링} 분야에서 {소프트웨어} 형태로 {Online} ? {지원} 합니다
MakinaRocks,http://makinarocks.ai/,,,,
MandooEntertainment,http://www.mandoocomics.com/home/,http://www.mandoocomics.com/home/,만두코믹스 ,"웹툰, 소설 플랫폼",{이미지/영상처리} 기술 기반의 {콘텐츠} ? {애니메이션/웹툰} 분야에서 {웹사이트} 형태로 {Online} ? {유통} 합니다
MandooEntertainment,http://www.mandoocomics.com/home/,,,,
Mandro,http://www.mand.ro/,http://www.mand.ro/,3D프린팅 전자 의수 ,3D 프린팅 전자 의수,{3D프린터} 기술 기반의 {바이오/의료} ? {보조기구} 분야에서 {기계} 형태로 {Offline} ? {제조/공급} 합니다
Mandro,http://www.mand.ro/,,,,
MangoPlate,http://www.mangoplate.com/,https://itunes.apple.com/kr/app/mang-gopeulleiteu-masjib-chucheon/id628509224?mt=8,망고플레이트 ,빅데이터 맛집 정보 검색 서비스,{빅데이터/분석} 기술 기반의 {음식} ? {정보제공} 분야에서 {모바일앱} 형태로 {Online} ? {추천} 합니다
MangoPlate,http://www.mangoplate.com/,,,,
ManiMe,http://manime.co,https://manime.co/,매니미 ,손톱 3D 인식 기술 기반 맞춤형 젤 네일 구독 서비스,{인공지능} 기술 기반의 {뷰티} ? {미용} 분야에서 {상품} 형태로 {Online} ? {구독/멤버십} 합니다
Mapiacompany,https://www.mapianist.com/,https://www.mymusicsheet.com/,마이뮤직시트 ,글로벌 창작곡/악보 플랫폼,{전자상거래} 기술 기반의 {콘텐츠} ? {악보} 분야에서 {웹사이트} 형태로 {Online} ? {중개} 합니다
Mapiacompany,https://www.mapianist.com/,,,,
MarketPoint,http://marketpoint.edaily.co.kr/web/default.asp,http://marketpoint.edaily.co.kr/web/main.asp?Sub=1,마켓포인트 ,실시간 금융정보 제공 소프트웨어,{빅데이터/분석} 기술 기반의 {금융} ? {정보제공} 분야에서 {소프트웨어} 형태로 {Online} ? {지원} 합니다
MarketPoint,http://marketpoint.edaily.co.kr/web/default.asp,,,,
markinfo,https://markinfo.co.kr/,https://www.markinfo.co.kr/,마크인포 ,온라인 간편 상표등록 서비스,{검색} 기술 기반의 {기업} ? {특허/지적재산권} 분야에서 {웹사이트} 형태로 {Online} ? {지원} 합니다
Markpro,http://www.markpro.co.kr/,http://tip.markpro.com/#none,마크프로 ,한국상표검색 데이터베이스,{검색} 기술 기반의 {기업} ? {기업정보} 분야에서 {웹사이트} 형태로 {Online} ? {지원} 합니다
Markpro,http://www.markpro.co.kr/,,,,
MarsAuto,https://marsauto.io,,자율주행 트럭용 소프트웨어 ,머신러닝 기반 자율주행 트럭용 소프트웨어,{인공지능} 기술 기반의 {자동차} ? {기술지원} 분야에서 {소프트웨어} 형태로 {Offline} ? {제조/공급} 합니다
MarsAuto,https://marsauto.io,,,,
MasterImage,http://www.masterimage3d.com/,,극장용 3D 모니터 시스템 ,극장용 3D 모니터 시스템,{3D그래픽/애니메이션} 기술 기반의 {기업} ? {영화/드라마} 분야에서 {하드웨어} 형태로 {Offline} ? {제조/공급} 합니다
MasterImage,http://www.masterimage3d.com/,,,,
Mathpresso,http://mathpresso.com,https://itunes.apple.com/kr/app//id1270676408?mt=8,콴다 ,인공지능기반 수학 문제 풀이 앱,{인공지능} 기술 기반의 {교육} ? {수학교육} 분야에서 {모바일앱} 형태로 {Online} ? {지원} 합니다
Mathpresso,http://mathpresso.com,,,,
MatterLabs,https://matter-labs.io/,https://matter-labs.io/,지케이싱크 ,영지식증명으로 (Zero-Knowledge Proofs) 이더리움 블록체인의 확장성 과제를 해결하는 연구개발(R&D) 회사,{블록체인} 기술 기반의 {보안} ? {암호화} 분야에서 {API/SDK} 형태로 {Online} ? {지원} 합니다
Maverick,http://alive-story.com/,https://itunes.apple.com/app/apple-store/id940018751?mt=8,얼라이브 ,모바일 영상 편집 서비스,{이미지/영상처리} 기술 기반의 {콘텐츠} ? {영상편집} 분야에서 {모바일앱} 형태로 {Online} ? {지원} 합니다
Maverick,http://alive-story.com/,,,,
Maxrotec,http://www.maxrotec.com/,http://www.maxrotec.com/,갠트리로봇 ,산업용 기계 로봇,{제조} 기술 기반의 {기업} ? {로봇} 분야에서 {기계} 형태로 {Offline} ? {제조/공급} 합니다
Maxrotec,http://www.maxrotec.com/,,,,
Maxst,http://maxst.com/,http://maxst.com/,맥스트 AR SDK ,VR / AR 기술 솔루션,{VR/AR} 기술 기반의 {콘텐츠} ? {기술지원} 분야에서 {API/SDK} 형태로 {Online} ? {지원} 합니다
Maxst,http://maxst.com/,,,,
Mayfunding,https://www.mayfunding.com/,https://www.mayfunding.com/,메이펀딩 ,P2P 귀금속 담보 대출 서비스,{크라우드펀딩} 기술 기반의 {금융} ? {대부업} 분야에서 {웹사이트} 형태로 {Online} ? {중개} 합니다
Mayfunding,https://www.mayfunding.com/,,,,
MBD,https://www.mbdbiotech.com/,,셀비트로 ,세포가 실제 몸속과 거의 유사한 형태로 배양될 수 있도록 하는 3차원 세포배양기술,{연구개발} 기술 기반의 {바이오/의료} ? {연구/실험} 분야에서 {상품} 형태로 {Offline} ? {지원} 합니다
MBD,https://www.mbdbiotech.com/,,,,
MBNTech,http://www.mbnt.co.kr/,http://www.mbnt.co.kr/,애비컴 ,"멀티미디어 콘텐츠 제작, 관리 솔루션",{이미지/영상처리} 기술 기반의 {콘텐츠} ? {이미지/영상} 분야에서 {웹사이트} 형태로 {Online} ? {지원} 합니다
MBNTech,http://www.mbnt.co.kr/,,,,
MDataSync,http://www.datasync.ai/,,자율주행 인공지능 센서 데이터 비즈니스 ,자율주행 인공지능 (AI) 센서 학습데이터 구축 및 알고리즘 개발,{인공지능} 기술 기반의 {자동차} ? {데이터가공} 분야에서 {콘텐츠} 형태로 {Offline} ? {제조/공급} 합니다
MDataSync,http://www.datasync.ai/,,,,
MDBiolab,,,신장암 치료제 ,신장암 치료제,{연구개발} 기술 기반의 {바이오/의료} ? {약품/약물} 분야에서 {상품} 형태로 {Offline} ? {제조/공급} 합니다
MDBiolab,,,,,
MDimune,http://www.mdimune.com/,,환자 맞춤형 항암제 ,인간 면역세포로부터 제작된 인공 항암제 약물전달체 기반 항암제,{연구개발} 기술 기반의 {바이오/의료} ? {면역치료} 분야에서 {상품} 형태로 {Offline} ? {제조/공급} 합니다
MDimune,http://www.mdimune.com/,,,,
Mediage,http://mediage.co.kr/,https://www.imhealth.co.kr/index.html,메디에이지 ,모바일 건강검진 관리 분석 서비스,{빅데이터/분석} 기술 기반의 {헬스케어} ? {데이터기록/관리} 분야에서 {API/SDK} 형태로 {Online} ? {연구/분석} 합니다
Mediaiplus,http://mediaiplus.com/,http://mediaiplus.com/,메디씨 ,글로벌 임상 데이터 플랫폼,{연구개발} 기술 기반의 {바이오/의료} ? {연구/실험} 분야에서 {소프트웨어} 형태로 {Online} ? {지원} 합니다
Mediaiplus,http://mediaiplus.com/,,,,
Mediazamong,http://www.zamong.co.kr,https://itunes.apple.com/kr/app/mongpas-mongpod-paskaeseuteu/id1073529096?mt=8,몽팟 ,팟캐스트 방송 플랫폼,{음악/영상스트리밍} 기술 기반의 {콘텐츠} ? {라디오/팟캐스트} 분야에서 {모바일앱} 형태로 {Online} ? {지원} 합니다
Mediazamong,http://www.zamong.co.kr,http://www.zamong.co.kr/,자몽 ,콘텐츠 크라우드펀딩 서비스,{크라우드펀딩} 기술 기반의 {콘텐츠} ? {이미지/영상} 분야에서 {웹사이트} 형태로 {Online} ? {중개} 합니다
Mediazamong,http://www.zamong.co.kr,,,,
MEDIBEUKOREA,http://www.medibeu.io,http://www.medibeu.com/download,메디뷰 ,블록체인 기반 메디컬 뷰티 소셜 네트워킹 플랫폼,{블록체인} 기술 기반의 {뷰티} ? {성형} 분야에서 {웹사이트} 형태로 {Online} ? {제조/공급} 합니다
MedicalInnovationDeveloper,,,DxRAD ,AI 기반 흉부 X ray 자동판독기,{인공지능} 기술 기반의 {바이오/의료} ? {이미지/영상} 분야에서 {소프트웨어} 형태로 {Online} ? {연구/분석} 합니다
MedicalInnovationDeveloper,,,,,
MEDICALIP,http://www.medicalip.com/,http://www.medicalip.com/shop/medip.php#null,메딥 ,인공지능 의료영상 분석 솔루션,{인공지능} 기술 기반의 {바이오/의료} ? {이미지/영상} 분야에서 {소프트웨어} 형태로 {Online} ? {연구/분석} 합니다
MEDICALIP,http://www.medicalip.com/,http://www.medicalip.com/shop/list.php?ca_id=20,아낫델 ,맞춤형 인체장기 3D 프린팅 서비스,{3D프린터} 기술 기반의 {바이오/의료} ? {인체조직/이식재} 분야에서 {상품} 형태로 {Offline} ? {제조/공급} 합니다
MEDICALIP,http://www.medicalip.com/,,,,
Medifab,http://imedifab.com/,http://imedifab.com/,액상 주입형 필러 ,자가조직 재생유도 기능성 차세대 성형보형물,{연구개발} 기술 기반의 {바이오/의료} ? {피부과} 분야에서 {상품} 형태로 {Offline} ? {제조/공급} 합니다
Medifab,http://imedifab.com/,,,,
MEDIFORUMPHARM,http://www.c-tri.co.kr/,http://www.c-tri.co.kr/business/etc.asp,씨트렐린정 ,척수소뇌 변성증 치료제,{연구개발} 기술 기반의 {바이오/의료} ? {약품/약물} 분야에서 {상품} 형태로 {Offline} ? {제조/공급} 합니다
MEDIFORUMPHARM,http://www.c-tri.co.kr/,,,,
Medihere,http://www.medihere.net/,https://play.google.com/store/apps/details?id=com.square.project.medika&hl=ko,메디히어 ,분야별 실력있는 의사정보 앱,{검색} 기술 기반의 {바이오/의료} ? {정보제공} 분야에서 {모바일앱} 형태로 {Online} ? {지원} 합니다
Medihere,http://www.medihere.net/,,,,
medihub,http://medihub.co.kr/,http://medihub.co.kr/page/index.php,아이젝 ,치과무통마취기 제조,{제조} 기술 기반의 {바이오/의료} ? {치과} 분야에서 {하드웨어} 형태로 {Offline} ? {제조/공급} 합니다
medihub,http://medihub.co.kr/,,,,
MediMabBio,,,면역항암제 항체 신약 ,노인특화 면역항암치료제,{연구개발} 기술 기반의 {바이오/의료} ? {면역치료} 분야에서 {상품} 형태로 {Offline} ? {제조/공급} 합니다
MediMabBio,,,,,
medipixel,http://www.medipixel.io/,https://www.medipixel.io/technology/,심혈관질환 진단 및 시술도구 제어 ,심혈관질환 진단 제품 / 심혈관중재시술 시술도구 제어 제품,{인공지능} 기술 기반의 {바이오/의료} ? {흉부외과} 분야에서 {소프트웨어} 형태로 {Online} ? {연구/분석} 합니다
medipixel,http://www.medipixel.io/,,,,
Medipost,http://www.medi-post.co.kr/,http://www.medi-post.co.kr/front/kor/stemcell/cartistem.do,카티스템 ,골관절염 환자용 무릎 연골결손 치료제,{연구개발} 기술 기반의 {바이오/의료} ? {정형외과} 분야에서 {상품} 형태로 {Offline} ? {제조/공급} 합니다
Medipost,http://www.medi-post.co.kr/,,,,
Medisensor,http://medi-sensor.com/wp/kr/,http://medi-sensor.com/wp/kr/?portfolio=aqsensor-glucose-h,바이오센서 ,체외진단기기,{사물인터넷/센서} 기술 기반의 {바이오/의료} ? {병리과} 분야에서 {하드웨어} 형태로 {Offline} ? {제조/공급} 합니다
Medisensor,http://medi-sensor.com/wp/kr/,,,,
MediSpan,http://medispan.co.kr,,노인성질환 치료제 ,노화개선 및 노인성질환 치료제 연구개발,{연구개발} 기술 기반의 {바이오/의료} ? {약품/약물} 분야에서 {상품} 형태로 {Online} ? {제조/공급} 합니다
medistaff,https://www.medistaff.co.kr/,https://play.google.com/store/apps/details?id=com.org.medistaffapp,메디스태프 ,의사들을 위한 보안 메신저 플랫폼,{리얼타임 커뮤니케이션} 기술 기반의 {바이오/의료} ? {메신저} 분야에서 {모바일앱} 형태로 {Online} ? {지원} 합니다
medistaff,https://www.medistaff.co.kr/,,,,
Medistream,http://go.medistream.co.kr/recruit,http://medistream.co.kr,메디스트림 ,한의학 전문가 커뮤니티,{소셜네트워크} 기술 기반의 {바이오/의료} ? {한의학} 분야에서 {웹사이트} 형태로 {Online} ? {지원} 합니다
Medistream,http://go.medistream.co.kr/recruit,,,,
MediThinQ,http://medithinq.com,http://medithinq.com,GV 시리즈 ,의료 장비에 송신기를 연결하여 송신기의 자체 무선 네트워크를 통해 의료영상을 스마트 글라스로 무선 전송하여 기존 모니터와 환부를 번갈아 보여 진행하는 수술방식을 보완하는 기기,{광학} 기술 기반의 {바이오/의료} ? {이미지/영상} 분야에서 {하드웨어} 형태로 {Offline} ? {제조/공급} 합니다
MediThinQ,http://medithinq.com,,,,
MEDITULIP,http://www.meditulip.com/,,내시경용 자동봉합기 ,암수술시 장기 봉합용 선형 스테이플,{제조} 기술 기반의 {바이오/의료} ? {흉부외과} 분야에서 {하드웨어} 형태로 {Offline} ? {제조/공급} 합니다
MEDITULIP,http://www.meditulip.com/,,,,
MediWhale,https://www.medi-whale.com,http://www.medi-whale.com/service/,닥터눈 ,"안저영상 분석 기반 안질환, 심장질환 진단",{인공지능} 기술 기반의 {바이오/의료} ? {이미지/영상} 분야에서 {웹사이트} 형태로 {Online} ? {연구/분석} 합니다
MediWhale,https://www.medi-whale.com,,,,
Medizen,http://www.medizencare.com/kor/index/index.asp,http://www.medizencare.com/kor/service/mcheck02.asp,M-CHECK ,유전적 질병 분석 서비스,{빅데이터/분석} 기술 기반의 {바이오/의료} ? {진단} 분야에서 {교육/컨설팅} 형태로 {Offline} ? {연구/분석} 합니다
Medizen,http://www.medizencare.com/kor/index/index.asp,,,,
Medynus,http://www.medynus.com,http://www.enamiss.com,타겟 ,양방향 척추 내시경 기구,{3D프린터} 기술 기반의 {바이오/의료} ? {제품} 분야에서 {상품} 형태로 {Offline} ? {제조/공급} 합니다
Medynus,http://www.medynus.com,,,,
MegaphoneEntertainment,http://megaphonekorea.com/,http://megaphonekorea.com/2017/online_manager_beta.jsp,메가폰코리아 ,온라인 오디션 플랫폼,{검색} 기술 기반의 {엔터테인먼트} ? {오디션} 분야에서 {웹사이트} 형태로 {Online} ? {중개} 합니다
MegaphoneEntertainment,http://megaphonekorea.com/,,,,
Megastudy,https://www.megastudy.net,https://www.megastudy.net,메가스터디 ,수능 인터넷 강의 서비스,{이미지/영상제작} 기술 기반의 {교육} ? {학원} 분야에서 {웹사이트} 형태로 {Online} ? {지원} 합니다
Megastudy,https://www.megastudy.net,,,,
MegazoneCloud,https://www.megazone.com/,https://www.megazone.com/,기업용 IT 인프라 구축 ,기업용 IT 인프라 구축 서비스,{클라우드} 기술 기반의 {기업} ? {인프라} 분야에서 {교육/컨설팅} 형태로 {Online} ? {지원} 합니다
MegazoneCloud,https://www.megazone.com/,,,,
Melephant,http://www.seeso.it/,https://itunes.apple.com/us/app/seeso-short-video-app-for/id1067654967?l=ko&ls=1&mt=8,씨소 ,공연 현장 직캠 앱,{음악/영상스트리밍} 기술 기반의 {콘텐츠} ? {전시/공연} 분야에서 {모바일앱} 형태로 {Online} ? {지원} 합니다
Melephant,http://www.seeso.it/,,,,
memeplus,,https://play.google.com/store/apps/details?id=kr.co.meme,밈 ,내 얼굴을 캐릭터 이모티콘으로 만들어주는 서비스,{프로그램개발} 기술 기반의 {콘텐츠} ? {이미지/영상} 분야에서 {모바일앱} 형태로 {Online} ? {지원} 합니다
memeplus,,,,,
Meotdeuleojin,http://mjin.co.kr,http://mjin.co.kr/,플러그 ,맞춤의류 통합 주문/생산 관리 솔루션,{클라우드} 기술 기반의 {패션} ? {생산관리} 분야에서 {소프트웨어} 형태로 {Online} ? {지원} 합니다
Meotdeuleojin,http://mjin.co.kr,,,,
Merrycow,,,드라마 기획 제작 ,방송 영상물 기획 및 저작권 수익화 사업,{이미지/영상제작} 기술 기반의 {콘텐츠} ? {영화/드라마} 분야에서 {콘텐츠} 형태로 {Online} ? {유통} 합니다
Merrycow,,,,,
MetaHealthCare,http://metahc.com,https://play.google.com/store/apps/details?id=com.psymaker.vibraimage.vibram_kr&hl=ko,마인드인 ,1분 동영상 심리측정 및 정신건강 자가모니터링 서비스,{인공지능} 기술 기반의 {헬스케어} ? {정신건강} 분야에서 {모바일앱} 형태로 {Online} ? {구독/멤버십} 합니다
MetaHealthCare,http://metahc.com,,,,
Metallink,http://www.emetallink.com,http://www.emetallink.com/index/s2/s2_1.php,Aluminium Rod & Conductor ,알루미늄 전선소재 부품,{제조} 기술 기반의 {기업} ? {부품} 분야에서 {부품} 형태로 {Offline} ? {제조/공급} 합니다
Metallink,http://www.emetallink.com,,,,
Methinks,https://www.methinks.io/,https://apps.apple.com/app/id1128632758,미띵스 ,영상기반 소비자 인터뷰 서비스,{음악/영상스트리밍} 기술 기반의 {기업} ? {인터뷰/리서치} 분야에서 {모바일앱} 형태로 {Online} ? {지원} 합니다
Methinks,https://www.methinks.io/,,,,
MGsolutions,,,모티아이 ,뇌졸증 환자를 위한 모션인식 기반 자가재활운동 솔루션,{사물인터넷/센서} 기술 기반의 {바이오/의료} ? {재활치료} 분야에서 {하드웨어} 형태로 {Offline} ? {지원} 합니다
MGsolutions,,,,,
MichinExpressKorea,https://www.jcurve.xyz/,https://www.jcurve.xyz/,제이커브 ,쇼핑몰을 위한 모바일앱 제작 솔루션,{프로그램개발} 기술 기반의 {기업} ? {프로그램개발} 분야에서 {웹사이트} 형태로 {Online} ? {지원} 합니다
MichinExpressKorea,https://www.jcurve.xyz/,,,,
MICHINGALLERY,https://m.michingallery.com/,https://play.google.com/store/apps/details?id=com.michingallery&hl=ko,미술친구들 ,"예중,예고,미대(원) 학생작가 작품 관리 및 판매 서비스",{전자상거래} 기술 기반의 {콘텐츠} ? {예술/디자인} 분야에서 {모바일앱} 형태로 {Online} ? {중개} 합니다
MICHINGALLERY,https://m.michingallery.com/,,,,
Micimpact,http://www.micimpact.com/,http://www.micimpact.com/,마이크임팩트 스쿨 ,"인문, 사회, 아트, 취미, 비즈니스, 자기계발 온오프라인 강의 서비스",{음악/영상스트리밍} 기술 기반의 {교육} ? {강의/강연} 분야에서 {웹사이트} 형태로 {O2O} ? {지원} 합니다
Micimpact,http://www.micimpact.com/,,,,
MICRONX,http://micronx.co.kr/,http://micronx.co.kr/bbs/board.php?bo_table=product1,일렉 ,스위스형 모터를 치과용 의료기기 제품,{제조} 기술 기반의 {바이오/의료} ? {치과} 분야에서 {하드웨어} 형태로 {Offline} ? {제조/공급} 합니다
MICRONX,http://micronx.co.kr/,,,,
Microsystems,http://www.microsystems.co.kr/,,드롭 프리 글라스 ,"미세유체역학 기술 기반 유리의 표면의 먼지, 빗물, 성애를 전기적으로 제거하는 유리",{연구개발} 기술 기반의 {자동차} ? {기술지원} 분야에서 {부품} 형태로 {Offline} ? {제조/공급} 합니다
Microsystems,http://www.microsystems.co.kr/,,,,
Millieslibrary,http://www.millie.co.kr/,https://itunes.apple.com/us/app/밀리의-서재/id1213788923?mt=8,밀리의 서재 ,모바일 전자책 정기구독 서비스,{이미지/영상처리} 기술 기반의 {콘텐츠} ? {도서} 분야에서 {모바일앱} 형태로 {Online} ? {구독/멤버십} 합니다
Millieslibrary,http://www.millie.co.kr/,,,,
MINDAI,https://www.mind.ai/,https://www.mind.ai,마인드 ,"블록체인 보상기반 자동 학습 및 일반화, 자연 언어를 통해 추상적 추론이 가능한 인공지능 엔진",{인공지능} 기술 기반의 {기업} ? {기술지원} 분야에서 {API/SDK} 형태로 {Online} ? {지원} 합니다
MINDAI,https://www.mind.ai/,,,,
MINDLINKSOFT,http://mindlinksw.com/,https://play.google.com/store/apps/details?id=com.mindlink.howmuchreviews,리뷰얼마 ,직접 방문/구매한 영수증 인증 리뷰 리워드 앱,{빅데이터/분석} 기술 기반의 {광고마케팅} ? {쿠폰/멤버십} 분야에서 {모바일앱} 형태로 {O2O} ? {가맹} 합니다
MINDLINKSOFT,http://mindlinksw.com/,,,,
Mindlogic,https://mindlogic.ai/,https://mindlogic.ai/,AI연인챗봇 ,감성적 대화가 가능한 음성기반 AI연인챗봇,{인공지능} 기술 기반의 {생활} ? {연애/미팅} 분야에서 {모바일앱} 형태로 {Online} ? {지원} 합니다
Mindlogic,https://mindlogic.ai/,,,,
mindquake,http://caramel.ly/,http://caramel.ly/,카라멜 ,영상/사진 촬영 중개 서비스,{전자상거래} 기술 기반의 {콘텐츠} ? {사진} 분야에서 {웹사이트} 형태로 {O2O} ? {중개} 합니다
mindquake,http://caramel.ly/,,,,
MINDSLAB,http://mindslab.ai/,https://maum.ai/,마음AI ,인공지능 챗봇,{인공지능} 기술 기반의 {기업} ? {고객관리} 분야에서 {API/SDK} 형태로 {Online} ? {지원} 합니다
MINDSLAB,http://mindslab.ai/,,,,
Minglecon,http://www.minglecon.com/,https://itunes.apple.com/kr/app/%EB%B0%8D%EA%B8%80%EC%BD%98-%EB%86%8D%EA%B5%AC-%EC%98%81%EB%8B%A8%EC%96%B4240/id1326317806?mt=8,농구 영단어240  ,아이를 위한 게임형태의 영어교육 콘텐츠,{게임개발} 기술 기반의 {교육} ? {외국어교육} 분야에서 {모바일앱} 형태로 {Online} ? {지원} 합니다
Minglecon,http://www.minglecon.com/,,,,
Minimap,https://minimap.net/,https://minimap.net/,미니맵 ,게임 평가 및 추천 서비스,{빅데이터/분석} 기술 기반의 {게임} ? {데이터분석} 분야에서 {웹사이트} 형태로 {Online} ? {연구/분석} 합니다
MiniSchool,https://minischool.co.kr/,https://play.google.com/store/apps/details?id=com.minischool.minitv,키위TV ,캐릭터와 함께 하는 유아용 교육 서비스,{음악/영상스트리밍} 기술 기반의 {교육} ? {유아교육} 분야에서 {모바일앱} 형태로 {Online} ? {지원} 합니다
MiniSchool,https://minischool.co.kr/,,,,
Minkonet,https://www.minkonet.com/,https://assetstore.unity.com/packages/3d/characters/swing-replay-engine-83369,스윙 리플레이 엔진 ,게임 내에서 영상을 저장하고 리플레이 기능을 지원하는 스트리밍 솔루션,{음악/영상스트리밍} 기술 기반의 {게임} ? {기술지원} 분야에서 {API/SDK} 형태로 {Online} ? {지원} 합니다
Minkonet,https://www.minkonet.com/,,,,
MISDAQ,http://www.enjoykpop.com,http://www.enjoykpop.com,인조이케이팝 ,블록체인 기반 KPOP COVER 글로벌 배틀 SNS,{소셜네트워크} 기술 기반의 {엔터테인먼트} ? {이미지/영상} 분야에서 {웹사이트} 형태로 {Online} ? {지원} 합니다
MistersGarage,https://www.mr-dealer.com/,https://www.mr-dealer.com/,미스터딜러 ,중고차 가격 비교 서비스,{검색} 기술 기반의 {자동차} ? {중고거래} 분야에서 {웹사이트} 형태로 {Online} ? {중개} 합니다
MistersGarage,https://www.mr-dealer.com/,,,,
Mitiyoung,http://www.mitiyoung.com/,https://itunes.apple.com/app/apple-store/id1000047719?mt=8,미티영 ,미국TV로 배우는 영어회화 앱,{음악/영상스트리밍} 기술 기반의 {교육} ? {외국어교육} 분야에서 {모바일앱} 형태로 {Online} ? {지원} 합니다
Mitiyoung,http://www.mitiyoung.com/,,,,
MitoImmuneTherapeutics,,,MIT-001 ,미토콘드리아내의 활성산소를 제거하여 세포의 괴사 저해 및 염증성 인자 생성을 차단하는 항염제 후보물질,{연구개발} 기술 기반의 {바이오/의료} ? {약품/약물} 분야에서 {상품} 형태로 {Offline} ? {제조/공급} 합니다
MitoImmuneTherapeutics,,,,,
MK,http://www.mklc.co.kr,www.mklc.co.kr,카글 ,워셔액 제조기,{제조} 기술 기반의 {자동차} ? {기술지원} 분야에서 {하드웨어} 형태로 {Offline} ? {제조/공급} 합니다
MK,http://www.mklc.co.kr,,,,
mkbiotech,http://www.mkbiotech.co.kr,,동물용 줄기세포 치료제 ,"관절, 피부 질환 등 동물 치료용 줄기세포 치료제",{연구개발} 기술 기반의 {바이오/의료} ? {약품/약물} 분야에서 {상품} 형태로 {Offline} ? {제조/공급} 합니다
mkbiotech,http://www.mkbiotech.co.kr,,,,
Mmonitor,,,분자진단키트 ,"의료현장에서 패혈증, 뇌수막염, 폐렴, 결핵, 인플루엔자 원인균 검출용 진단 기기",{연구개발} 기술 기반의 {바이오/의료} ? {병리과} 분야에서 {상품} 형태로 {Offline} ? {제조/공급} 합니다
Mmonitor,,,,,
mn-nh,http://www.mn-nh.com,,VR/AR/MR/영상 프로세싱 솔루션 ,"실사 공간 영상 프로세싱, VR/AR/MR, 초고해상도 비디오, 3D 기반 특수목적 솔루션",{이미지/영상처리} 기술 기반의 {VR/AR} ? {기술지원} 분야에서 {소프트웨어} 형태로 {Online} ? {지원} 합니다
mn-nh,http://www.mn-nh.com,,,,
moAIs,,,굿샷 ,인공지능(AI) 기반 골프 스윙 분석 솔루션,{인공지능} 기술 기반의 {스포츠} ? {골프} 분야에서 {모바일앱} 형태로 {Online} ? {지원} 합니다
moAIs,,,,,
Mobidoo,http://ko.mobidoo.co/,,음파결제 솔루션 ,음파결제 솔루션,{음향처리} 기술 기반의 {금융} ? {송금/결제} 분야에서 {API/SDK} 형태로 {Online} ? {지원} 합니다
Mobidoo,http://ko.mobidoo.co/,http://en.mobidoo.co/solutions/,소닉 스탬프 ,디지털 쿠폰 적립 모바일 전자도장,{사물인터넷/센서} 기술 기반의 {광고마케팅} ? {쿠폰/멤버십} 분야에서 {하드웨어} 형태로 {O2O} ? {제조/공급} 합니다
Mobidoo,http://ko.mobidoo.co/,,,,
Mobilint,http://mobilint.co,mobilint.co,센서 퓨전 지능형 반도체 ,자율주행용 센서 퓨전/딥러닝 통합 지능형 반도체 솔루션,{인공지능} 기술 기반의 {자동차} ? {반도체} 분야에서 {부품} 형태로 {Offline} ? {제조/공급} 합니다
Mobilint,http://mobilint.co,,,,
MoDooDoc,https://www.modoodoc.com/,https://itunes.apple.com/kr/app/%EB%AA%A8%EB%91%90%EB%8B%A5/id1438086768?mt=8,모두닥 ,병원검색/예약/리뷰 앱,{검색} 기술 기반의 {바이오/의료} ? {정보제공} 분야에서 {모바일앱} 형태로 {Online} ? {지원} 합니다
MoDooDoc,https://www.modoodoc.com/,,,,
MODUCAMPUS,http://moducampus.com/,https://apps.apple.com/kr/app/%EB%AA%A8%EB%91%90%EC%9D%98-%EC%BA%A0%ED%8D%BC%EC%8A%A4/id1289619549,모두의캠퍼스 ,대학생 온라인 정보 공유 커뮤니티,{소셜네트워크} 기술 기반의 {교육} ? {소셜미디어} 분야에서 {모바일앱} 형태로 {Online} ? {지원} 합니다
MODUCAMPUS,http://moducampus.com/,,,,
MODUCOMPANY,http://www.moduparking.com,https://itunes.apple.com/kr/app/moduuijuchajang-daehanmingug1deung/id780174422?mt=8,모두의주차장 ,주차장 정보 제공 앱,{검색} 기술 기반의 {자동차} ? {주차} 분야에서 {모바일앱} 형태로 {Online} ? {지원} 합니다
MODUCOMPANY,http://www.moduparking.com,,,,
MODURICH,http://www.modurich.com/,http://www.modurich.com/,몬스탁 ,주식 투자 소셜 플랫폼 서비스,{빅데이터/분석} 기술 기반의 {금융} ? {주식} 분야에서 {모바일앱} 형태로 {Online} ? {중개} 합니다
MODURICH,http://www.modurich.com/,,,,
Modusign,https://www.modusign.co.kr,https://www.modusign.co.kr,모두싸인 ,원격/대면 계약이 가능한 온라인 계약 서비스,{클라우드} 기술 기반의 {기업} ? {법률/계약} 분야에서 {웹사이트} 형태로 {Online} ? {지원} 합니다
Modusign,https://www.modusign.co.kr,,,,
MoimComms,http://waple.us/,https://itunes.apple.com/kr/app/waple-wifi-sharing-platform/id1024930064?l=en&mt=8,와플 ,무료 WiFi존 찾기 앱,{클라우드} 기술 기반의 {생활} ? {통신} 분야에서 {모바일앱} 형태로 {Offline} ? {지원} 합니다
MoimComms,http://waple.us/,,,,
MOIN,http://www.themoin.com/,https://www.themoin.com,모인 ,블록체인 해외송금 서비스,{블록체인} 기술 기반의 {금융} ? {송금/결제} 분야에서 {웹사이트} 형태로 {Online} ? {중개} 합니다
MOIN,http://www.themoin.com/,,,,
MOLOCO,http://www.molocoads.com/,http://www.molocoads.com/,모로코 ,빅데이터 머신러닝 기반 모바일 자동 광고 집행 플랫폼,{인공지능} 기술 기반의 {광고마케팅} ? {마케팅솔루션} 분야에서 {웹사이트} 형태로 {Online} ? {지원} 합니다
MOLOCO,http://www.molocoads.com/,,,,
MOMO,http://momo.video/,https://www.youtube.com/channel/UCXecx8RcRFd102lukBiv2KQ,웹드라마박스 ,온라인 모바일 웹드라마 채널,{이미지/영상제작} 기술 기반의 {콘텐츠} ? {영화/드라마} 분야에서 {콘텐츠} 형태로 {Online} ? {제조/공급} 합니다
MOMO,http://momo.video/,,,,
MOMOCON,,https://www.youtube.com/channel/UCzacSE_ExLj6L5rXx2CakjQ,모모X ,뉴미디어 예능 콘텐츠 채널,{이미지/영상제작} 기술 기반의 {콘텐츠} ? {이미지/영상} 분야에서 {콘텐츠} 형태로 {Online} ? {제조/공급} 합니다
MOMOCON,,,,,
Monaissance,http://page.kakao.com/main?categoryUid=16&subCategoryUid=40&navi=1&inkatalk=0,http://page.kakao.com/main?categoryUid=16&subCategoryUid=40&navi=1&inkatalk=0,고전 5미닛 ,고전문학 영상 콘텐츠 서비스,{이미지/영상제작} 기술 기반의 {콘텐츠} ? {도서} 분야에서 {콘텐츠} 형태로 {Online} ? {제조/공급} 합니다
Monaissance,http://page.kakao.com/main?categoryUid=16&subCategoryUid=40&navi=1&inkatalk=0,,,,
Moncast,http://www.moncast.com/,https://itunes.apple.com/ph/app/monkaeseuteu-moncast/id955367690?mt=8,몬캐스트 ,영상 콘텐츠 추천 서비스,{이미지/영상처리} 기술 기반의 {콘텐츠} ? {이미지/영상} 분야에서 {모바일앱} 형태로 {Online} ? {추천} 합니다
Moncast,http://www.moncast.com/,,,,
Mondaydream,http://www.mondaydream.com/,https://itunes.apple.com/kr/app/recpic-yeongsujeung-jjigneun/id1097326081?mt=8,레픽 ,영수증 입력 가계부 서비스,{이미지/영상처리} 기술 기반의 {금융} ? {자산관리} 분야에서 {모바일앱} 형태로 {Online} ? {지원} 합니다
Mondaydream,http://www.mondaydream.com/,,,,
MoneyBrain,http://www.moneybrain.ai/,http://www.moneybrain.ai/,플레이챗 ,인공지능 챗봇 플랫폼,{인공지능} 기술 기반의 {기업} ? {고객관리} 분야에서 {API/SDK} 형태로 {Online} ? {지원} 합니다
MoneyBrain,http://www.moneybrain.ai/,https://play.google.com/store/apps/details?id=ai.moneybrain.speaknow&hl=ko,스픽나우 ,인공지능 영어 회화 서비스,{인공지능} 기술 기반의 {교육} ? {외국어교육} 분야에서 {모바일앱} 형태로 {Online} ? {지원} 합니다
MoneyBrain,http://www.moneybrain.ai/,,,,
Moneylabs,https://www.moneylabs.co.kr/,https://itunes.apple.com/kr/app/beulokolli/id1142532055?mt=8,브로콜리 ,소비 패턴 분석 서비스,{빅데이터/분석} 기술 기반의 {금융} ? {자산관리} 분야에서 {모바일앱} 형태로 {Online} ? {연구/분석} 합니다
Moneylabs,https://www.moneylabs.co.kr/,,,,
MoneyMagnet,https://www.masocampus.com/,,마소캠퍼스 ,디지털 마케팅 및 데이터 분석 실무 전문 교육기관,{프로그램개발} 기술 기반의 {교육} ? {직무교육} 분야에서 {교육/컨설팅} 형태로 {Offline} ? {지원} 합니다
MoneyMagnet,https://www.masocampus.com/,,,,
MONITORAPP,https://www.monitorapp.com,https://www.aioncloud.com,웹방화벽 ,웹사이트를 해킹으로부터 방어하는 솔루션,{클라우드} 기술 기반의 {보안} ? {보안인증} 분야에서 {웹사이트} 형태로 {Online} ? {지원} 합니다
MONITORAPP,https://www.monitorapp.com,,,,
MonitorCorporation,http://monitorcorp.ai/,,의료영상 분석 솔루션 ,AI기반 의료영상 분석 솔루션,{인공지능} 기술 기반의 {바이오/의료} ? {이미지/영상} 분야에서 {소프트웨어} 형태로 {Online} ? {지원} 합니다
MonitorCorporation,http://monitorcorp.ai/,,,,
monolabs,http://monolabs.io,,모노체인 ,블록체인 기반 정품인증 시스템,{블록체인} 기술 기반의 {쇼핑} ? {보안인증} 분야에서 {소프트웨어} 형태로 {Online} ? {지원} 합니다
monolabs,http://monolabs.io,,비스켓 ,개인 맞춤형 건강기능식품 정기배송 서비스,{전자상거래} 기술 기반의 {헬스케어} ? {건강기능식품} 분야에서 {상품} 형태로 {Online} ? {유통} 합니다
monolabs,http://monolabs.io,,,,
MonsterSchool,http://www.monsterschool.kr/,,암산비법 색깔셈 ,초등학생을 대상으로 스마트 수학 학습 콘텐츠,{프로그램개발} 기술 기반의 {교육} ? {수학교육} 분야에서 {모바일앱} 형태로 {Online} ? {지원} 합니다
MonsterSchool,http://www.monsterschool.kr/,,,,
Mooncademy,http://arirangschool.co.kr,http://mooncademy.co.kr,문카데미 ,악기까지 배송해 주는 온라인 취미예술 클래스 정기구독 플랫폼,{음악/영상스트리밍} 기술 기반의 {교육} ? {취미} 분야에서 {웹사이트} 형태로 {Online} ? {구독/멤버십} 합니다
Mooncademy,http://arirangschool.co.kr,,,,
MoonRiver,https://www.itemscout.io/,https://www.itemscout.io/,아이템스카우트 ,온라인 셀러용 판매분석툴,{빅데이터/분석} 기술 기반의 {쇼핑} ? {데이터분석} 분야에서 {웹사이트} 형태로 {Online} ? {지원} 합니다
Morai,http://www.morai.ai/,http://www.morai.ai/,자율주행시뮬레이터 ,자율주행 테스트 및 고도화를 위한 시뮬레이터,{인공지능} 기술 기반의 {자동차} ? {검사/테스트} 분야에서 {소프트웨어} 형태로 {Online} ? {연구/분석} 합니다
Morai,http://www.morai.ai/,,,,
MoSQ,,,의료술기 교육 솔루션 ,AI와 로봇 기술을 바탕으로 의료 술기의 교육 및 수행 과정에서 발생하는 비효율성을 해결하기 위한 솔루션,{인공지능} 기술 기반의 {바이오/의료} ? {교육보조} 분야에서 {소프트웨어} 형태로 {Online} ? {지원} 합니다
MoSQ,,,,,
MOSTAPES,http://mostapes.com/,http://mostapes.com/,치피후드 ,다람쥐 소년 치피와 친구들이 도토리 숲을 배경으로 펼치는 얘기를 담은 애니메이션,{3D그래픽/애니메이션} 기술 기반의 {콘텐츠} ? {애니메이션/웹툰} 분야에서 {콘텐츠} 형태로 {Online} ? {제조/공급} 합니다
MOSTAPES,http://mostapes.com/,,,,
MotionLabs,https://motionlabs.kr,https://play.google.com/store/apps/details?id=com.motionlabs.bella,닥터벨라 ,여성 디지털 헬스케어 서비스,{리얼타임 커뮤니케이션} 기술 기반의 {바이오/의료} ? {의료상담} 분야에서 {모바일앱} 형태로 {O2O} ? {중개} 합니다
Mpros,http://www.medical-pros.com/,http://www.medical-pros.com/pub/products/sub0201.html,BP24 ,손목시계형 혈압계,{사물인터넷/센서} 기술 기반의 {바이오/의료} ? {웨어러블} 분야에서 {하드웨어} 형태로 {Offline} ? {제조/공급} 합니다
Mpros,http://www.medical-pros.com/,,,,
mrblue,http://www.mrblue.com/,https://itunes.apple.com/kr/app/id381253120,미스터블루 ,"웹툰, 소설 플랫폼",{이미지/영상처리} 기술 기반의 {콘텐츠} ? {애니메이션/웹툰} 분야에서 {모바일앱} 형태로 {Online} ? {유통} 합니다
mrblue,http://www.mrblue.com/,,,,
MrMIND,http://www.mrmind.ai,https://drive.google.com/open?id=1AutYgsfOctqlMSsFssAJhVqknR62BnGS,인공지능 어르신말동무 인형 ,인공지능 기술로 우울증 및 치매예방과 각종 사회적문제를 해결합니다.,{인공지능} 기술 기반의 {헬스케어} ? {간호} 분야에서 {상품} 형태로 {Offline} ? {제조/공급} 합니다
MrMIND,http://www.mrmind.ai,,,,
MTECGlobal,http://www.mtecglobal.com,http://www.mtecglobal.com,웨어러블 산소포화도 측정 장치 ,웨어러블 산소포화도 측정 장치,{사물인터넷/센서} 기술 기반의 {바이오/의료} ? {의료정보} 분야에서 {하드웨어} 형태로 {Offline} ? {연구/분석} 합니다
MTECGlobal,http://www.mtecglobal.com,,,,
Mtreecare,http://www.mtreecare.com,http://www.thermocare.me,써모케어 ,스마트 비접촉 체온계,{사물인터넷/센서} 기술 기반의 {바이오/의료} ? {병리과} 분야에서 {하드웨어} 형태로 {Offline} ? {지원} 합니다
Mtreecare,http://www.mtreecare.com,,,,
MultiplEYE,,,멀티플아이 ,4대의 초광각 어안렌즈 카메라를 이용하여 거리를 측정하는 센서,{사물인터넷/센서} 기술 기반의 {자동차} ? {기술지원} 분야에서 {부품} 형태로 {Offline} ? {제조/공급} 합니다
munchfactory,https://hourplace.co.kr/,https://hourplace.co.kr/,아워플레이스 ,촬영 장소 공유 플랫폼,{검색} 기술 기반의 {콘텐츠} ? {스튜디오} 분야에서 {웹사이트} 형태로 {O2O} ? {중개} 합니다
munchfactory,https://hourplace.co.kr/,,,,
Mune,,,앤디 ,주사기 자동 폐기처리 기기,{제조} 기술 기반의 {바이오/의료} ? {폐기물/쓰레기} 분야에서 {하드웨어} 형태로 {Offline} ? {제조/공급} 합니다
Mune,,,,,
munpia,http://www.munpia.com/,https://itunes.apple.com/kr/app/munpia/id870468218?mt=8,문피아 ,웹소설 플랫폼,{이미지/영상처리} 기술 기반의 {콘텐츠} ? {도서} 분야에서 {모바일앱} 형태로 {Online} ? {지원} 합니다
munpia,http://www.munpia.com/,,,,
MusicBuddy,,,음원 제작 ,"음원 제작 및 유통, 드라마 음악 제작",{음악제작} 기술 기반의 {콘텐츠} ? {음악제작} 분야에서 {콘텐츠} 형태로 {Online} ? {제조/공급} 합니다
MusicBuddy,,,,,
MUSICOW,http://musicow.com,https://www.musicow.com/,뮤직카우 ,음악저작권 공유 플랫폼,{크라우드펀딩} 기술 기반의 {콘텐츠} ? {금융상품} 분야에서 {웹사이트} 형태로 {Online} ? {중개} 합니다
MUSICOW,http://musicow.com,,,,
Muzlive,http://www.muzlive.com/,http://www.muzlive.com/,키노 플레이어 ,뮤즈 키트 (키노 앨범)를 실행시킬 수 있는 플레이어,{제조} 기술 기반의 {콘텐츠} ? {음향기기} 분야에서 {하드웨어} 형태로 {Offline} ? {제조/공급} 합니다
Muzlive,http://www.muzlive.com/,,,,
MVLLABS,https://mvlchain.io/,https://mvlchain.io/,엠블 ,블록체인기반 모빌리티 플랫폼,{블록체인} 기술 기반의 {자동차} ? {데이터기록/관리} 분야에서 {API/SDK} 형태로 {Online} ? {지원} 합니다
MVLLABS,https://mvlchain.io/,https://apps.apple.com/app/tada-ride-hailing/id1412329684?ls=1,타다 ,싱가포르 공유차량 호출 앱,{리얼타임 커뮤니케이션} 기술 기반의 {자동차} ? {택시/카풀} 분야에서 {모바일앱} 형태로 {O2O} ? {중개} 합니다
MXBIO,http://mx-bio.com/,,치주질환치료제 ,치주질환을 유발하는 주요 미생물을 타깃으로 한 치주질환치료제,{연구개발} 기술 기반의 {바이오/의료} ? {치과} 분야에서 {상품} 형태로 {Offline} ? {제조/공급} 합니다
MXBIO,http://mx-bio.com/,,,,
MybeneFit,http://www.mybenefit.co.kr/,http://www.mybenefit.co.kr/,버추얼메이트 ,무인 피트니스 코치 키오스크,{인공지능} 기술 기반의 {헬스케어} ? {헬스/다이어트} 분야에서 {하드웨어} 형태로 {Online} ? {제조/공급} 합니다
Mycelebs,https://www.mycelebs.com/,https://itunes.apple.com/kr/app/%EB%A7%90%ED%95%B4/id1358216435?l=ko&ls=1&mt=8,말해 ,인공지능/빅데이터 처리 기술을 활용해 대중의 취향을 큐레이션하여 음성 검색으로 추천 결과를 제공해주는 서비스,{빅데이터/분석} 기술 기반의 {생활} ? {소셜미디어} 분야에서 {모바일앱} 형태로 {Online} ? {추천} 합니다
Mycelebs,https://www.mycelebs.com/,https://play.google.com/store/apps/details?id=com.mycelebs.excitingbooking,마이버킷리스트 ,AI기반 여행 정보 제공 서비스,{인공지능} 기술 기반의 {여행} ? {여행플래닝} 분야에서 {모바일앱} 형태로 {Online} ? {추천} 합니다
Mycelebs,https://www.mycelebs.com/,,,,
Mycroft,https://rocket.is,https://play.google.com/store/apps/details?id=kr.co.myrocket&hl=ko,로켓 ,"대학생 대외활동, 해외탐방, 공모전, 봉사활동 정보 제공 플랫폼",{빅데이터/분석} 기술 기반의 {교육} ? {이벤트/행사} 분야에서 {모바일앱} 형태로 {Online} ? {지원} 합니다
Mycroft,https://rocket.is,,,,
MyFair,https://myfair.co,https://myfair.co,마이페어 ,해외 박람회 부스 참가 웹 플랫폼,{검색} 기술 기반의 {기업} ? {전시/공연} 분야에서 {웹사이트} 형태로 {Online} ? {중개} 합니다
MyFair,https://myfair.co,,,,
MyFranchise,https://myfranchise.kr/,https://myfranchise.kr/,마이프랜차이즈 ,프랜차이즈 브랜드별 비교분석 정보 제공 서비스,{빅데이터/분석} 기술 기반의 {기업} ? {외식} 분야에서 {웹사이트} 형태로 {Online} ? {중개} 합니다
MyFranchise,https://myfranchise.kr/,,,,
MyLittleBook,https://mylittlebook.kr,https://www.mylittlebook.kr,마이리틀북 ,페이지 과금 종량제 전자책 독서어플,{이미지/영상처리} 기술 기반의 {콘텐츠} ? {도서} 분야에서 {웹사이트?모바일앱} 형태로 {Online} ? {구독/멤버십} 합니다
MyLittleBook,https://mylittlebook.kr,,,,
Mysterico,https://mysterico.com,https://builder.latte.ai,라떼 AI ,인공지능 챗봇 빌더,{인공지능} 기술 기반의 {기업} ? {고객관리} 분야에서 {API/SDK} 형태로 {Online} ? {지원} 합니다
Mysterico,https://mysterico.com,,,,
MythicalGames,https://mythical.games/,https://blankos.com/,블랭코스 블록파티 ,블록체인 기술기반 MMO 슈팅 게임,{블록체인} 기술 기반의 {게임} ? {슈팅게임} 분야에서 {소프트웨어} 형태로 {Online} ? {지원} 합니다
NABUStudio,https://nabustudio.co.kr/,https://www.sportsplx.com/,스포츠플렉스 ,블록체인 기반의 스포츠 시뮬레이션 게임,{블록체인} 기술 기반의 {게임} ? {스포츠게임} 분야에서 {DApp} 형태로 {Online} ? {지원} 합니다
NABUStudio,https://nabustudio.co.kr/,,,,
NAIMNetworks,http://www.naimnetworks.com/,http://www.naimnetworks.com/Tango?Pdown=1,탱고 ,기업의 소프트웨어 정의 데이터센터(SDDC) 관리를 위한 인프라 모니터링 솔루션,{클라우드} 기술 기반의 {기업} ? {인프라} 분야에서 {API/SDK} 형태로 {Online} ? {지원} 합니다
NAIMNetworks,http://www.naimnetworks.com/,,,,
naivy,http://www.anonymousartists.me,https://apps.apple.com/kr/app/%EB%AF%B9%EC%8A%A4%ED%85%8C%EC%9E%8E-mixtape/id1435259258,흐름 ,DJ 기반 플레이리스트 웹캐스팅 서비스,{음악/영상스트리밍} 기술 기반의 {콘텐츠} ? {라디오/팟캐스트} 분야에서 {모바일앱} 형태로 {Online} ? {지원} 합니다
naivy,http://www.anonymousartists.me,,,,
NaldaFactory,http://www.nalda-factory.com/,,플라잉 와이어 시스템 ,4축을 기반으로 한 실시간 와이어 위치이동 시스템,{제조} 기술 기반의 {엔터테인먼트} ? {기술지원} 분야에서 {기계} 형태로 {Offline} ? {제조/공급} 합니다
NaldaFactory,http://www.nalda-factory.com/,,,,
Nanobiolife,http://www.nanobiolife.com/,,Nano-KGIC ,코로나 19 신속진단키트,{연구개발} 기술 기반의 {바이오/의료} ? {진단} 분야에서 {상품} 형태로 {Offline} ? {제조/공급} 합니다
Narrowcast,https://www.virect.com/,https://www.virect.com,비렉트 ,크라우드소싱 활용 동영상 제작 서비스,{이미지/영상제작} 기술 기반의 {콘텐츠} ? {이미지/영상} 분야에서 {콘텐츠} 형태로 {Online} ? {제조/공급} 합니다
Narrowcast,https://www.virect.com/,,,,
NatureGluetech,,,메디컬생체접착제 ,홍합접착단백질을 이용한 메디컬생체접착제,{연구개발} 기술 기반의 {바이오/의료} ? {약품/약물} 분야에서 {상품} 형태로 {Offline} ? {제조/공급} 합니다
NatureGluetech,,,,,
NBPOSTECH,http://nbpostech.com/,http://nbpostech.com/,체외진단용 의료기기 ,나노콘 기술 활용한 체외진단용 의료기기,{연구개발} 기술 기반의 {바이오/의료} ? {진단} 분야에서 {하드웨어} 형태로 {Offline} ? {제조/공급} 합니다
NBPOSTECH,http://nbpostech.com/,,,,
NCer,,,치매 조기 진단 솔루션 ,후각 반응과 근적외선 분광법을 활용한 치매 조기진단 솔루션,{이미지/영상처리} 기술 기반의 {바이오/의료} ? {뇌질환} 분야에서 {하드웨어} 형태로 {Offline} ? {제조/공급} 합니다
NCer,,,,,
Ncomputing,https://www.ncomputing.com/,https://www.ncomputing.com/en/products/vspace-platform,vSpace ,가상화 데스크탑 컴퓨팅 서비스,{클라우드} 기술 기반의 {생활} ? {유틸리티} 분야에서 {소프트웨어} 형태로 {Online} ? {지원} 합니다
Ncomputing,https://www.ncomputing.com/,,,,
NectIT,http://skyhub.co.kr,http://skyhub.co.kr,스카이허브 ,백엔드개발 자동 구축 솔루션,{프로그램개발} 기술 기반의 {기업} ? {프로그램개발} 분야에서 {소프트웨어} 형태로 {Online} ? {지원} 합니다
NEEDS,http://ourneeds.co.kr,https://play.google.com/store/apps/details?id=kr.co.ourneeds.app,유통기한 언제지 ,인공지능 기술을 활용한 재고 및 유통기한 관리 플랫폼,{인공지능} 기술 기반의 {음식} ? {물류관리} 분야에서 {모바일앱} 형태로 {O2O} ? {지원} 합니다
NEEDS,http://ourneeds.co.kr,,,,
NEMOUX,http://nemoux.net/,http://nemoux.net/,파인 플랫폼 ,멀티터치스크린 테이블 및 파사드용 소프트웨어,{프로그램개발} 기술 기반의 {기업} ? {디스플레이} 분야에서 {소프트웨어} 형태로 {Offline} ? {지원} 합니다
NEMOUX,http://nemoux.net/,,,,
Nemustech,http://nemustech.com/,http://www.indoornow.com/,인도어나우 ,"비콘, Wifi를 이용한 실내 위치 추척 및 실내 내비게이션 프레임워크",{블루투스/비콘} 기술 기반의 {기업} ? {지리정보} 분야에서 {하드웨어} 형태로 {Offline} ? {제조/공급} 합니다
Nemustech,http://nemustech.com/,,,,
NeoBazar,http://neobazar.webmoa21.co.kr/,https://play.google.com/store/apps/details?id=com.neobazar.webcomics,웹코믹스 ,인도네시아 웹툰 플랫폼,{이미지/영상처리} 기술 기반의 {콘텐츠} ? {애니메이션/웹툰} 분야에서 {모바일앱} 형태로 {Online} ? {유통} 합니다
NeoBazar,http://neobazar.webmoa21.co.kr/,,,,
Neocomix,http://neocomix.com,https://www.youtube.com/channel/UC-kac5GGFtnS9M2JDIBM--A/featured,네오코믹스 ,인공지능 기반 유튜브 웹툰 퍼블리싱 플랫폼,{인공지능} 기술 기반의 {콘텐츠} ? {애니메이션/웹툰} 분야에서 {채널} 형태로 {Online} ? {유통} 합니다
Neocomix,http://neocomix.com,,,,
NEOFECT,http://www.neofect.com/ko/,http://www.neofect.com/ko/,라파엘 스마트 글러브 ,손 재활을 위한 착용형 바이오피드백 훈련 기기,{사물인터넷/센서} 기술 기반의 {바이오/의료} ? {재활치료} 분야에서 {하드웨어} 형태로 {Offline} ? {제조/공급} 합니다
NEOFECT,http://www.neofect.com/ko/,,,,
NEOFLAT,https://gobang.kr,https://gobang.kr/,고방 ,2030 부동산 정보 서비스 플랫폼,{검색} 기술 기반의 {부동산} ? {쉐어하우스} 분야에서 {웹사이트} 형태로 {O2O} ? {중개} 합니다
NEOFLAT,https://gobang.kr,,,,
NEOGENTC,,,면역세포항암제 ,개인맞춤형 TIL/TCR-T 면역세포항암제 개발,{연구개발} 기술 기반의 {바이오/의료} ? {약품/약물} 분야에서 {상품} 형태로 {Offline} ? {제조/공급} 합니다
NEOGENTC,,,,,
NeolabConvergence,http://www.neolab.kr/,http://www.neolab.kr/smartpen/,네오스마트펜 ,종이필기 디지털 전환 펜,{사물인터넷/센서} 기술 기반의 {콘텐츠} ? {예술/디자인} 분야에서 {하드웨어} 형태로 {Offline} ? {지원} 합니다
NeolabConvergence,http://www.neolab.kr/,,,,
Neosapience,http://neosapience.com/,https://typecast.ai/,타입캐스트 ,딥러닝 음성 합성 기술기반 인공지능 성우 서비스,{인공지능} 기술 기반의 {콘텐츠} ? {기술지원} 분야에서 {웹사이트} 형태로 {Online} ? {지원} 합니다
neozensoft,http://www.neozensoft.com,http://www.neozensoft.com/m2/summary.html,네오모바일이엠알 ,의료진을 위한 환자정보 조회 및 협업을 모바일 솔루션,{클라우드} 기술 기반의 {바이오/의료} ? {인프라} 분야에서 {소프트웨어} 형태로 {Online} ? {지원} 합니다
neozensoft,http://www.neozensoft.com,,,,
NETSOL,http://www.netsol.co.kr,http://www.netsol.co.kr/prod/prods.asp?prodCode=1,SRAM ,초고속 SRAM 메모리,{제조} 기술 기반의 {기업} ? {통신} 분야에서 {부품} 형태로 {Offline} ? {제조/공급} 합니다
NETSOL,http://www.netsol.co.kr,,,,
NetTargets,http://www.net-targets.com/,,신약 타겟 발굴 서비스 ,시스템생물학과 AI를 접목한 기반 기술을 바탕으로 약물 타겟 및 신약 후보 물질 발굴,{인공지능} 기술 기반의 {바이오/의료} ? {데이터분석} 분야에서 {소프트웨어} 형태로 {Online} ? {연구/분석} 합니다
NetTargets,http://www.net-targets.com/,,,,
NeuracleScience,http://www.eusik.com/,http://www.eusik.com/neuracle/ko/pipeline/pipeline.asp,뇌질환 조기 진단시약 ,뇌신경손상 및 퇴행성 뇌질환의 조기 진단시약,{연구개발} 기술 기반의 {바이오/의료} ? {뇌질환} 분야에서 {상품} 형태로 {Offline} ? {제조/공급} 합니다
NeuracleScience,http://www.eusik.com/,,,,
Neuraly,http://www.neuralymed.com/,,NLY01 ,파킨슨병 치료제 후보물질 개발,{연구개발} 기술 기반의 {바이오/의료} ? {뇌질환} 분야에서 {상품} 형태로 {Offline} ? {제조/공급} 합니다
Neuramedy,,,파킨슨병 치료용 항체 ,파킨슨병 치료용 항체,{연구개발} 기술 기반의 {바이오/의료} ? {뇌질환} 분야에서 {상품} 형태로 {Offline} ? {제조/공급} 합니다
Neuramedy,,,,,
NeuroBiogen,,,알츠하이머 치료제 ,알츠하이머 치료제,{연구개발} 기술 기반의 {바이오/의료} ? {뇌질환} 분야에서 {상품} 형태로 {Offline} ? {제조/공급} 합니다
NeuroBiogen,,,,,
neurodigm,http://neurodigm.ai/,,영상 인식 AI 엔진 ,영상 인식 AI 엔진,{인공지능} 기술 기반의 {기업} ? {기술지원} 분야에서 {소프트웨어} 형태로 {Online} ? {지원} 합니다
neurodigm,http://neurodigm.ai/,,,,
NEUROGAZER,http://www.neurogazer.com/,,뇌분석 적성검사 ,"머신러닝으로 뇌 MRI데이터를 분석하여 뇌의 성장상태, 인지능력, 적성 검사 서비스 제공",{인공지능} 기술 기반의 {바이오/의료} ? {이미지/영상} 분야에서 {교육/컨설팅} 형태로 {Offline} ? {지원} 합니다
NEUROGAZER,http://www.neurogazer.com/,,,,
Neuromeka,http://www.neuromeka.com,http://www.neuromeka.com/cobot,인디 ,쉽고 안전한 산업용 협동 로봇,{제조} 기술 기반의 {기업} ? {로봇} 분야에서 {하드웨어} 형태로 {Offline} ? {제조/공급} 합니다
Neuromeka,http://www.neuromeka.com,,,,
NEUROPHET,https://www.neurophet.com/,https://www.neurophet.com/tes-lab,테스랩 ,MRI 데이터 기반 개인화 맞춤형 뇌 3D 모델링 소프트웨어,{인공지능} 기술 기반의 {바이오/의료} ? {이미지/영상} 분야에서 {소프트웨어} 형태로 {Online} ? {지원} 합니다
NEUROPHET,https://www.neurophet.com/,,,,
NeuroVenti,http://www.neuroventi.com/,http://www.neuroventi.com/,뇌발달장애 치료제 ,삼중재흡수 억제제 기반 주의력결핍 과잉행동장애(ADHD) 치료제 개발,{연구개발} 기술 기반의 {바이오/의료} ? {뇌질환} 분야에서 {상품} 형태로 {Offline} ? {제조/공급} 합니다
NeuroVenti,http://www.neuroventi.com/,,,,
newneek,https://newneek.co/,https://newneek.co/,뉴닉 ,밀레니얼을 위한 시사 요약 메일링 서비스,{콘텐츠} ? {인터넷미디어} 분야에서 {콘텐츠} 형태로 {Online} ? {지원} 합니다
newneek,https://newneek.co/,,,,
Newploy,https://www.newploy.net/,https://play.google.com/store/apps/details?id=com.sidea.hanchon,알밤 ,"중소사업자용 출퇴근 관리, 자동 급여계산 서비스",{클라우드} 기술 기반의 {기업} ? {인사관리} 분야에서 {모바일앱} 형태로 {Online} ? {지원} 합니다
Newploy,https://www.newploy.net/,http://www.albam.me/,알밤 출퇴근기록기 ,블루투스기반 출퇴근 기록기,{사물인터넷/센서} 기술 기반의 {기업} ? {인사관리} 분야에서 {하드웨어} 형태로 {O2O} ? {지원} 합니다
Newploy,https://www.newploy.net/,,,,
NewsJelly,http://newsjel.ly/,https://daisy.newsjel.ly,데이지 ,데이터 시각화 솔루션,{빅데이터/분석} 기술 기반의 {기업} ? {데이터분석} 분야에서 {소프트웨어} 형태로 {Online} ? {지원} 합니다
NewsJelly,http://newsjel.ly/,,,,
NEWSYSTOCK,http://intro.newsystock.com/IntroB2C.aspx,http://genport.newsystock.co.kr/Common/WhyGenPort.aspx,젠포트 ,자산관리 인공지능 로보어드바이저,{빅데이터/분석} 기술 기반의 {금융} ? {자산관리} 분야에서 {웹사이트} 형태로 {Online} ? {연구/분석} 합니다
NEWSYSTOCK,http://intro.newsystock.com/IntroB2C.aspx,,,,
NexCloud,https://www.nexcloud.co.kr,https://www.nexclipper.io,넥스클리퍼 ,관리형 클라우드 네이티브 운영 모니터링 솔루션,{클라우드} 기술 기반의 {기업} ? {인프라} 분야에서 {소프트웨어} 형태로 {Online} ? {지원} 합니다
NexcommSystems,http://nexcomm.co.kr/,http://nexcomm.co.kr/kr/products/shdsl-product-line/coe-products/n5000/,N5000 집중장비 ,캐리어 이더넷 액세서급 집합형 장비,{통신시스템} 기술 기반의 {기업} ? {통신} 분야에서 {하드웨어} 형태로 {Offline} ? {제조/공급} 합니다
NexcommSystems,http://nexcomm.co.kr/,,,,
Nexell,http://www.nexell.co.kr/,,비알콜성 지방간염 치료제 ,비알콜성 지방간염(NASH) 치료제,{연구개발} 기술 기반의 {바이오/의료} ? {소화기내과} 분야에서 {상품} 형태로 {Offline} ? {제조/공급} 합니다
Nexell,http://www.nexell.co.kr/,,,,
NexSys,http://www.nex-sys.co.kr,http://www.nex-sys.co.kr/,IoT헬멧 ,산업현장 안전 및 생산성 관리용 스마트 헬멧,{사물인터넷/센서} 기술 기반의 {기업} ? {안전관리} 분야에서 {하드웨어} 형태로 {Offline} ? {제조/공급} 합니다
NexSys,http://www.nex-sys.co.kr,,,,
NEXTGENBIOSCIENCE,http://www.nextgenbio.co.kr/,,섬유증 신약 ,섬유증 신약 개발,{연구개발} 기술 기반의 {바이오/의료} ? {약품/약물} 분야에서 {상품} 형태로 {Offline} ? {제조/공급} 합니다
NEXTGENBIOSCIENCE,http://www.nextgenbio.co.kr/,,,,
NEXTIN,http://nextinsol.com,http://nextinsol.com/ko/aegis_ko/,디스플레이 검사 장비 ,디스플레이 전공정 분야 검사 장비,{제조} 기술 기반의 {기업} ? {전자제품} 분야에서 {공정/설비} 형태로 {Offline} ? {제조/공급} 합니다
NEXTIN,http://nextinsol.com,,,,
NEXTINNOVATION,http://with-ni.com/kr/about.html,http://with-ni.com/kr/main.html,센시컨버터 ,시각장애인용 점자변환소프트웨어,{이미지/영상처리} 기술 기반의 {바이오/의료} ? {안과} 분야에서 {소프트웨어} 형태로 {Online} ? {지원} 합니다
NEXTINNOVATION,http://with-ni.com/kr/about.html,,,,
NextnBio,http://nextandbio.com,,난치성질환 치료제 ,줄기세포와 차세대 조직배양 플레이트 기술을 이용하여 3차원 장기유사체인 오가노이드를 생산하여 난치성질환 치료제 개발,{연구개발} 기술 기반의 {바이오/의료} ? {약품/약물} 분야에서 {상품} 형태로 {Offline} ? {제조/공급} 합니다
NextnBio,http://nextandbio.com,,,,
NextValue,http://seller-guide.com/,http://seller-guide.com/,셀러가이드 ,"셀러를 위한 고객 응대, 발송, 상품 관리 솔루션",{빅데이터/분석} 기술 기반의 {광고마케팅} ? {마케팅솔루션} 분야에서 {웹사이트} 형태로 {Online} ? {구독/멤버십} 합니다
NexyonBiotech,,,골질환 치료제 ,지방대사 기전 기반 혁신 골질환 치료제,{연구개발} 기술 기반의 {바이오/의료} ? {약품/약물} 분야에서 {상품} 형태로 {Offline} ? {제조/공급} 합니다
nflabs,http://www.nflabs.com/,https://zeppelin.apache.org,아파치 제플린 ,웹기반 데이터 분석 시각화 협업 애플리케이션,{빅데이터/분석} 기술 기반의 {기업} ? {데이터분석} 분야에서 {웹사이트} 형태로 {Online} ? {지원} 합니다
nflabs,http://www.nflabs.com/,,,,
NGeneBio,http://ngenebio.com/ko/,http://ngenebio.com/ko/products/ngs-cancer-panel/hemeaccutest/,BRCA아큐테스트 ,차세대염기서열분석(NGS) 기술 기반 유전성 유방암 BRCA 유전자 검사 키트,{연구개발} 기술 기반의 {바이오/의료} ? {진단} 분야에서 {상품} 형태로 {Offline} ? {제조/공급} 합니다
NGeneBio,http://ngenebio.com/ko/,,,,
NHNEdu,http://www.iamcompany.net,https://itunes.apple.com/kr/app/aiemseukul-haggyo-aepeullikeisyeon/id540665717?mt=8,아이엠스쿨 ,학교 정보 공유 및 교사 학부모 커뮤니케이션 서비스,{리얼타임 커뮤니케이션} 기술 기반의 {교육} ? {교육보조} 분야에서 {모바일앱} 형태로 {Online} ? {지원} 합니다
NHNEdu,http://www.iamcompany.net,,,,
NineCorporation,https://planetariumhq.com/,https://planetariumhq.com/,플라네타리움 ,블록체인 기반 게임 엔진,{블록체인} 기술 기반의 {게임} ? {인프라} 분야에서 {API/SDK} 형태로 {Online} ? {지원} 합니다
NineCorporation,https://planetariumhq.com/,,,,
ninewatt,http://ninewatt.com/,http://ninewatt.com/,나인와트 ,빅데이터 분석 기반 건물에너지 절감 의사 결정 서비스,{빅데이터/분석} 기술 기반의 {환경/에너지} ? {전기에너지} 분야에서 {웹사이트} 형태로 {Online} ? {연구/분석} 합니다
ninewatt,http://ninewatt.com/,,,,
Nodebrick,https://www.nodebrick.com/,https://game.infinitystar.io,인피니티스타 ,블록체인 기술을 적용한 액션 RPG,{블록체인} 기술 기반의 {게임} ? {RPG} 분야에서 {DApp} 형태로 {Online} ? {지원} 합니다
Nodebrick,https://www.nodebrick.com/,,서머너즈 듀얼 ,블록체인 기술을 적용한 TCG,{블록체인} 기술 기반의 {게임} ? {TCG} 분야에서 {DApp} 형태로 {Online} ? {지원} 합니다
Nodebrick,https://www.nodebrick.com/,,,,
nodetalks,https://www.nodetalks.co.kr/,https://www.nodetalks.co.kr/,휴대용 가스감지기 ,초저전력 센서 구동기술이 적용된 시스템반도체 기반 지능형 웨어러블 가스 모니터,{사물인터넷/센서} 기술 기반의 {기업} ? {안전관리} 분야에서 {하드웨어} 형태로 {Offline} ? {제조/공급} 합니다
nodetalks,https://www.nodetalks.co.kr/,,,,
NODGames,https://www.nodgames.com/,https://play.google.com/store/apps/details?id=com.nodgames.smcrypto,크립토 스워드 앤 매직 ,EOS 기반 RPG 게임,{블록체인} 기술 기반의 {게임} ? {RPG} 분야에서 {DApp} 형태로 {Online} ? {지원} 합니다
NODGames,https://www.nodgames.com/,,,,
NOHSN,http://www.nohsn.com,http://www.nohsn.com,덴탈 초음파 의료영상기기 ,초음파를 이용한 치과용 의료영상기기,{제조} 기술 기반의 {바이오/의료} ? {치과} 분야에서 {하드웨어} 형태로 {Offline} ? {제조/공급} 합니다
NOHSN,http://www.nohsn.com,,,,
NomadConnection,http://www.nomadconnection.com/,https://itunes.apple.com/app/zimly/id520775706?&ls=1&mt=8,짐리 ,홈 클라우드 스트리밍 솔루션 서비스,{클라우드} 기술 기반의 {콘텐츠} ? {파일전송/스토리지} 분야에서 {모바일앱} 형태로 {Online} ? {지원} 합니다
NomadConnection,http://www.nomadconnection.com/,,,,
nomnomnom,,https://hwangon.com/,황학동온라인 ,요식업 창업 집기 비교 견적 서비스,{검색} 기술 기반의 {음식} ? {주방용품} 분야에서 {웹사이트} 형태로 {Online} ? {연구/분석} 합니다
nomnomnom,,,,,
Noom,https://www.noom.com,https://itunes.apple.com/kr/app/num-kochi-yoyo-eobsneun-segye/id634598719?mt=8,눔 ,다이어트 식습관 관리 서비스,{빅데이터/분석} 기술 기반의 {헬스케어} ? {헬스/다이어트} 분야에서 {모바일앱} 형태로 {O2O} ? {지원} 합니다
Noom,https://www.noom.com,,,,
Norma,http://www.norma.co.kr/,http://www.norma.co.kr/%EB%AC%B4%EC%84%A0-%EB%84%A4%ED%8A%B8%EC%9B%8C%ED%81%AC-%EB%B3%B4%EC%95%88/atear/,앳이어 ,사물인터넷(IoT) 관련 기업용 무선네트워크 보안솔루션,{클라우드} 기술 기반의 {보안} ? {모니터링} 분야에서 {API/SDK} 형태로 {Online} ? {지원} 합니다
Norma,http://www.norma.co.kr/,,,,
Nosith,https://www.patplex.com/,https://www.patplex.com/,패트플렉스 ,온라인 특허 검색 및 거래 플랫폼,{검색} 기술 기반의 {기업} ? {특허/지적재산권} 분야에서 {웹사이트} 형태로 {Online} ? {지원} 합니다
Nosith,https://www.patplex.com/,,,,
Nota,https://nota.ai/,https://nota.ai/,온디바이스 AI 솔루션 ,딥러닝 모델 경량화 기술을 활용한 온디바이스AI(On-Device AI) 솔루션,{인공지능} 기술 기반의 {기업} ? {기술지원} 분야에서 {API/SDK} 형태로 {Online} ? {지원} 합니다
Nota,https://nota.ai/,https://play.google.com/store/apps/details?id=com.notakeyboard&hl=ko,노타키보드 ,오타를 절반으로 줄여주는 키보드 앱,{인공지능} 기술 기반의 {생활} ? {유틸리티} 분야에서 {모바일앱} 형태로 {Online} ? {지원} 합니다
Nota,https://nota.ai/,,,,
Notefolio,http://notefolio.net/,http://notefolio.net/,노트폴리오 ,"국내 아티스트, 디자이너 포트폴리오 공유 서비스",{검색} 기술 기반의 {콘텐츠} ? {예술/디자인} 분야에서 {웹사이트} 형태로 {Online} ? {지원} 합니다
notiplus,http://www.notiplus.co.kr/,http://www.newspic.kr/,뉴스픽 ,국내 주요 뉴스 및 뉴미디어 콘텐츠 큐레이션 서비스,{인공지능} 기술 기반의 {방송/통신} ? {정보제공} 분야에서 {웹사이트} 형태로 {Online} ? {추천} 합니다
notiplus,http://www.notiplus.co.kr/,,,,
noul,https://noul.kr/,https://noul.kr/,미랩 ,"랩온어칩, 인공지능 기술 기반 말라리아 진단 키트",{인공지능} 기술 기반의 {바이오/의료} ? {진단} 분야에서 {하드웨어} 형태로 {Offline} ? {제조/공급} 합니다
noul,https://noul.kr/,,,,
NOVAREX,http://www.novarex.co.kr/new/main.htm,http://www.novarex.co.kr/new/product/product_02.html,잔티젠 ,다이어트 건강기능식품 원료,{연구개발} 기술 기반의 {바이오/의료} ? {약품/약물} 분야에서 {상품} 형태로 {Offline} ? {제조/공급} 합니다
NOVAREX,http://www.novarex.co.kr/new/main.htm,,,,
Novasystem,http://novasys.co.kr,http://novasys.co.kr/,덤프랜드 ,화물 운송 정산 시스템,{클라우드} 기술 기반의 {물류/유통} ? {회계/세무} 분야에서 {웹사이트} 형태로 {Online} ? {지원} 합니다
Novasystem,http://novasys.co.kr,,,,
NOVELTYNOBILITY,http://www.noveltynobility.com/,,황반변성 치료제 ,SCF/c-KIT을 타깃하는 황반변성 및 당뇨병성망막증 치료제,{연구개발} 기술 기반의 {바이오/의료} ? {안과} 분야에서 {상품} 형태로 {Offline} ? {제조/공급} 합니다
NOVELTYNOBILITY,http://www.noveltynobility.com/,,,,
NOVOMICS,http://www.novomics.com/main/main.asp,,nProfiler I ,분자진단기술 기반 위암 예후 진단키트,{빅데이터/분석} 기술 기반의 {바이오/의료} ? {의료정보} 분야에서 {상품} 형태로 {Offline} ? {연구/분석} 합니다
NOVOMICS,http://www.novomics.com/main/main.asp,,,,
nSAGE,,,줄기세포치료제 ,유전자교정(CRISPR/Cas9) 줄기세포치료제,{연구개발} 기술 기반의 {바이오/의료} ? {약품/약물} 분야에서 {상품} 형태로 {Offline} ? {제조/공급} 합니다
nSAGE,,,,,
NTRY9GAMES,https://www.ntry9.com,https://www.ntry9.com,Alice in Diceland ,모바일 캐쥬얼 보드 게임,{게임개발} 기술 기반의 {콘텐츠} ? {퍼즐/보드게임} 분야에서 {모바일앱} 형태로 {Online} ? {지원} 합니다
NTRY9GAMES,https://www.ntry9.com,,,,
Nudge,http://nudge.do/,http://nudge.do/?ref=af,넛지 ,모바일 게임과 모바일 커머스에 사용하는 라이브 운영 솔루션,{빅데이터/분석} 기술 기반의 {광고마케팅} ? {마케팅분석} 분야에서 {API/SDK} 형태로 {Online} ? {연구/분석} 합니다
Nudge,http://nudge.do/,,,,
nueyne,http://nueyne.com/,nueyne.com/,안구질환 치료기기 ,미세전기자극을 통한 안구질환 치료기기,{사물인터넷/센서} 기술 기반의 {바이오/의료} ? {안과} 분야에서 {하드웨어} 형태로 {Offline} ? {제조/공급} 합니다
nueyne,http://nueyne.com/,,,,
numberworks,http://www.numberworks.io/,,마케팅 자동화 솔루션 ,머신러닝/빅데이터 분석기반 마케팅 자동화 솔루션,{인공지능} 기술 기반의 {광고마케팅} ? {마케팅솔루션} 분야에서 {웹사이트} 형태로 {Online} ? {지원} 합니다
numberworks,http://www.numberworks.io/,,,,
Numerade,https://www.numerade.com/,https://www.numerade.com/,뉴머레이드 ,비디오로 학생들의 문제 풀이를 도와주는 콘텐츠 플랫폼,{음악/영상스트리밍} 기술 기반의 {교육} ? {과외/레슨} 분야에서 {웹사이트} 형태로 {Online} ? {지원} 합니다
Nunaps,https://www.nunaps.co.kr/,,뉴냅 비전 ,뇌 손상 후 시야 장애를 치료하는 HMD용 의료용 소프트웨어,{VR/AR} 기술 기반의 {바이오/의료} ? {안과} 분야에서 {소프트웨어} 형태로 {Online} ? {지원} 합니다
Nunaps,https://www.nunaps.co.kr/,,,,
NuriBio,http://nuribio.com,http://nuribio.com/promer/,프로머 ,"유전질환 (암,알츠하이머, 등) 진단을 위한 유전자 분석 플랫폼",{연구개발} 기술 기반의 {바이오/의료} ? {유전자치료} 분야에서 {상품} 형태로 {Offline} ? {연구/분석} 합니다
NuriBio,http://nuribio.com,,,,
Nursenote,https://nursenote.co.kr/signin,https://play.google.com/store/apps/details?id=lp.com.nursenote,널스노트 ,간호사 업무 효율화 향상을 위한 모바일 플랫폼,{클라우드} 기술 기반의 {바이오/의료} ? {스케줄관리} 분야에서 {모바일앱} 형태로 {Online} ? {지원} 합니다
Nursenote,https://nursenote.co.kr/signin,,,,
NVENTRIC,,,스텐트 리트리버 ,급성 허혈성 뇌졸증 치료를 위한 차세대 스텐트 리트리버,{연구개발} 기술 기반의 {바이오/의료} ? {뇌질환} 분야에서 {상품} 형태로 {Offline} ? {제조/공급} 합니다
NVENTRIC,,,,,
NXTechnologies,http://www.nxtcorp.co.kr/,http://www.enbrix.net/,엔브릭스 ,AICBM 기반 스마트빌딩·팩토리 솔루션,{사물인터넷/센서} 기술 기반의 {기업} ? {전기에너지} 분야에서 {하드웨어?소프트웨어} 형태로 {Offline} ? {제조/공급} 합니다
NXTechnologies,http://www.nxtcorp.co.kr/,,,,
O2Palm,http://pic.snowpalm.com/,https://apps.apple.com/kr/app/snowpalm-pic/id1458543029?l=en,스노우팜픽 ,영상 제작 협업 솔루션,{리얼타임 커뮤니케이션} 기술 기반의 {콘텐츠} ? {영상편집} 분야에서 {모바일앱} 형태로 {Online} ? {지원} 합니다
O2Palm,http://pic.snowpalm.com/,,,,
Oasisbusiness,https://www.oasisbusiness.co.kr/,https://www.oasisbusiness.co.kr/,오아시스비즈니스 ,"빅데이터 매칭 알고리즘 기반 업종, 점포 맞춤 견적 제공 O2O 플랫폼",{빅데이터/분석} 기술 기반의 {기업} ? {외식} 분야에서 {웹사이트} 형태로 {Online} ? {중개} 합니다
OasisLabs,https://www.oasislabs.com/,https://www.oasislabs.com/,오아시스랩스 ,"개인 정보 보호, 보안 및 성능을 위해 구축된 블록체인 기반 클라우드 컴퓨팅 플랫폼",{블록체인} 기술 기반의 {보안} ? {암호화} 분야에서 {API/SDK} 형태로 {Online} ? {지원} 합니다
OBELAB,http://www.obelab.com/,http://www.obelab.com/,휴대용 근적외선 뇌 영상 장치 ,fNIRS,{연구개발} 기술 기반의 {바이오/의료} ? {신경외과} 분야에서 {하드웨어} 형태로 {Offline} ? {지원} 합니다
OBELAB,http://www.obelab.com/,,,,
Ocoon,http://www.ocon.co.kr/,http://www.ocon.co.kr/animation.php?cmd=view&ani_gubun=ani1&curpage=1&bid=13,뽀롱뽀롱 뽀로로 ,어린이 3D 애니메이션,{3D그래픽/애니메이션} 기술 기반의 {콘텐츠} ? {애니메이션/웹툰} 분야에서 {콘텐츠} 형태로 {Online} ? {제조/공급} 합니다
Ocoon,http://www.ocon.co.kr/,,,,
OddConcepts,https://oddconcepts.kr/,https://oddconcepts.kr/,오드컨셉 ,머신러닝 기반 이미지 분석 플랫폼,{인공지능} 기술 기반의 {기업} ? {연구/실험} 분야에서 {API/SDK} 형태로 {Online} ? {지원} 합니다
OddConcepts,https://oddconcepts.kr/,,,,
ODKMedia,http://www.ondemandkorea.com/,http://www.ondemandkorea.com/,온디맨드코리아 ,미국용 한국 방송컨텐츠 합법 스트리밍 사이트 (OTT),{음악/영상스트리밍} 기술 기반의 {콘텐츠} ? {영화/드라마} 분야에서 {웹사이트} 형태로 {Online} ? {지원} 합니다
OGQ,http://www.ogqbackgrounds.com/,https://itunes.apple.com/kr/app/baegyeonghwamyeon-hd!/id541860561,오지큐 배경화면 ,스마트폰 배경화면 공유 플랫폼,{소셜네트워크} 기술 기반의 {콘텐츠} ? {이미지/영상} 분야에서 {모바일앱} 형태로 {Online} ? {지원} 합니다
OGQ,http://www.ogqbackgrounds.com/,https://ogqmarket.naver.com/,네이버 오지큐 마켓 ,"이미지, 스티커, 폰트 등 콘텐츠 크리에이터 마켓 플랫폼",{이미지/영상제작} 기술 기반의 {콘텐츠} ? {이미지/영상} 분야에서 {웹사이트} 형태로 {Online} ? {중개} 합니다
OGQ,http://www.ogqbackgrounds.com/,,,,
ohrenschutz,http://ohrenschutz.net,http://ohrenschutz.net,개인 맞춤형 이어플러그 ,소음방지 귀마개,{제조} 기술 기반의 {기업} ? {안전관리} 분야에서 {상품} 형태로 {Online} ? {제조/공급} 합니다
ohrenschutz,http://ohrenschutz.net,,,,
oi-studio,http://oi-studio.co.kr,https://audioclip.naver.com/channels/1763,사피엔스 짝짓기 ,오디오플랫폼을 기반으로 오디오 영화와 오디오북을 제작,{음악제작} 기술 기반의 {콘텐츠} ? {라디오/팟캐스트} 분야에서 {콘텐츠} 형태로 {Online} ? {지원} 합니다
oi-studio,http://oi-studio.co.kr,http://www.podbbang.com/ch/1776974,공시생 ,오디오플랫폼을 기반으로 오디오 영화와 오디오북을 제작,{음악제작} 기술 기반의 {콘텐츠} ? {라디오/팟캐스트} 분야에서 {콘텐츠} 형태로 {Online} ? {지원} 합니다
oi-studio,http://oi-studio.co.kr,,,,
OLIPASS,http://www.olipass.com/,,인공유전자 치료제 ,인공유전자 치료제,{연구개발} 기술 기반의 {바이오/의료} ? {약품/약물} 분야에서 {상품} 형태로 {Offline} ? {제조/공급} 합니다
OLIPASS,http://www.olipass.com/,,,,
Olive9Entertainment,,,드라마 제작 ,드라마 제작,{이미지/영상제작} 기술 기반의 {콘텐츠} ? {영화/드라마} 분야에서 {콘텐츠} 형태로 {Offline} ? {제조/공급} 합니다
Olive9Entertainment,,,,,
OliveBioTHERAPEUTICS,http://www.olivesbio.com/,,노인성 황반변성예방 및 치료제 ,건성/습성 노인성 황반변성(AMD) 예방 및 치료제,{연구개발} 기술 기반의 {바이오/의료} ? {안과} 분야에서 {상품} 형태로 {Offline} ? {제조/공급} 합니다
OliveHealthcare,http://www.olive-hc.com/,http://www.olive-hc.com/,벨로 ,복부지방 측정기,{사물인터넷/센서} 기술 기반의 {바이오/의료} ? {진단} 분야에서 {하드웨어} 형태로 {Offline} ? {제조/공급} 합니다
OliveHealthcare,http://www.olive-hc.com/,,의료용 영상진단기기 ,류마티스 관절염 진단용 손가락 관절 염증 영상기기,{제조} 기술 기반의 {바이오/의료} ? {정형외과} 분야에서 {하드웨어} 형태로 {Offline} ? {지원} 합니다
OliveHealthcare,http://www.olive-hc.com/,,,,
OliveUnion,http://www.oliveunion.com,http://www.oliveunion.com/,올리브 ,사회적 약자를 위한 스마트 보청기,{사물인터넷/센서} 기술 기반의 {바이오/의료} ? {이비인후과} 분야에서 {하드웨어} 형태로 {Offline} ? {제조/공급} 합니다
OliveUnion,http://www.oliveunion.com,,,,
OMNIOUS,http://www.omnious.com/,https://www.omnious.com/,옴니어스 태거 ,머신러닝 기반 인공지능 패션 아이템 Tagging 서비스,{인공지능} 기술 기반의 {패션} ? {의류} 분야에서 {API/SDK} 형태로 {Online} ? {연구/분석} 합니다
OMNIOUS,http://www.omnious.com/,,,,
ONCOCROSS,http://www.oncocross.com/,,온코 AI 플랫폼 ,"기존 상용약과 임상 중 실패한 약물 중, 새로운 적응증을 발굴해 주는 신약 발굴 플랫폼",{인공지능} 기술 기반의 {바이오/의료} ? {약품/약물} 분야에서 {소프트웨어} 형태로 {Online} ? {연구/분석} 합니다
ONCOCROSS,http://www.oncocross.com/,,,,
OncoInsight,,,CAR-NK 세포치료제 ,고형암 타깃 항암 면역세포치료제,{연구개발} 기술 기반의 {바이오/의료} ? {약품/약물} 분야에서 {상품} 형태로 {Offline} ? {제조/공급} 합니다
OncoInsight,,,,,
ONDA,http://onda.me/,https://play.google.com/store/apps/details?id=io.tport.pensionpms,온다 ,숙박업주 전용 예약관리 앱,{클라우드} 기술 기반의 {여행} ? {숙박} 분야에서 {모바일앱} 형태로 {Online} ? {지원} 합니다
ONDA,http://onda.me/,,,,
OnegeneBiotechnology,http://onegenebt.com/,,비알콜성 지방간염 치료제 ,비알콜성 지방간염(NASH) 치료제,{연구개발} 기술 기반의 {바이오/의료} ? {소화기내과} 분야에서 {상품} 형태로 {Offline} ? {제조/공급} 합니다
OnegeneBiotechnology,http://onegenebt.com/,,,,
OnenOnePictures,,http://www.cinebus.com,씨네버스 ,영화 주간지,{이미지/영상제작} 기술 기반의 {콘텐츠} ? {영화/드라마} 분야에서 {상품} 형태로 {Offline} ? {제조/공급} 합니다
OnenOnePictures,,,,,
ONEPEOPLE,https://catchsecu.com/,https://catchsecu.com/,캐치시큐 ,중·소 및 스타트업을 위한 온라인 고객정보보호 서비스,{프로그램개발} 기술 기반의 {기업} ? {법률/계약} 분야에서 {웹사이트} 형태로 {Online} ? {지원} 합니다
ONEPEOPLE,https://catchsecu.com/,,,,
OnePredict,http://www.onepredict.com,http://www.onepredict.com,가디원 ,"산업 AI(딥러닝)기반, 산업설비 상태 예측 및 진단 솔루션",{인공지능} 기술 기반의 {전자제품} ? {모니터링} 분야에서 {소프트웨어} 형태로 {Offline} ? {연구/분석} 합니다
OnePredict,http://www.onepredict.com,,,,
Onions,https://www.papricacare.com,https://apps.apple.com/kr/app/%ED%8C%8C%ED%94%84%EB%A6%AC%EC%B9%B4%EC%BC%80%EC%96%B4/id1453787406,파프리카케어 ,처방전 & 약봉투 기반 의료기록관리 및 복약관리 서비스 제공 ,{빅데이터/분석} 기술 기반의 {헬스케어} ? {스케줄관리} 분야에서 {모바일앱} 형태로 {Online} ? {구독/멤버십} 합니다
Onions,https://www.papricacare.com,,,,
OnlyOne,https://only1fs.com/,https://www.sellerbot.co.kr/,셀러봇캐시 ,온라인판매자를 위한 정산예정금/매출/계좌 통합관리 플랫폼,{빅데이터/분석} 기술 기반의 {기업} ? {회계/세무} 분야에서 {웹사이트} 형태로 {Online} ? {지원} 합니다
ONNURIDMC,http://www.onnuridmc.com/,http://www.onnuridmc.com/,크로스타겟 ,개인화 모바일 광고 플랫폼,{빅데이터/분석} 기술 기반의 {광고마케팅} ? {광고매체} 분야에서 {API/SDK} 형태로 {Online} ? {연구/분석} 합니다
ONNURIDMC,http://www.onnuridmc.com/,,,,
ONSHIPPING,https://www.on-shipping.io,https://www.on-shipping.io/,온쉬핑 ,글로벌 전자상거래 판매자를 위한 배송 공유경제 플랫폼,{클라우드} 기술 기반의 {물류/유통} ? {택배} 분야에서 {소프트웨어} 형태로 {Online} ? {지원} 합니다
ONSHIPPING,https://www.on-shipping.io,,,,
Onther,http://onther.io,https://tokamak.network/,토카막네트워크 ,이더리움기반 플라즈마 체인 구축 플랫폼,{블록체인} 기술 기반의 {블록체인} ? {네트워크} 분야에서 {API/SDK} 형태로 {Online} ? {지원} 합니다
Onther,http://onther.io,,,,
Onuii,http://www.onuii.com/,https://play.google.com/store/apps/details?id=com.seoltab.seoltab,설탭 ,아이패드 기반 서울대생 과외 서비스,{리얼타임 커뮤니케이션} 기술 기반의 {교육} ? {과외/레슨} 분야에서 {모바일앱} 형태로 {Online} ? {중개} 합니다
Onuii,http://www.onuii.com/,https://play.google.com/store/apps/details?id=com.onue,오누이 ,실시간 수학 질의·응답 서비스,{리얼타임 커뮤니케이션} 기술 기반의 {교육} ? {수학교육} 분야에서 {모바일앱} 형태로 {Online} ? {지원} 합니다
Onuii,http://www.onuii.com/,,,,
Openbase,http://www.openbase.co.kr/,http://www.openbase.co.kr/company/message,서버/스토리지 솔루션 ,서버/스토리지 솔루션,{클라우드} 기술 기반의 {기업} ? {인프라} 분야에서 {교육/컨설팅} 형태로 {Offline} ? {지원} 합니다
Openbase,http://www.openbase.co.kr/,,,,
OPENBOOTH,http://openbooth.net,http://openbooth.net,오픈부스 ,오프라인 박람회가 불편한 스타트업에게 웹 박람회 플랫폼을 제공,{검색} 기술 기반의 {기업} ? {전시/공연} 분야에서 {웹사이트} 형태로 {Online} ? {중개} 합니다
OpenGallery,http://www.opengallery.co.kr/,http://www.opengallery.co.kr/,오픈갤러리 ,미술작품 렌탈,{전자상거래} 기술 기반의 {콘텐츠} ? {예술/디자인} 분야에서 {웹사이트} 형태로 {O2O} ? {중개} 합니다
OpenGallery,http://www.opengallery.co.kr/,,,,
openknowl,http://openknowl.com,https://miniintern.com/,미니인턴 ,온라인으로 진행되는 단기 인턴십 중개 서비스,{리얼타임 커뮤니케이션} 기술 기반의 {기업} ? {채용} 분야에서 {웹사이트} 형태로 {Online} ? {중개} 합니다
Openplan,https://openyourplan.com/,https://openyourplan.com/,토글 ,온디맨드 보험 플랫폼,{전자상거래} 기술 기반의 {금융} ? {보험} 분야에서 {웹사이트} 형태로 {Online} ? {중개} 합니다
Openplan,https://openyourplan.com/,,,,
OPENSURVEY,https://www.opensurvey.co.kr/,https://itunes.apple.com/kr/app/오베이-내-의견의-가치/id483557574?mt=8,오픈서베이 ,모바일 설문조사 플랫폼,{빅데이터/분석} 기술 기반의 {기업} ? {마케팅분석} 분야에서 {모바일앱} 형태로 {Online} ? {연구/분석} 합니다
OPENSURVEY,https://www.opensurvey.co.kr/,,,,
OpenTrade,http://otrade.co/,http://otrade.co/,오픈트레이드 ,투자형 크라우드펀딩 서비스,{크라우드펀딩} 기술 기반의 {금융} ? {기업투자} 분야에서 {웹사이트} 형태로 {Online} ? {중개} 합니다
OpenTrade,http://otrade.co/,,,,
OpenUB,http://openub.com,openub.com,오픈업 ,빅데이터를 기반 시장/상권 분석 솔루션,{인공지능} 기술 기반의 {부동산} ? {데이터분석} 분야에서 {웹사이트} 형태로 {Online} ? {지원} 합니다
OpenUB,http://openub.com,,,,
OPENULL,http://shop.ssomee.com,http://shop.ssomee.com,소미 ,밀레니얼들을 위한 신용카드 없이 계좌만으로 할부 물건구매가 가능한 서비스,{전자상거래} 기술 기반의 {금융} ? {송금/결제} 분야에서 {웹사이트} 형태로 {Online} ? {중개} 합니다
OPENULL,http://shop.ssomee.com,,,,
OpenWedding,http://oding.co.kr,http://oding.co.kr,오딩 ,주문형 스몰웨딩 O2O 플랫폼,{빅데이터/분석} 기술 기반의 {생활} ? {결혼} 분야에서 {웹사이트} 형태로 {O2O} ? {중개} 합니다
OpenWedding,http://oding.co.kr,,,,
OPGG,http://www.op.gg/,http://www.op.gg/,오피지지 ,"E-Sports (LOL, PUBG, Overwatch) 전적 검색 분석 서비스",{빅데이터/분석} 기술 기반의 {게임} ? {데이터분석} 분야에서 {웹사이트} 형태로 {Online} ? {지원} 합니다
OPGG,http://www.op.gg/,https://apps.apple.com/kr/app/next-for-op-gg/id1502364131?l=ko&ls=1,넥스트 ,실시간 게임 유저 매칭 서비스,{리얼타임 커뮤니케이션} 기술 기반의 {게임} ? {소셜미디어} 분야에서 {모바일앱} 형태로 {Online} ? {중개} 합니다
OPGG,http://www.op.gg/,,,,
Opinion8,http://www.opinion8.io/,http://www.opinion8.io/,팝업 ,빅데이터기반 맛집 검색 서비스,{빅데이터/분석} 기술 기반의 {음식} ? {정보제공} 분야에서 {모바일앱} 형태로 {Online} ? {추천} 합니다
Opinion8,http://www.opinion8.io/,,,,
Optella,http://www.optella-inc.com/sub/index.php,,레인보우 엔진 ,대형 데이터센터용 초소형 100Gb/s급 광통신 부품,{제조} 기술 기반의 {기업} ? {통신} 분야에서 {부품} 형태로 {Offline} ? {제조/공급} 합니다
Optella,http://www.optella-inc.com/sub/index.php,,,,
Optimede,http://www.optimede.com,,클린스코프 ,감염을 예방하는 일회용 내시경,{제조} 기술 기반의 {바이오/의료} ? {전자제품} 분야에서 {하드웨어} 형태로 {Offline} ? {제조/공급} 합니다
Optimede,http://www.optimede.com,,,,
optolane,http://optolane.com/,,디지털 PCR ,반도체 기반 분자진단장비,{사물인터넷/센서} 기술 기반의 {바이오/의료} ? {진단} 분야에서 {하드웨어} 형태로 {Offline} ? {제조/공급} 합니다
optolane,http://optolane.com/,,,,
Optowiz,http://www.optowiz.com/,http://www.optowiz.com/User/Product/NetworkTap,Optical Transceivers ,광통신 전송장비 부품 제조,{제조} 기술 기반의 {기업} ? {통신} 분야에서 {부품} 형태로 {Offline} ? {제조/공급} 합니다
Optowiz,http://www.optowiz.com/,,,,
OpusM,https://www.facebook.com/opusmblockchain/,,레저마스터 ,블록체인 기반 엔터프라이즈 데이터 혁신 솔루션,{블록체인} 기술 기반의 {블록체인} ? {기술지원} 분야에서 {소프트웨어} 형태로 {Online} ? {연구/분석} 합니다
OpusM,https://www.facebook.com/opusmblockchain/,,,,
OpusOne,http://www.theopusone.com,http://www.leanon.co.kr,린온 ,시니어 건강관리 서비스,{빅데이터/분석} 기술 기반의 {헬스케어} ? {스케줄관리} 분야에서 {소프트웨어} 형태로 {Online} ? {지원} 합니다
OpusOne,http://www.theopusone.com,,,,
ORGANOIDSCIENCES,,,재생치료제 ,오가노이드 기반의 재생치료제,{연구개발} 기술 기반의 {바이오/의료} ? {약품/약물} 분야에서 {상품} 형태로 {Offline} ? {제조/공급} 합니다
ORGANOIDSCIENCES,,,,,
Orifund,http://orifund.com/,http://orifund.com/,오리펀드 ,P2P 대출 서비스,{크라우드펀딩} 기술 기반의 {금융} ? {대부업} 분야에서 {웹사이트} 형태로 {Online} ? {중개} 합니다
Orifund,http://orifund.com/,,,,
OriSandbox,http://www.orisandbox.com,,웜파인더 ,"모바일 열화상카메라를 개인별, 광역별 방역관리 시스템",{빅데이터/분석} 기술 기반의 {헬스케어} ? {모니터링} 분야에서 {상품} 형태로 {Online} ? {지원} 합니다
OriSandbox,http://www.orisandbox.com,,,,
OrumTherapeutics,http://www.orumrx.com/,,Oromab ,항체 기반 난치성 질환 치료제,{연구개발} 기술 기반의 {바이오/의료} ? {약품/약물} 분야에서 {상품} 형태로 {Offline} ? {제조/공급} 합니다
OrumTherapeutics,http://www.orumrx.com/,,,,
OSANGHealthcare,http://www.osanghc.com/,http://www.infopia21.com/product/main.do?cmd=main&retUrl=healthpro_1307&pageNum=3&sub=1,헬스프로 ,체외진단용 혈당측정기,{사물인터넷/센서} 기술 기반의 {바이오/의료} ? {병리과} 분야에서 {하드웨어} 형태로 {Offline} ? {제조/공급} 합니다
OSANGHealthcare,http://www.osanghc.com/,,,,
OsirisSystems,https://beecanvas.com,https://play.google.com/store/apps/details?id=com.jokerpackinc.beecanvas,비캔버스 ,온라인 화이트보드 기반의 비주얼 협업툴,{클라우드} 기술 기반의 {기업} ? {그룹웨어} 분야에서 {모바일앱} 형태로 {Online} ? {구독/멤버십} 합니다
OsirisSystems,https://beecanvas.com,,,,
OSSEIN,http://ossein.kr,https://www.youtube.com/watch?v=HGjGkm2v5Mc&t=5s,오쎄필 ,잇몸뼈 재생에서 골다공증 치료까지! 뼈 재생분야의 신개념 인공뼈 소재,{제조} 기술 기반의 {바이오/의료} ? {인체조직/이식재} 분야에서 {상품} 형태로 {Offline} ? {제조/공급} 합니다
OSSEIN,http://ossein.kr,,,,
Osteonic,http://osteonic.com/kor/index.html,http://osteonic.com/kor/index.html,인공 뼈 ,의료용 인공 뼈 제조,{제조} 기술 기반의 {바이오/의료} ? {정형외과} 분야에서 {부품} 형태로 {Offline} ? {제조/공급} 합니다
Osteonic,http://osteonic.com/kor/index.html,,,,
Otdeal,https://www.otdeal.co.kr/,https://www.youtube.com/watch?v=b9FOgkx0tXs&t=13s,로봇MD ,수작업 MD업무를 데이터만 연동하면 인공지능이 자동으로 하는 로봇MD,{인공지능} 기술 기반의 {패션} ? {인프라} 분야에서 {API/SDK} 형태로 {Online} ? {지원} 합니다
Otdeal,https://www.otdeal.co.kr/,https://itunes.apple.com/kr/app/osdil-sinsangjaegopaesyeon/id1151504493?mt=8,옷딜 ,"여성의류쇼핑몰,여성의류 추천 서비스",{전자상거래} 기술 기반의 {패션} ? {의류} 분야에서 {모바일앱} 형태로 {Online} ? {유통} 합니다
oursportsnation,http://www.oursponet.com,https://play.google.com/store/apps/details?id=com.sponet.badminton,스포넷 ,"배드민턴, 축구, 테니스, 학교스포츠 생활스포츠 운영 플랫폼",{빅데이터/분석} 기술 기반의 {스포츠} ? {소모임} 분야에서 {모바일앱} 형태로 {O2O} ? {중개} 합니다
Ovensa,https://ovensa.com/,,암관련 의약품 ,암관련 의약품 개발,{연구개발} 기술 기반의 {바이오/의료} ? {약품/약물} 분야에서 {상품} 형태로 {Offline} ? {제조/공급} 합니다
OVERNODES,http://www.overnodes.com/,http://www.overnodes.com/,오버노드 ,블록체인 결제 솔루션,{블록체인} 기술 기반의 {금융} ? {송금/결제} 분야에서 {API/SDK} 형태로 {Online} ? {지원} 합니다
OVERNODES,http://www.overnodes.com/,,,,
OvitzKorea,http://o-vitz.com/,http://o-vitz.com/,휴대용 검안기 ,실명 예방을 위한 고성능의 휴대용 검안기와 솔루션,{연구개발} 기술 기반의 {바이오/의료} ? {안과} 분야에서 {하드웨어} 형태로 {Offline} ? {지원} 합니다
OvitzKorea,http://o-vitz.com/,,,,
OZMEDIA,http://ioztv.com,http://ioztv.com,오즈TV ,광고주와 크리에이터 매칭 영상 플랫폼,{빅데이터/분석} 기술 기반의 {광고마케팅} ? {오디션} 분야에서 {웹사이트} 형태로 {Online} ? {중개} 합니다
OZMEDIA,http://ioztv.com,,,,
PABLOAIR,http://www.pabloair.com/,http://www.pabloair.com/,드론 제어 시스템 ,드론 군집비행 지상관제시스템,{드론} 기술 기반의 {항공기/드론} ? {기술지원} 분야에서 {소프트웨어} 형태로 {Online} ? {지원} 합니다
PABLOAIR,http://www.pabloair.com/,,,,
PAEANBiotechnology,http://www.paeanbio.com/,,자가면역질환 치료제 ,미토콘드리아 타깃 희귀난치질환 치료제,{연구개발} 기술 기반의 {바이오/의료} ? {약품/약물} 분야에서 {상품} 형태로 {Offline} ? {제조/공급} 합니다
PAEANBiotechnology,http://www.paeanbio.com/,,,,
PAIPTREESmartFarm,http://paiptree.com,,파머스 마인드 ,양계농가 질병예찰 및 생산운영효율 향상 AI(인공지능) 시스템,{인공지능} 기술 기반의 {축산업} ? {생산관리} 분야에서 {웹사이트} 형태로 {Online} ? {연구/분석} 합니다
PAIPTREESmartFarm,http://paiptree.com,,,,
Panagene,http://www.panagene.com/,http://www.panagene.com/hp_yeh/eng/product/product_megfr.php,PANA 뮤타이퍼 ,액체생체검사 진단 도구,{연구개발} 기술 기반의 {바이오/의료} ? {약품/약물} 분야에서 {상품} 형태로 {Offline} ? {제조/공급} 합니다
Panagene,http://www.panagene.com/,,,,
PANDORATV,http://www.pandora.tv/,https://itunes.apple.com/kr/app/pandoratv/id402122832?mt=8,판도라티비 ,영상 플랫폼,{음악/영상스트리밍} 기술 기반의 {콘텐츠} ? {이미지/영상} 분야에서 {모바일앱} 형태로 {Online} ? {지원} 합니다
PANDORATV,http://www.pandora.tv/,,,,
ParalloidGear,http://paralloidgear.com/,,패럴로이드기어 ,장구형 웜기어/패롤로이드 기어,{제조} 기술 기반의 {기업} ? {부품} 분야에서 {부품} 형태로 {Offline} ? {제조/공급} 합니다
ParalloidGear,http://paralloidgear.com/,,,,
Parkrun,http://parkrun.kr,http://sunbae.co.kr,선배 ,스타트업을 위한 전문가 중개 서비스,{프로그램개발} 기술 기반의 {기업} ? {컨설팅} 분야에서 {모바일앱} 형태로 {Online} ? {중개} 합니다
Parkrun,http://parkrun.kr,,,,
Partner,https://www.grap.io/,https://play.google.com/store/apps/details?id=so.partner.app.grap,그랩 ,기업용 사내 메신저 서비스,{리얼타임 커뮤니케이션} 기술 기반의 {기업} ? {그룹웨어} 분야에서 {모바일앱} 형태로 {Online} ? {구독/멤버십} 합니다
Partner,https://www.grap.io/,,,,
PASSIONOIL,https://passionoil.kr/,https://www.facebook.com/passionoil/,열정에기름붓기 ,동기부여 자기계발 콘텐츠,{이미지/영상제작} 기술 기반의 {콘텐츠} ? {도서} 분야에서 {콘텐츠} 형태로 {Online} ? {제조/공급} 합니다
PASSIONOIL,https://passionoil.kr/,https://passionoil.kr/,크리에이터 클럽 ,다양한 주제로 모이는 소셜 살롱 공간,{생활} ? {소모임} 분야에서 {공간} 형태로 {Offline} ? {구독/멤버십} 합니다
PASSIONOIL,https://passionoil.kr/,,,,
PAXNET,http://paxnet.co.kr,https://play.google.com/store/apps/details?id=com.paxnet.paxnetapp&hl=ko,팍스넷 ,증권/주식 커뮤니티,{소셜네트워크} 기술 기반의 {금융} ? {정보제공} 분야에서 {모바일앱} 형태로 {Online} ? {지원} 합니다
PAXNET,http://paxnet.co.kr,,,,
PayCheck,http://www.mpaycheck.com/,https://play.google.com/store/apps/details?id=com.mpaycheck.paycheck&hl=ko,페이체크 ,매장직원 근태 급여정산 서비스 ,{클라우드} 기술 기반의 {기업} ? {인사관리} 분야에서 {모바일앱} 형태로 {Online} ? {지원} 합니다
PayCheck,http://www.mpaycheck.com/,,,,
Paycoq,http://www.paycoq.com,http://www.paycoq.com,페이콕체크 ,POS기기 없이 OCR 카드 인식기반 결제 솔루션,{결제} 기술 기반의 {금융} ? {송금/결제} 분야에서 {소프트웨어} 형태로 {Offline} ? {제조/공급} 합니다
Paycoq,http://www.paycoq.com,,,,
Payhere,https://payhere.in,https://play.google.com/store/apps/details?id=in.payhere.prd,페이히어 ,카운터의 풍경을 바꾸는 Cloud Native Mobile POS,{결제} 기술 기반의 {금융} ? {송금/결제} 분야에서 {모바일앱} 형태로 {Online} ? {구독/멤버십} 합니다
Payhere,https://payhere.in,,,,
paymint,http://www.paymint.co.kr/,http://linq.kr/,링크 ,스마트오더를 제공하는 모바일 간편결제 서비스,{결제} 기술 기반의 {금융} ? {송금/결제} 분야에서 {웹사이트} 형태로 {Online} ? {지원} 합니다
paymint,http://www.paymint.co.kr/,https://payssam.kr/,결제선생 ,편리한 모바일 청구서 - 알림톡으로 청구서를 발송하고 결제는 앱카드로,{리얼타임 커뮤니케이션} 기술 기반의 {금융} ? {송금/결제} 분야에서 {API/SDK} 형태로 {Online} ? {지원} 합니다
paymint,http://www.paymint.co.kr/,,,,
Payple,https://www.payple.kr,https://www.payple.kr,페이플 ,가맹점과 소비자 모두를 위한 카드 + 계좌 온라인 간편결제,{결제} 기술 기반의 {금융} ? {송금/결제} 분야에서 {API/SDK} 형태로 {Online} ? {중개} 합니다
Payple,https://www.payple.kr,,,,
Payup,https://www.payup.co.kr/,https://www.payup.co.kr/,페이업 ,SNS 판매자를 위한 모바일 간편 결제 플랫폼,{결제} 기술 기반의 {금융} ? {송금/결제} 분야에서 {소프트웨어} 형태로 {Online} ? {지원} 합니다
Payup,https://www.payup.co.kr/,,,,
Paywork,http://www.paywork.io,http://www.paywork.io,페이워크 ,스마트 계약 기반의 지급 결제 플랫폼,{결제} 기술 기반의 {기업} ? {법률/계약} 분야에서 {웹사이트} 형태로 {O2O} ? {구독/멤버십} 합니다
Paywork,http://www.paywork.io,,,,
PDM,http://www.pdm51.com/,http://www.cubicoding.com/,큐비코 ,유아용 코딩 교구,{VR/AR} 기술 기반의 {교육} ? {유아교육} 분야에서 {상품} 형태로 {Online} ? {제조/공급} 합니다
PDM,http://www.pdm51.com/,,,,
PeeringPortal,http://www.peeringportal.com/kr/,http://www.peeringportal.com/kr/#tech,Pcube Stream ,멀티미디어 스트리밍 서비스를 위한 소프트웨어,{이미지/영상처리} 기술 기반의 {기업} ? {이미지/영상} 분야에서 {소프트웨어} 형태로 {Online} ? {지원} 합니다
PeeringPortal,http://www.peeringportal.com/kr/,,,,
PentaSecuritySystems,https://www.pentasecurity.co.kr/,https://www.pentasecurity.co.kr/product/%EC%9B%B9%EB%B0%A9%ED%99%94%EB%B2%BD/wapples/,와플 ,지능형 웹 방화벽,{클라우드} 기술 기반의 {보안} ? {보안인증} 분야에서 {소프트웨어} 형태로 {Online} ? {지원} 합니다
PentaSecuritySystems,https://www.pentasecurity.co.kr/,,,,
PeopleandTechnology,http://www.pntbiz.co.kr/,,인도어플러스 ,비콘을 이용한 실내 위치 추척 솔루션,{블루투스/비콘} 기술 기반의 {기업} ? {지리정보} 분야에서 {하드웨어} 형태로 {Offline} ? {제조/공급} 합니다
PeopleandTechnology,http://www.pntbiz.co.kr/,,,,
PeopleFundCompany,https://www.peoplefund.co.kr/,https://www.peoplefund.co.kr/,피플펀드 ,P2P 대출 서비스,{크라우드펀딩} 기술 기반의 {금융} ? {대부업} 분야에서 {웹사이트} 형태로 {Online} ? {중개} 합니다
PeopleFundCompany,https://www.peoplefund.co.kr/,,,,
PEPGENE,,,단백질 의약품 ,단백질 의약품,{연구개발} 기술 기반의 {바이오/의료} ? {약품/약물} 분야에서 {상품} 형태로 {Offline} ? {제조/공급} 합니다
PEPGENE,,,,,
Perfect-storm,https://www.perfect-storm.net,https://www.ariproduction.net/,아리프로덕션 ,브랜드의 상품 및 서비스를 소비자가 직접 재미있고 다양한 방법으로 체험할 수 있도록 AR / VR 효과로 구현하여 글로벌 SNS 플랫폼에 솔루션 제공,{VR/AR} 기술 기반의 {VR/AR} ? {기술지원} 분야에서 {API/SDK} 형태로 {Online} ? {지원} 합니다
Perfect-storm,https://www.perfect-storm.net,https://www.gundolle.com,건돌이닷컴 ,SNS 통합 분석/통계 솔루션,{빅데이터/분석} 기술 기반의 {광고마케팅} ? {마케팅분석} 분야에서 {웹사이트} 형태로 {Online} ? {지원} 합니다
Perfect-storm,https://www.perfect-storm.net,,,,
PerpleLab,https://www.perplelab.com/,https://play.google.com/store/apps/details?id=com.perplelab.dragonheroestactics.kr&referrer=singular_click_id%3Dfd6353b7-77c8-451f-a33f-aa5fc3c28f51,드래곤 히어로즈 택틱스 ,블록체인 기술 기반의 온라인 트레이딩이 가능한 전략 시뮬레이션 RPG,{블록체인} 기술 기반의 {게임} ? {RPG} 분야에서 {모바일앱} 형태로 {Online} ? {지원} 합니다
PerpleLab,https://www.perplelab.com/,https://play.google.com/store/apps/details?id=com.perplelab.dragonvillagem.kr,드래곤빌리지M ,용 키우기 게임,{게임개발} 기술 기반의 {게임} ? {시뮬레이션게임} 분야에서 {모바일앱} 형태로 {Online} ? {지원} 합니다
PerpleLab,https://www.perplelab.com/,,,,
PersonaEntertainment,https://www.persona-entertainment.com/,,패션분야 컨텐츠 제작 ,패션분야 이미지/영상 컨텐츠 제작,{이미지/영상제작} 기술 기반의 {패션} ? {이미지/영상} 분야에서 {콘텐츠} 형태로 {Online} ? {제조/공급} 합니다
Petpick,https://petpick.net/,https://itunes.apple.com/kr/app/%ED%8E%AB%ED%94%BD-%EC%82%AC%EB%A3%8C%EC%9D%98-%EC%84%B1%EB%B6%84%EC%9D%B4-%EA%B6%81%EA%B8%88%ED%95%98%EC%8B%9C%EB%8B%A4%EB%A9%B4/id1169440226?mt=8,펫픽 ,펫푸드(사료) 성분 검색 앱,{빅데이터/분석} 기술 기반의 {애완동물} ? {정보제공} 분야에서 {모바일앱} 형태로 {Online} ? {지원} 합니다
Petpick,https://petpick.net/,,,,
Phantomics,https://phantomics.io/,,의료영상 분석 솔루션 ,AI기반 의료영상 분석 솔루션,{인공지능} 기술 기반의 {바이오/의료} ? {이미지/영상} 분야에서 {소프트웨어} 형태로 {Online} ? {지원} 합니다
Phantomics,https://phantomics.io/,,,,
PharmAbcine,http://www.pharmabcine.com/,,항체치료제 ,항 혈관 신생 항체 치료제,{연구개발} 기술 기반의 {바이오/의료} ? {약품/약물} 분야에서 {상품} 형태로 {Offline} ? {제조/공급} 합니다
PharmAbcine,http://www.pharmabcine.com/,,,,
PharmacoRex,https://pharmacorex.business.site/,https://pharmacorex.business.site/?utm_source=gmb&utm_medium=referral,과민성 방광 치료신약 ,과민성 방광 치료신약,{연구개발} 기술 기반의 {바이오/의료} ? {비뇨기과} 분야에서 {상품} 형태로 {Offline} ? {제조/공급} 합니다
PharmacoRex,https://pharmacorex.business.site/,,,,
PharmCADD,http://pharmcadd.com/,,파뮬레이터 ,인공지능과 분자동역학을 활용한 신약개발 플랫폼,{인공지능} 기술 기반의 {바이오/의료} ? {약품/약물} 분야에서 {소프트웨어} 형태로 {Online} ? {연구/분석} 합니다
PharmCADD,http://pharmcadd.com/,,,,
Pharmicell,http://www.pharmicell.com/,http://www.pharmicell.com/biz/medicine_cellgram.html,셀그램-AMI ,급성심근경색 환자용 줄기세포치료제,{연구개발} 기술 기반의 {바이오/의료} ? {약품/약물} 분야에서 {상품} 형태로 {Offline} ? {제조/공급} 합니다
Pharmicell,http://www.pharmicell.com/,,,,
PharosInBT,http://pharosibt.com/,http://pharosibt.com/,저분자 의약품 ,저분자의약품,{연구개발} 기술 기반의 {바이오/의료} ? {약품/약물} 분야에서 {상품} 형태로 {Offline} ? {제조/공급} 합니다
PharosInBT,http://pharosibt.com/,,,,
PhASTDiagnostics,http://www.phastdiagnostics.com/,http://www.phastdiagnostics.com/,파스트 ,"단일 세포 이미징기술 기반 병원체의 검출, 식별 및 항생제 감수성 테스트 솔루션",{이미지/영상처리} 기술 기반의 {바이오/의료} ? {병리과} 분야에서 {소프트웨어} 형태로 {Online} ? {지원} 합니다
phibiomed,http://www.phibiomed.co.kr/,http://www.phibiomed.co.kr/,히알루론산 유도체 ,히알루론산 하이드로젤을 이용한 약물전달 시스템,{연구개발} 기술 기반의 {바이오/의료} ? {원료} 분야에서 {원료} 형태로 {Offline} ? {제조/공급} 합니다
phibiomed,http://www.phibiomed.co.kr/,,,,
PHIdigitalhealthcare,http://www.hooh.com/,,병원정보시스템 ,병원정보시스템,{프로그램개발} 기술 기반의 {바이오/의료} ? {인프라} 분야에서 {소프트웨어} 형태로 {Online} ? {제조/공급} 합니다
PHIdigitalhealthcare,http://www.hooh.com/,,,,
Philobiz,http://www.philobiz.co.kr/,https://socialerus.com/,소셜러스 ,유튜브 크리에이터 랭킹 및 분석 플랫폼,{빅데이터/분석} 기술 기반의 {콘텐츠} ? {MCN} 분야에서 {웹사이트} 형태로 {Online} ? {지원} 합니다
Philobiz,http://www.philobiz.co.kr/,,,,
Philophos,https://philophos.com/,https://philophos.com/,광간섭 단층 촬영기기 ,광학기술 기반 휴대용 망막질환 진단기기,{광학} 기술 기반의 {바이오/의료} ? {안과} 분야에서 {하드웨어} 형태로 {Offline} ? {제조/공급} 합니다
Philophos,https://philophos.com/,,,,
PICKART,https://www.pickart.co.kr/,https://www.pickart.co.kr/,픽아트 ,그림 렌탈 서비스,{전자상거래} 기술 기반의 {콘텐츠} ? {예술/디자인} 분야에서 {웹사이트} 형태로 {O2O} ? {대여} 합니다
PICKART,https://www.pickart.co.kr/,,,,
Pikicast,http://company.pikicast.com/,https://itunes.apple.com/kr/app/pikikaeseuteu/id794383890?mt=8,피키캐스트 ,콘텐츠 큐레이션 뉴미디어 서비스,{이미지/영상처리} 기술 기반의 {콘텐츠} ? {이미지/영상} 분야에서 {모바일앱} 형태로 {Online} ? {추천} 합니다
Pikicast,http://company.pikicast.com/,,,,
PILAB,https://thebifrost.io,https://thebifrost.io,바이프로스트 ,DApp과 블록체인 프로토콜을 위한 스마트 컨트랙트 미들웨어 플랫폼,{블록체인} 기술 기반의 {블록체인} ? {인프라} 분야에서 {API/SDK} 형태로 {Online} ? {지원} 합니다
PILAB,https://thebifrost.io,,,,
PIMZ,,https://www.ezadmin.co.kr/index.html,이지어드민 ,쇼핑몰 통합관리 솔루션,{클라우드} 기술 기반의 {쇼핑} ? {인프라} 분야에서 {웹사이트} 형태로 {Online} ? {지원} 합니다
PIMZ,,,,,
PINOTBIO,http://bionetixrx.com/,,신약 전임상 개발 ,공공 연구기관의 기초 연구성과를 발굴해 약물 후보물질로 발전시켜 신약개발을 진행하는 초기단계 중개연구,{연구개발} 기술 기반의 {바이오/의료} ? {연구/실험} 분야에서 {교육/컨설팅} 형태로 {Offline} ? {지원} 합니다
PINOTBIO,http://bionetixrx.com/,,,,
PinStory,http://www.schoolteam.co.kr/ko/%ED%99%88/,http://www.schoolteam.co.kr/ko/홈/,스쿨팀 ,"유치원, 초등학생 원어민 가정 방문 영어교육 서비스",{교육} ? {외국어교육} 분야에서 {교육/컨설팅} 형태로 {Offline} ? {지원} 합니다
PinStory,http://www.schoolteam.co.kr/ko/%ED%99%88/,,,,
PinTherapeutics,https://www.pintherapeutics.com/,,단백질 분해신약 , PROTAC 및 단백질 분해기술에 기반한 신약,{연구개발} 기술 기반의 {바이오/의료} ? {약품/약물} 분야에서 {상품} 형태로 {Offline} ? {제조/공급} 합니다
PinTherapeutics,https://www.pintherapeutics.com/,,,,
PionCorporation,https://www.pioncorp.com/,https://www.pioncorp.com/,비스팟 ,AI기반 동영상 광고 자동 제작 및 광고 타겟팅 자동화 소프트웨어,{인공지능} 기술 기반의 {광고마케팅} ? {마케팅솔루션} 분야에서 {웹사이트} 형태로 {Online} ? {지원} 합니다
PionCorporation,https://www.pioncorp.com/,,,,
PiQuant,http://www.piquant.asia,http://www.piquant.asia/products,파이 스캐너 ,분광기술을 활용한 휴대용 멜라민 검출 장치,{사물인터넷/센서} 기술 기반의 {음식} ? {데이터분석} 분야에서 {하드웨어} 형태로 {Offline} ? {제조/공급} 합니다
PiQuant,http://www.piquant.asia,,,,
PISONCONTENTS,http://www.pison.kr,http://www.musicspray.net,뮤직스프레이 ,글로벌 음원직배급 온라인 서비스,{음악/영상스트리밍} 기술 기반의 {콘텐츠} ? {음악퍼블리싱} 분야에서 {웹사이트} 형태로 {Online} ? {유통} 합니다
PISONCONTENTS,http://www.pison.kr,,,,
PISQUARE,,https://play.google.com/store/apps/details?id=com.catchpl.app,캐치티비 ,TV 드라마속 상품정보 서비스,{검색} 기술 기반의 {쇼핑} ? {영화/드라마} 분야에서 {모바일앱} 형태로 {Online} ? {지원} 합니다
PISQUARE,,,,,
Pixelic,https://www.pixelic.io/,https://www.pixelic.io/,픽셀릭 ,엔지니어와 디자이너를 위한 협업 소프트웨어,{클라우드} 기술 기반의 {기업} ? {그룹웨어} 분야에서 {웹사이트} 형태로 {Online} ? {구독/멤버십} 합니다
Pixelscope,http://www.pxscope.com,http://www.pxscope.com,스포츠분석 및 훈련시스템 ,"카메라와 영상처리, 머신러닝을 통한 스포츠 분석 및 훈련시스템",{이미지/영상처리} 기술 기반의 {스포츠} ? {데이터분석} 분야에서 {하드웨어} 형태로 {Offline} ? {제조/공급} 합니다
Pixelscope,http://www.pxscope.com,,,,
PIZZLYSOFT,http://www.pizzly.com,,폴라 CTI ,AI기반 사이버 킬체인 대응 플랫폼,{인공지능} 기술 기반의 {보안} ? {보안인증} 분야에서 {소프트웨어} 형태로 {Online} ? {지원} 합니다
PIZZLYSOFT,http://www.pizzly.com,,,,
PJFactory,http://pjfactory.com/,http://pjfactory.com/,디테일 ,카메라 앱 및 SNS 서비스,{소셜네트워크} 기술 기반의 {콘텐츠} ? {사진} 분야에서 {모바일앱} 형태로 {Online} ? {지원} 합니다
PJFactory,http://pjfactory.com/,,,,
Place5,http://inc.place5.com/,https://itunes.apple.com/kr/app/id1392809044,김과외 ,과외 중개 플랫폼,{리얼타임 커뮤니케이션} 기술 기반의 {교육} ? {과외/레슨} 분야에서 {모바일앱} 형태로 {O2O} ? {중개} 합니다
Place5,http://inc.place5.com/,,,,
